ISO-10303-21;
HEADER;
FILE_DESCRIPTION(('FreeCAD Model'),'2;1');
FILE_NAME('Open CASCADE Shape Model','2026-09-20T16:29:47',(''),(''),
  'Open CASCADE STEP processor 7.8','FreeCAD','Unknown');
FILE_SCHEMA(('AUTOMOTIVE_DESIGN { 1 0 10303 214 1 1 1 1 }'));
ENDSEC;
DATA;
#1 = APPLICATION_PROTOCOL_DEFINITION('international standard',
  'automotive_design',2000,#2);
#2 = APPLICATION_CONTEXT(
  'core data for automotive mechanical design processes');
#3 = SHAPE_DEFINITION_REPRESENTATION(#4,#10);
#4 = PRODUCT_DEFINITION_SHAPE('','',#5);
#5 = PRODUCT_DEFINITION('design','',#6,#9);
#6 = PRODUCT_DEFINITION_FORMATION('','',#7);
#7 = PRODUCT('Lid Construction','Lid Construction','',(#8));
#8 = PRODUCT_CONTEXT('',#2,'mechanical');
#9 = PRODUCT_DEFINITION_CONTEXT('part definition',#2,'design');
#10 = ADVANCED_BREP_SHAPE_REPRESENTATION('',(#11,#15),#8370);
#11 = AXIS2_PLACEMENT_3D('',#12,#13,#14);
#12 = CARTESIAN_POINT('',(0.,0.,0.));
#13 = DIRECTION('',(0.,0.,1.));
#14 = DIRECTION('',(1.,0.,-0.));
#15 = MANIFOLD_SOLID_BREP('',#16);
#16 = CLOSED_SHELL('',(#17,#121,#202,#227,#251,#284,#308,#341,#365,#438,
    #462,#486,#510,#527,#615,#640,#664,#1351,#1432,#2126,#2158,#2175,
    #2192,#2680,#3374,#3392,#3409,#4096,#4120,#4137,#4154,#4171,#4188,
    #4200,#4217,#4229,#4254,#4279,#4301,#4318,#4335,#4347,#4369,#4386,
    #4403,#4415,#4437,#4454,#4471,#4483,#4505,#4522,#4539,#4551,#4573,
    #4590,#4607,#4619,#4641,#4658,#4675,#4687,#4709,#4726,#4743,#4755,
    #4777,#4794,#4811,#4823,#4845,#4862,#4879,#4891,#4913,#4930,#4947,
    #4959,#4981,#4998,#5015,#5027,#5049,#5066,#5083,#5095,#5117,#5134,
    #5151,#5163,#5185,#5202,#5219,#5231,#5253,#5270,#5287,#5299,#5321,
    #5338,#5355,#5367,#5389,#5406,#5423,#5435,#5457,#5474,#5491,#5503,
    #5750,#5775,#5800,#5818,#5849,#5873,#5897,#5921,#5945,#5969,#5993,
    #6017,#6041,#6065,#6089,#6106,#6123,#6145,#6162,#6179,#6191,#6213,
    #6230,#6247,#6259,#6276,#6298,#6315,#6332,#6344,#6375,#6399,#6423,
    #6447,#6471,#6495,#6519,#6543,#6567,#6591,#6608,#6625,#6642,#6673,
    #6697,#6721,#6738,#6760,#6777,#6794,#6806,#6828,#6845,#6862,#6874,
    #6899,#6924,#6949,#6971,#6988,#7005,#7017,#7039,#7056,#7073,#7085,
    #7107,#7124,#7141,#7153,#7175,#7192,#7209,#7221,#7243,#7260,#7277,
    #7289,#7311,#7328,#7345,#7357,#7379,#7396,#7413,#7425,#7447,#7464,
    #7481,#7493,#7515,#7532,#7549,#7561,#7583,#7600,#7617,#7629,#7651,
    #7668,#7685,#7697,#7719,#7736,#7753,#7765,#7787,#7804,#7821,#7833,
    #7855,#7872,#7889,#7901,#7923,#7940,#7957,#7969,#7991,#8008,#8025,
    #8037,#8059,#8076,#8093,#8105,#8127,#8144,#8161,#8173,#8184,#8209,
    #8234,#8246,#8258,#8283,#8303,#8322,#8334,#8346,#8358));
#17 = ADVANCED_FACE('',(#18),#116,.T.);
#18 = FACE_BOUND('',#19,.T.);
#19 = EDGE_LOOP('',(#20,#30,#38,#46,#54,#62,#70,#78,#86,#94,#102,#110));
#20 = ORIENTED_EDGE('',*,*,#21,.T.);
#21 = EDGE_CURVE('',#22,#24,#26,.T.);
#22 = VERTEX_POINT('',#23);
#23 = CARTESIAN_POINT('',(67.5,-113.62,3.));
#24 = VERTEX_POINT('',#25);
#25 = CARTESIAN_POINT('',(67.5,-124.62,3.));
#26 = LINE('',#27,#28);
#27 = CARTESIAN_POINT('',(67.5,-66.62,3.));
#28 = VECTOR('',#29,1.);
#29 = DIRECTION('',(0.,-1.,0.));
#30 = ORIENTED_EDGE('',*,*,#31,.F.);
#31 = EDGE_CURVE('',#32,#24,#34,.T.);
#32 = VERTEX_POINT('',#33);
#33 = CARTESIAN_POINT('',(67.5,-124.62,35.));
#34 = LINE('',#35,#36);
#35 = CARTESIAN_POINT('',(67.5,-124.62,37.));
#36 = VECTOR('',#37,1.);
#37 = DIRECTION('',(-0.,-0.,-1.));
#38 = ORIENTED_EDGE('',*,*,#39,.F.);
#39 = EDGE_CURVE('',#40,#32,#42,.T.);
#40 = VERTEX_POINT('',#41);
#41 = CARTESIAN_POINT('',(67.5,-68.62,35.));
#42 = LINE('',#43,#44);
#43 = CARTESIAN_POINT('',(67.5,-66.62,35.));
#44 = VECTOR('',#45,1.);
#45 = DIRECTION('',(0.,-1.,0.));
#46 = ORIENTED_EDGE('',*,*,#47,.T.);
#47 = EDGE_CURVE('',#40,#48,#50,.T.);
#48 = VERTEX_POINT('',#49);
#49 = CARTESIAN_POINT('',(67.5,-68.62,3.));
#50 = LINE('',#51,#52);
#51 = CARTESIAN_POINT('',(67.5,-68.62,37.));
#52 = VECTOR('',#53,1.);
#53 = DIRECTION('',(-0.,-0.,-1.));
#54 = ORIENTED_EDGE('',*,*,#55,.T.);
#55 = EDGE_CURVE('',#48,#56,#58,.T.);
#56 = VERTEX_POINT('',#57);
#57 = CARTESIAN_POINT('',(67.5,-78.63925749569,3.));
#58 = LINE('',#59,#60);
#59 = CARTESIAN_POINT('',(67.5,-66.62,3.));
#60 = VECTOR('',#61,1.);
#61 = DIRECTION('',(0.,-1.,0.));
#62 = ORIENTED_EDGE('',*,*,#63,.F.);
#63 = EDGE_CURVE('',#64,#56,#66,.T.);
#64 = VERTEX_POINT('',#65);
#65 = CARTESIAN_POINT('',(67.5,-78.63925749569,23.));
#66 = LINE('',#67,#68);
#67 = CARTESIAN_POINT('',(67.5,-78.63925749569,23.));
#68 = VECTOR('',#69,1.);
#69 = DIRECTION('',(0.,0.,-1.));
#70 = ORIENTED_EDGE('',*,*,#71,.T.);
#71 = EDGE_CURVE('',#64,#72,#74,.T.);
#72 = VERTEX_POINT('',#73);
#73 = CARTESIAN_POINT('',(67.5,-90.63925749569,23.));
#74 = LINE('',#75,#76);
#75 = CARTESIAN_POINT('',(67.5,-78.63925749569,23.));
#76 = VECTOR('',#77,1.);
#77 = DIRECTION('',(0.,-1.,0.));
#78 = ORIENTED_EDGE('',*,*,#79,.F.);
#79 = EDGE_CURVE('',#80,#72,#82,.T.);
#80 = VERTEX_POINT('',#81);
#81 = CARTESIAN_POINT('',(67.5,-90.63925749569,3.));
#82 = LINE('',#83,#84);
#83 = CARTESIAN_POINT('',(67.5,-90.63925749569,3.));
#84 = VECTOR('',#85,1.);
#85 = DIRECTION('',(0.,0.,1.));
#86 = ORIENTED_EDGE('',*,*,#87,.T.);
#87 = EDGE_CURVE('',#80,#88,#90,.T.);
#88 = VERTEX_POINT('',#89);
#89 = CARTESIAN_POINT('',(67.5,-101.62,3.));
#90 = LINE('',#91,#92);
#91 = CARTESIAN_POINT('',(67.5,-66.62,3.));
#92 = VECTOR('',#93,1.);
#93 = DIRECTION('',(0.,-1.,0.));
#94 = ORIENTED_EDGE('',*,*,#95,.F.);
#95 = EDGE_CURVE('',#96,#88,#98,.T.);
#96 = VERTEX_POINT('',#97);
#97 = CARTESIAN_POINT('',(67.5,-101.62,23.));
#98 = LINE('',#99,#100);
#99 = CARTESIAN_POINT('',(67.5,-101.62,23.));
#100 = VECTOR('',#101,1.);
#101 = DIRECTION('',(0.,0.,-1.));
#102 = ORIENTED_EDGE('',*,*,#103,.T.);
#103 = EDGE_CURVE('',#96,#104,#106,.T.);
#104 = VERTEX_POINT('',#105);
#105 = CARTESIAN_POINT('',(67.5,-113.62,23.));
#106 = LINE('',#107,#108);
#107 = CARTESIAN_POINT('',(67.5,-101.62,23.));
#108 = VECTOR('',#109,1.);
#109 = DIRECTION('',(0.,-1.,0.));
#110 = ORIENTED_EDGE('',*,*,#111,.F.);
#111 = EDGE_CURVE('',#22,#104,#112,.T.);
#112 = LINE('',#113,#114);
#113 = CARTESIAN_POINT('',(67.5,-113.62,3.));
#114 = VECTOR('',#115,1.);
#115 = DIRECTION('',(0.,0.,1.));
#116 = PLANE('',#117);
#117 = AXIS2_PLACEMENT_3D('',#118,#119,#120);
#118 = CARTESIAN_POINT('',(67.5,-66.62,37.));
#119 = DIRECTION('',(-1.,0.,0.));
#120 = DIRECTION('',(0.,-1.,0.));
#121 = ADVANCED_FACE('',(#122),#197,.F.);
#122 = FACE_BOUND('',#123,.F.);
#123 = EDGE_LOOP('',(#124,#134,#142,#150,#158,#166,#172,#173,#182,#190)
  );
#124 = ORIENTED_EDGE('',*,*,#125,.T.);
#125 = EDGE_CURVE('',#126,#128,#130,.T.);
#126 = VERTEX_POINT('',#127);
#127 = CARTESIAN_POINT('',(247.5,-124.62,3.));
#128 = VERTEX_POINT('',#129);
#129 = CARTESIAN_POINT('',(247.5,-117.12,3.));
#130 = LINE('',#131,#132);
#131 = CARTESIAN_POINT('',(247.5,-126.62,3.));
#132 = VECTOR('',#133,1.);
#133 = DIRECTION('',(0.,1.,0.));
#134 = ORIENTED_EDGE('',*,*,#135,.T.);
#135 = EDGE_CURVE('',#128,#136,#138,.T.);
#136 = VERTEX_POINT('',#137);
#137 = CARTESIAN_POINT('',(244.75,-117.12,3.));
#138 = LINE('',#139,#140);
#139 = CARTESIAN_POINT('',(247.5,-117.12,3.));
#140 = VECTOR('',#141,1.);
#141 = DIRECTION('',(-1.,-0.,-0.));
#142 = ORIENTED_EDGE('',*,*,#143,.T.);
#143 = EDGE_CURVE('',#136,#144,#146,.T.);
#144 = VERTEX_POINT('',#145);
#145 = CARTESIAN_POINT('',(244.75,-123.87,3.));
#146 = LINE('',#147,#148);
#147 = CARTESIAN_POINT('',(244.75,-69.37,3.));
#148 = VECTOR('',#149,1.);
#149 = DIRECTION('',(0.,-1.,0.));
#150 = ORIENTED_EDGE('',*,*,#151,.T.);
#151 = EDGE_CURVE('',#144,#152,#154,.T.);
#152 = VERTEX_POINT('',#153);
#153 = CARTESIAN_POINT('',(70.25,-123.87,3.));
#154 = LINE('',#155,#156);
#155 = CARTESIAN_POINT('',(244.75,-123.87,3.));
#156 = VECTOR('',#157,1.);
#157 = DIRECTION('',(-1.,0.,0.));
#158 = ORIENTED_EDGE('',*,*,#159,.T.);
#159 = EDGE_CURVE('',#152,#160,#162,.T.);
#160 = VERTEX_POINT('',#161);
#161 = CARTESIAN_POINT('',(70.25,-113.62,3.));
#162 = LINE('',#163,#164);
#163 = CARTESIAN_POINT('',(70.25,-123.87,3.));
#164 = VECTOR('',#165,1.);
#165 = DIRECTION('',(0.,1.,0.));
#166 = ORIENTED_EDGE('',*,*,#167,.F.);
#167 = EDGE_CURVE('',#22,#160,#168,.T.);
#168 = LINE('',#169,#170);
#169 = CARTESIAN_POINT('',(67.5,-113.62,3.));
#170 = VECTOR('',#171,1.);
#171 = DIRECTION('',(1.,0.,0.));
#172 = ORIENTED_EDGE('',*,*,#21,.T.);
#173 = ORIENTED_EDGE('',*,*,#174,.T.);
#174 = EDGE_CURVE('',#24,#175,#177,.T.);
#175 = VERTEX_POINT('',#176);
#176 = CARTESIAN_POINT('',(69.5,-126.62,3.));
#177 = CIRCLE('',#178,2.);
#178 = AXIS2_PLACEMENT_3D('',#179,#180,#181);
#179 = CARTESIAN_POINT('',(69.5,-124.62,3.));
#180 = DIRECTION('',(0.,-0.,1.));
#181 = DIRECTION('',(0.,1.,0.));
#182 = ORIENTED_EDGE('',*,*,#183,.T.);
#183 = EDGE_CURVE('',#175,#184,#186,.T.);
#184 = VERTEX_POINT('',#185);
#185 = CARTESIAN_POINT('',(245.5,-126.62,3.));
#186 = LINE('',#187,#188);
#187 = CARTESIAN_POINT('',(67.5,-126.62,3.));
#188 = VECTOR('',#189,1.);
#189 = DIRECTION('',(1.,0.,0.));
#190 = ORIENTED_EDGE('',*,*,#191,.T.);
#191 = EDGE_CURVE('',#184,#126,#192,.T.);
#192 = CIRCLE('',#193,2.);
#193 = AXIS2_PLACEMENT_3D('',#194,#195,#196);
#194 = CARTESIAN_POINT('',(245.5,-124.62,3.));
#195 = DIRECTION('',(0.,-0.,1.));
#196 = DIRECTION('',(0.,1.,0.));
#197 = PLANE('',#198);
#198 = AXIS2_PLACEMENT_3D('',#199,#200,#201);
#199 = CARTESIAN_POINT('',(157.5,-96.62,3.));
#200 = DIRECTION('',(0.,0.,1.));
#201 = DIRECTION('',(1.,0.,0.));
#202 = ADVANCED_FACE('',(#203),#222,.T.);
#203 = FACE_BOUND('',#204,.F.);
#204 = EDGE_LOOP('',(#205,#214,#220,#221));
#205 = ORIENTED_EDGE('',*,*,#206,.F.);
#206 = EDGE_CURVE('',#207,#32,#209,.T.);
#207 = VERTEX_POINT('',#208);
#208 = CARTESIAN_POINT('',(69.5,-126.62,35.));
#209 = CIRCLE('',#210,2.);
#210 = AXIS2_PLACEMENT_3D('',#211,#212,#213);
#211 = CARTESIAN_POINT('',(69.5,-124.62,35.));
#212 = DIRECTION('',(-6.123233995737E-17,0.,-1.));
#213 = DIRECTION('',(-1.,0.,6.123233995737E-17));
#214 = ORIENTED_EDGE('',*,*,#215,.T.);
#215 = EDGE_CURVE('',#207,#175,#216,.T.);
#216 = LINE('',#217,#218);
#217 = CARTESIAN_POINT('',(69.5,-126.62,37.));
#218 = VECTOR('',#219,1.);
#219 = DIRECTION('',(-0.,-0.,-1.));
#220 = ORIENTED_EDGE('',*,*,#174,.F.);
#221 = ORIENTED_EDGE('',*,*,#31,.F.);
#222 = CYLINDRICAL_SURFACE('',#223,2.);
#223 = AXIS2_PLACEMENT_3D('',#224,#225,#226);
#224 = CARTESIAN_POINT('',(69.5,-124.62,37.));
#225 = DIRECTION('',(-0.,-0.,-1.));
#226 = DIRECTION('',(-1.,0.,0.));
#227 = ADVANCED_FACE('',(#228),#246,.F.);
#228 = FACE_BOUND('',#229,.F.);
#229 = EDGE_LOOP('',(#230,#231,#232,#240));
#230 = ORIENTED_EDGE('',*,*,#111,.F.);
#231 = ORIENTED_EDGE('',*,*,#167,.T.);
#232 = ORIENTED_EDGE('',*,*,#233,.T.);
#233 = EDGE_CURVE('',#160,#234,#236,.T.);
#234 = VERTEX_POINT('',#235);
#235 = CARTESIAN_POINT('',(70.25,-113.62,23.));
#236 = LINE('',#237,#238);
#237 = CARTESIAN_POINT('',(70.25,-113.62,3.));
#238 = VECTOR('',#239,1.);
#239 = DIRECTION('',(0.,0.,1.));
#240 = ORIENTED_EDGE('',*,*,#241,.F.);
#241 = EDGE_CURVE('',#104,#234,#242,.T.);
#242 = LINE('',#243,#244);
#243 = CARTESIAN_POINT('',(67.5,-113.62,23.));
#244 = VECTOR('',#245,1.);
#245 = DIRECTION('',(1.,0.,0.));
#246 = PLANE('',#247);
#247 = AXIS2_PLACEMENT_3D('',#248,#249,#250);
#248 = CARTESIAN_POINT('',(67.5,-113.62,3.));
#249 = DIRECTION('',(0.,-1.,0.));
#250 = DIRECTION('',(0.,0.,1.));
#251 = ADVANCED_FACE('',(#252),#279,.T.);
#252 = FACE_BOUND('',#253,.F.);
#253 = EDGE_LOOP('',(#254,#255,#264,#272));
#254 = ORIENTED_EDGE('',*,*,#39,.F.);
#255 = ORIENTED_EDGE('',*,*,#256,.F.);
#256 = EDGE_CURVE('',#257,#40,#259,.T.);
#257 = VERTEX_POINT('',#258);
#258 = CARTESIAN_POINT('',(69.5,-68.62,37.));
#259 = CIRCLE('',#260,2.);
#260 = AXIS2_PLACEMENT_3D('',#261,#262,#263);
#261 = CARTESIAN_POINT('',(69.5,-68.62,35.));
#262 = DIRECTION('',(0.,-1.,0.));
#263 = DIRECTION('',(0.,0.,1.));
#264 = ORIENTED_EDGE('',*,*,#265,.T.);
#265 = EDGE_CURVE('',#257,#266,#268,.T.);
#266 = VERTEX_POINT('',#267);
#267 = CARTESIAN_POINT('',(69.5,-124.62,37.));
#268 = LINE('',#269,#270);
#269 = CARTESIAN_POINT('',(69.5,-66.62,37.));
#270 = VECTOR('',#271,1.);
#271 = DIRECTION('',(0.,-1.,0.));
#272 = ORIENTED_EDGE('',*,*,#273,.T.);
#273 = EDGE_CURVE('',#266,#32,#274,.T.);
#274 = CIRCLE('',#275,2.);
#275 = AXIS2_PLACEMENT_3D('',#276,#277,#278);
#276 = CARTESIAN_POINT('',(69.5,-124.62,35.));
#277 = DIRECTION('',(0.,-1.,0.));
#278 = DIRECTION('',(0.,0.,1.));
#279 = CYLINDRICAL_SURFACE('',#280,2.);
#280 = AXIS2_PLACEMENT_3D('',#281,#282,#283);
#281 = CARTESIAN_POINT('',(69.5,-66.62,35.));
#282 = DIRECTION('',(0.,-1.,0.));
#283 = DIRECTION('',(-1.,0.,0.));
#284 = ADVANCED_FACE('',(#285),#303,.T.);
#285 = FACE_BOUND('',#286,.T.);
#286 = EDGE_LOOP('',(#287,#288,#296,#302));
#287 = ORIENTED_EDGE('',*,*,#103,.F.);
#288 = ORIENTED_EDGE('',*,*,#289,.T.);
#289 = EDGE_CURVE('',#96,#290,#292,.T.);
#290 = VERTEX_POINT('',#291);
#291 = CARTESIAN_POINT('',(70.25,-101.62,23.));
#292 = LINE('',#293,#294);
#293 = CARTESIAN_POINT('',(67.5,-101.62,23.));
#294 = VECTOR('',#295,1.);
#295 = DIRECTION('',(1.,0.,0.));
#296 = ORIENTED_EDGE('',*,*,#297,.T.);
#297 = EDGE_CURVE('',#290,#234,#298,.T.);
#298 = LINE('',#299,#300);
#299 = CARTESIAN_POINT('',(70.25,-112.745,23.));
#300 = VECTOR('',#301,1.);
#301 = DIRECTION('',(-0.,-1.,-0.));
#302 = ORIENTED_EDGE('',*,*,#241,.F.);
#303 = PLANE('',#304);
#304 = AXIS2_PLACEMENT_3D('',#305,#306,#307);
#305 = CARTESIAN_POINT('',(67.5,-101.62,23.));
#306 = DIRECTION('',(0.,0.,-1.));
#307 = DIRECTION('',(0.,-1.,0.));
#308 = ADVANCED_FACE('',(#309),#336,.T.);
#309 = FACE_BOUND('',#310,.T.);
#310 = EDGE_LOOP('',(#311,#320,#328,#335));
#311 = ORIENTED_EDGE('',*,*,#312,.F.);
#312 = EDGE_CURVE('',#313,#40,#315,.T.);
#313 = VERTEX_POINT('',#314);
#314 = CARTESIAN_POINT('',(69.5,-66.62,35.));
#315 = CIRCLE('',#316,2.);
#316 = AXIS2_PLACEMENT_3D('',#317,#318,#319);
#317 = CARTESIAN_POINT('',(69.5,-68.62,35.));
#318 = DIRECTION('',(6.123233995737E-17,0.,1.));
#319 = DIRECTION('',(-1.,0.,6.123233995737E-17));
#320 = ORIENTED_EDGE('',*,*,#321,.T.);
#321 = EDGE_CURVE('',#313,#322,#324,.T.);
#322 = VERTEX_POINT('',#323);
#323 = CARTESIAN_POINT('',(69.5,-66.62,3.));
#324 = LINE('',#325,#326);
#325 = CARTESIAN_POINT('',(69.5,-66.62,37.));
#326 = VECTOR('',#327,1.);
#327 = DIRECTION('',(-0.,-0.,-1.));
#328 = ORIENTED_EDGE('',*,*,#329,.F.);
#329 = EDGE_CURVE('',#48,#322,#330,.T.);
#330 = CIRCLE('',#331,2.);
#331 = AXIS2_PLACEMENT_3D('',#332,#333,#334);
#332 = CARTESIAN_POINT('',(69.5,-68.62,3.));
#333 = DIRECTION('',(0.,0.,-1.));
#334 = DIRECTION('',(0.,1.,0.));
#335 = ORIENTED_EDGE('',*,*,#47,.F.);
#336 = CYLINDRICAL_SURFACE('',#337,2.);
#337 = AXIS2_PLACEMENT_3D('',#338,#339,#340);
#338 = CARTESIAN_POINT('',(69.5,-68.62,37.));
#339 = DIRECTION('',(-0.,-0.,-1.));
#340 = DIRECTION('',(-1.,0.,0.));
#341 = ADVANCED_FACE('',(#342),#360,.F.);
#342 = FACE_BOUND('',#343,.F.);
#343 = EDGE_LOOP('',(#344,#345,#346,#354));
#344 = ORIENTED_EDGE('',*,*,#95,.F.);
#345 = ORIENTED_EDGE('',*,*,#289,.T.);
#346 = ORIENTED_EDGE('',*,*,#347,.T.);
#347 = EDGE_CURVE('',#290,#348,#350,.T.);
#348 = VERTEX_POINT('',#349);
#349 = CARTESIAN_POINT('',(70.25,-101.62,3.));
#350 = LINE('',#351,#352);
#351 = CARTESIAN_POINT('',(70.25,-101.62,13.));
#352 = VECTOR('',#353,1.);
#353 = DIRECTION('',(0.,0.,-1.));
#354 = ORIENTED_EDGE('',*,*,#355,.F.);
#355 = EDGE_CURVE('',#88,#348,#356,.T.);
#356 = LINE('',#357,#358);
#357 = CARTESIAN_POINT('',(67.5,-101.62,3.));
#358 = VECTOR('',#359,1.);
#359 = DIRECTION('',(1.,0.,0.));
#360 = PLANE('',#361);
#361 = AXIS2_PLACEMENT_3D('',#362,#363,#364);
#362 = CARTESIAN_POINT('',(67.5,-101.62,23.));
#363 = DIRECTION('',(0.,1.,0.));
#364 = DIRECTION('',(0.,0.,-1.));
#365 = ADVANCED_FACE('',(#366),#433,.F.);
#366 = FACE_BOUND('',#367,.F.);
#367 = EDGE_LOOP('',(#368,#378,#387,#393,#394,#395,#403,#411,#419,#427)
  );
#368 = ORIENTED_EDGE('',*,*,#369,.T.);
#369 = EDGE_CURVE('',#370,#372,#374,.T.);
#370 = VERTEX_POINT('',#371);
#371 = CARTESIAN_POINT('',(247.5,-75.62,3.));
#372 = VERTEX_POINT('',#373);
#373 = CARTESIAN_POINT('',(247.5,-68.62,3.));
#374 = LINE('',#375,#376);
#375 = CARTESIAN_POINT('',(247.5,-126.62,3.));
#376 = VECTOR('',#377,1.);
#377 = DIRECTION('',(0.,1.,0.));
#378 = ORIENTED_EDGE('',*,*,#379,.F.);
#379 = EDGE_CURVE('',#380,#372,#382,.T.);
#380 = VERTEX_POINT('',#381);
#381 = CARTESIAN_POINT('',(245.5,-66.62,3.));
#382 = CIRCLE('',#383,2.);
#383 = AXIS2_PLACEMENT_3D('',#384,#385,#386);
#384 = CARTESIAN_POINT('',(245.5,-68.62,3.));
#385 = DIRECTION('',(0.,0.,-1.));
#386 = DIRECTION('',(0.,1.,0.));
#387 = ORIENTED_EDGE('',*,*,#388,.T.);
#388 = EDGE_CURVE('',#380,#322,#389,.T.);
#389 = LINE('',#390,#391);
#390 = CARTESIAN_POINT('',(247.5,-66.62,3.));
#391 = VECTOR('',#392,1.);
#392 = DIRECTION('',(-1.,0.,0.));
#393 = ORIENTED_EDGE('',*,*,#329,.F.);
#394 = ORIENTED_EDGE('',*,*,#55,.T.);
#395 = ORIENTED_EDGE('',*,*,#396,.T.);
#396 = EDGE_CURVE('',#56,#397,#399,.T.);
#397 = VERTEX_POINT('',#398);
#398 = CARTESIAN_POINT('',(70.25,-78.63925749569,3.));
#399 = LINE('',#400,#401);
#400 = CARTESIAN_POINT('',(67.5,-78.63925749569,3.));
#401 = VECTOR('',#402,1.);
#402 = DIRECTION('',(1.,0.,0.));
#403 = ORIENTED_EDGE('',*,*,#404,.T.);
#404 = EDGE_CURVE('',#397,#405,#407,.T.);
#405 = VERTEX_POINT('',#406);
#406 = CARTESIAN_POINT('',(70.25,-69.37,3.));
#407 = LINE('',#408,#409);
#408 = CARTESIAN_POINT('',(70.25,-123.87,3.));
#409 = VECTOR('',#410,1.);
#410 = DIRECTION('',(0.,1.,0.));
#411 = ORIENTED_EDGE('',*,*,#412,.T.);
#412 = EDGE_CURVE('',#405,#413,#415,.T.);
#413 = VERTEX_POINT('',#414);
#414 = CARTESIAN_POINT('',(244.75,-69.37,3.));
#415 = LINE('',#416,#417);
#416 = CARTESIAN_POINT('',(70.25,-69.37,3.));
#417 = VECTOR('',#418,1.);
#418 = DIRECTION('',(1.,0.,0.));
#419 = ORIENTED_EDGE('',*,*,#420,.T.);
#420 = EDGE_CURVE('',#413,#421,#423,.T.);
#421 = VERTEX_POINT('',#422);
#422 = CARTESIAN_POINT('',(244.75,-75.62,3.));
#423 = LINE('',#424,#425);
#424 = CARTESIAN_POINT('',(244.75,-69.37,3.));
#425 = VECTOR('',#426,1.);
#426 = DIRECTION('',(0.,-1.,0.));
#427 = ORIENTED_EDGE('',*,*,#428,.F.);
#428 = EDGE_CURVE('',#370,#421,#429,.T.);
#429 = LINE('',#430,#431);
#430 = CARTESIAN_POINT('',(247.5,-75.62,3.));
#431 = VECTOR('',#432,1.);
#432 = DIRECTION('',(-1.,-0.,-0.));
#433 = PLANE('',#434);
#434 = AXIS2_PLACEMENT_3D('',#435,#436,#437);
#435 = CARTESIAN_POINT('',(157.5,-96.62,3.));
#436 = DIRECTION('',(0.,0.,1.));
#437 = DIRECTION('',(1.,0.,0.));
#438 = ADVANCED_FACE('',(#439),#457,.F.);
#439 = FACE_BOUND('',#440,.F.);
#440 = EDGE_LOOP('',(#441,#449,#450,#451));
#441 = ORIENTED_EDGE('',*,*,#442,.F.);
#442 = EDGE_CURVE('',#80,#443,#445,.T.);
#443 = VERTEX_POINT('',#444);
#444 = CARTESIAN_POINT('',(70.25,-90.63925749569,3.));
#445 = LINE('',#446,#447);
#446 = CARTESIAN_POINT('',(67.5,-90.63925749569,3.));
#447 = VECTOR('',#448,1.);
#448 = DIRECTION('',(1.,0.,0.));
#449 = ORIENTED_EDGE('',*,*,#87,.T.);
#450 = ORIENTED_EDGE('',*,*,#355,.T.);
#451 = ORIENTED_EDGE('',*,*,#452,.T.);
#452 = EDGE_CURVE('',#348,#443,#453,.T.);
#453 = LINE('',#454,#455);
#454 = CARTESIAN_POINT('',(70.25,-123.87,3.));
#455 = VECTOR('',#456,1.);
#456 = DIRECTION('',(0.,1.,0.));
#457 = PLANE('',#458);
#458 = AXIS2_PLACEMENT_3D('',#459,#460,#461);
#459 = CARTESIAN_POINT('',(157.5,-96.62,3.));
#460 = DIRECTION('',(0.,0.,1.));
#461 = DIRECTION('',(1.,0.,0.));
#462 = ADVANCED_FACE('',(#463),#481,.F.);
#463 = FACE_BOUND('',#464,.F.);
#464 = EDGE_LOOP('',(#465,#466,#474,#480));
#465 = ORIENTED_EDGE('',*,*,#63,.F.);
#466 = ORIENTED_EDGE('',*,*,#467,.T.);
#467 = EDGE_CURVE('',#64,#468,#470,.T.);
#468 = VERTEX_POINT('',#469);
#469 = CARTESIAN_POINT('',(70.25,-78.63925749569,23.));
#470 = LINE('',#471,#472);
#471 = CARTESIAN_POINT('',(67.5,-78.63925749569,23.));
#472 = VECTOR('',#473,1.);
#473 = DIRECTION('',(1.,0.,0.));
#474 = ORIENTED_EDGE('',*,*,#475,.T.);
#475 = EDGE_CURVE('',#468,#397,#476,.T.);
#476 = LINE('',#477,#478);
#477 = CARTESIAN_POINT('',(70.25,-78.63925749569,13.));
#478 = VECTOR('',#479,1.);
#479 = DIRECTION('',(0.,0.,-1.));
#480 = ORIENTED_EDGE('',*,*,#396,.F.);
#481 = PLANE('',#482);
#482 = AXIS2_PLACEMENT_3D('',#483,#484,#485);
#483 = CARTESIAN_POINT('',(67.5,-78.63925749569,23.));
#484 = DIRECTION('',(0.,1.,0.));
#485 = DIRECTION('',(0.,0.,-1.));
#486 = ADVANCED_FACE('',(#487),#505,.F.);
#487 = FACE_BOUND('',#488,.F.);
#488 = EDGE_LOOP('',(#489,#490,#491,#499));
#489 = ORIENTED_EDGE('',*,*,#79,.F.);
#490 = ORIENTED_EDGE('',*,*,#442,.T.);
#491 = ORIENTED_EDGE('',*,*,#492,.T.);
#492 = EDGE_CURVE('',#443,#493,#495,.T.);
#493 = VERTEX_POINT('',#494);
#494 = CARTESIAN_POINT('',(70.25,-90.63925749569,23.));
#495 = LINE('',#496,#497);
#496 = CARTESIAN_POINT('',(70.25,-90.63925749569,3.));
#497 = VECTOR('',#498,1.);
#498 = DIRECTION('',(0.,0.,1.));
#499 = ORIENTED_EDGE('',*,*,#500,.F.);
#500 = EDGE_CURVE('',#72,#493,#501,.T.);
#501 = LINE('',#502,#503);
#502 = CARTESIAN_POINT('',(67.5,-90.63925749569,23.));
#503 = VECTOR('',#504,1.);
#504 = DIRECTION('',(1.,0.,0.));
#505 = PLANE('',#506);
#506 = AXIS2_PLACEMENT_3D('',#507,#508,#509);
#507 = CARTESIAN_POINT('',(67.5,-90.63925749569,3.));
#508 = DIRECTION('',(0.,-1.,0.));
#509 = DIRECTION('',(0.,0.,1.));
#510 = ADVANCED_FACE('',(#511),#522,.T.);
#511 = FACE_BOUND('',#512,.T.);
#512 = EDGE_LOOP('',(#513,#514,#515,#521));
#513 = ORIENTED_EDGE('',*,*,#71,.F.);
#514 = ORIENTED_EDGE('',*,*,#467,.T.);
#515 = ORIENTED_EDGE('',*,*,#516,.T.);
#516 = EDGE_CURVE('',#468,#493,#517,.T.);
#517 = LINE('',#518,#519);
#518 = CARTESIAN_POINT('',(70.25,-101.2546287478,23.));
#519 = VECTOR('',#520,1.);
#520 = DIRECTION('',(-0.,-1.,-0.));
#521 = ORIENTED_EDGE('',*,*,#500,.F.);
#522 = PLANE('',#523);
#523 = AXIS2_PLACEMENT_3D('',#524,#525,#526);
#524 = CARTESIAN_POINT('',(67.5,-78.63925749569,23.));
#525 = DIRECTION('',(0.,0.,-1.));
#526 = DIRECTION('',(0.,-1.,0.));
#527 = ADVANCED_FACE('',(#528),#610,.T.);
#528 = FACE_BOUND('',#529,.T.);
#529 = EDGE_LOOP('',(#530,#531,#539,#547,#553,#554,#562,#571,#579,#587,
    #595,#604));
#530 = ORIENTED_EDGE('',*,*,#369,.T.);
#531 = ORIENTED_EDGE('',*,*,#532,.F.);
#532 = EDGE_CURVE('',#533,#372,#535,.T.);
#533 = VERTEX_POINT('',#534);
#534 = CARTESIAN_POINT('',(247.5,-68.62,35.));
#535 = LINE('',#536,#537);
#536 = CARTESIAN_POINT('',(247.5,-68.62,37.));
#537 = VECTOR('',#538,1.);
#538 = DIRECTION('',(-0.,-0.,-1.));
#539 = ORIENTED_EDGE('',*,*,#540,.F.);
#540 = EDGE_CURVE('',#541,#533,#543,.T.);
#541 = VERTEX_POINT('',#542);
#542 = CARTESIAN_POINT('',(247.5,-124.62,35.));
#543 = LINE('',#544,#545);
#544 = CARTESIAN_POINT('',(247.5,-126.62,35.));
#545 = VECTOR('',#546,1.);
#546 = DIRECTION('',(0.,1.,0.));
#547 = ORIENTED_EDGE('',*,*,#548,.T.);
#548 = EDGE_CURVE('',#541,#126,#549,.T.);
#549 = LINE('',#550,#551);
#550 = CARTESIAN_POINT('',(247.5,-124.62,37.));
#551 = VECTOR('',#552,1.);
#552 = DIRECTION('',(-0.,-0.,-1.));
#553 = ORIENTED_EDGE('',*,*,#125,.T.);
#554 = ORIENTED_EDGE('',*,*,#555,.F.);
#555 = EDGE_CURVE('',#556,#128,#558,.T.);
#556 = VERTEX_POINT('',#557);
#557 = CARTESIAN_POINT('',(247.5,-117.12,18.));
#558 = LINE('',#559,#560);
#559 = CARTESIAN_POINT('',(247.5,-117.12,18.));
#560 = VECTOR('',#561,1.);
#561 = DIRECTION('',(0.,0.,-1.));
#562 = ORIENTED_EDGE('',*,*,#563,.F.);
#563 = EDGE_CURVE('',#564,#556,#566,.T.);
#564 = VERTEX_POINT('',#565);
#565 = CARTESIAN_POINT('',(247.5,-104.12,18.));
#566 = CIRCLE('',#567,6.5);
#567 = AXIS2_PLACEMENT_3D('',#568,#569,#570);
#568 = CARTESIAN_POINT('',(247.5,-110.62,17.999999412767));
#569 = DIRECTION('',(1.,0.,0.));
#570 = DIRECTION('',(0.,1.,0.));
#571 = ORIENTED_EDGE('',*,*,#572,.F.);
#572 = EDGE_CURVE('',#573,#564,#575,.T.);
#573 = VERTEX_POINT('',#574);
#574 = CARTESIAN_POINT('',(247.5,-104.12,3.));
#575 = LINE('',#576,#577);
#576 = CARTESIAN_POINT('',(247.5,-104.12,3.));
#577 = VECTOR('',#578,1.);
#578 = DIRECTION('',(0.,0.,1.));
#579 = ORIENTED_EDGE('',*,*,#580,.T.);
#580 = EDGE_CURVE('',#573,#581,#583,.T.);
#581 = VERTEX_POINT('',#582);
#582 = CARTESIAN_POINT('',(247.5,-95.61999999999,3.));
#583 = LINE('',#584,#585);
#584 = CARTESIAN_POINT('',(247.5,-126.62,3.));
#585 = VECTOR('',#586,1.);
#586 = DIRECTION('',(0.,1.,0.));
#587 = ORIENTED_EDGE('',*,*,#588,.F.);
#588 = EDGE_CURVE('',#589,#581,#591,.T.);
#589 = VERTEX_POINT('',#590);
#590 = CARTESIAN_POINT('',(247.5,-95.61999999999,18.));
#591 = LINE('',#592,#593);
#592 = CARTESIAN_POINT('',(247.5,-95.61999999999,18.));
#593 = VECTOR('',#594,1.);
#594 = DIRECTION('',(0.,0.,-1.));
#595 = ORIENTED_EDGE('',*,*,#596,.F.);
#596 = EDGE_CURVE('',#597,#589,#599,.T.);
#597 = VERTEX_POINT('',#598);
#598 = CARTESIAN_POINT('',(247.5,-75.62,18.));
#599 = CIRCLE('',#600,10.);
#600 = AXIS2_PLACEMENT_3D('',#601,#602,#603);
#601 = CARTESIAN_POINT('',(247.5,-85.62,18.000004508024));
#602 = DIRECTION('',(1.,0.,0.));
#603 = DIRECTION('',(0.,1.,0.));
#604 = ORIENTED_EDGE('',*,*,#605,.F.);
#605 = EDGE_CURVE('',#370,#597,#606,.T.);
#606 = LINE('',#607,#608);
#607 = CARTESIAN_POINT('',(247.5,-75.62,3.));
#608 = VECTOR('',#609,1.);
#609 = DIRECTION('',(0.,0.,1.));
#610 = PLANE('',#611);
#611 = AXIS2_PLACEMENT_3D('',#612,#613,#614);
#612 = CARTESIAN_POINT('',(247.5,-126.62,37.));
#613 = DIRECTION('',(1.,0.,0.));
#614 = DIRECTION('',(0.,1.,0.));
#615 = ADVANCED_FACE('',(#616),#635,.T.);
#616 = FACE_BOUND('',#617,.F.);
#617 = EDGE_LOOP('',(#618,#627,#628,#629));
#618 = ORIENTED_EDGE('',*,*,#619,.F.);
#619 = EDGE_CURVE('',#541,#620,#622,.T.);
#620 = VERTEX_POINT('',#621);
#621 = CARTESIAN_POINT('',(245.5,-126.62,35.));
#622 = CIRCLE('',#623,2.);
#623 = AXIS2_PLACEMENT_3D('',#624,#625,#626);
#624 = CARTESIAN_POINT('',(245.5,-124.62,35.));
#625 = DIRECTION('',(-0.,-6.123233995737E-17,-1.));
#626 = DIRECTION('',(0.,-1.,6.123233995737E-17));
#627 = ORIENTED_EDGE('',*,*,#548,.T.);
#628 = ORIENTED_EDGE('',*,*,#191,.F.);
#629 = ORIENTED_EDGE('',*,*,#630,.F.);
#630 = EDGE_CURVE('',#620,#184,#631,.T.);
#631 = LINE('',#632,#633);
#632 = CARTESIAN_POINT('',(245.5,-126.62,37.));
#633 = VECTOR('',#634,1.);
#634 = DIRECTION('',(-0.,-0.,-1.));
#635 = CYLINDRICAL_SURFACE('',#636,2.);
#636 = AXIS2_PLACEMENT_3D('',#637,#638,#639);
#637 = CARTESIAN_POINT('',(245.5,-124.62,37.));
#638 = DIRECTION('',(-0.,-0.,-1.));
#639 = DIRECTION('',(0.,-1.,0.));
#640 = ADVANCED_FACE('',(#641),#659,.F.);
#641 = FACE_BOUND('',#642,.F.);
#642 = EDGE_LOOP('',(#643,#644,#652,#658));
#643 = ORIENTED_EDGE('',*,*,#555,.F.);
#644 = ORIENTED_EDGE('',*,*,#645,.T.);
#645 = EDGE_CURVE('',#556,#646,#648,.T.);
#646 = VERTEX_POINT('',#647);
#647 = CARTESIAN_POINT('',(244.75,-117.12,18.));
#648 = LINE('',#649,#650);
#649 = CARTESIAN_POINT('',(247.5,-117.12,18.));
#650 = VECTOR('',#651,1.);
#651 = DIRECTION('',(-1.,-0.,-0.));
#652 = ORIENTED_EDGE('',*,*,#653,.T.);
#653 = EDGE_CURVE('',#646,#136,#654,.T.);
#654 = LINE('',#655,#656);
#655 = CARTESIAN_POINT('',(244.75,-117.12,10.5));
#656 = VECTOR('',#657,1.);
#657 = DIRECTION('',(0.,0.,-1.));
#658 = ORIENTED_EDGE('',*,*,#135,.F.);
#659 = PLANE('',#660);
#660 = AXIS2_PLACEMENT_3D('',#661,#662,#663);
#661 = CARTESIAN_POINT('',(247.5,-117.12,18.));
#662 = DIRECTION('',(0.,-1.,0.));
#663 = DIRECTION('',(0.,0.,-1.));
#664 = ADVANCED_FACE('',(#665,#676,#687,#698,#734,#770,#806,#842,#878,
    #914,#950,#986,#1022,#1058,#1094,#1130,#1166,#1202,#1238,#1274,#1310
    ),#1346,.T.);
#665 = FACE_BOUND('',#666,.T.);
#666 = EDGE_LOOP('',(#667,#668,#669,#675));
#667 = ORIENTED_EDGE('',*,*,#183,.T.);
#668 = ORIENTED_EDGE('',*,*,#630,.F.);
#669 = ORIENTED_EDGE('',*,*,#670,.F.);
#670 = EDGE_CURVE('',#207,#620,#671,.T.);
#671 = LINE('',#672,#673);
#672 = CARTESIAN_POINT('',(67.5,-126.62,35.));
#673 = VECTOR('',#674,1.);
#674 = DIRECTION('',(1.,0.,0.));
#675 = ORIENTED_EDGE('',*,*,#215,.T.);
#676 = FACE_BOUND('',#677,.T.);
#677 = EDGE_LOOP('',(#678));
#678 = ORIENTED_EDGE('',*,*,#679,.F.);
#679 = EDGE_CURVE('',#680,#680,#682,.T.);
#680 = VERTEX_POINT('',#681);
#681 = CARTESIAN_POINT('',(72.65,-126.62,6.));
#682 = CIRCLE('',#683,1.9);
#683 = AXIS2_PLACEMENT_3D('',#684,#685,#686);
#684 = CARTESIAN_POINT('',(74.55,-126.62,6.));
#685 = DIRECTION('',(0.,-1.,2.22044604925E-16));
#686 = DIRECTION('',(-1.,0.,0.));
#687 = FACE_BOUND('',#688,.T.);
#688 = EDGE_LOOP('',(#689));
#689 = ORIENTED_EDGE('',*,*,#690,.F.);
#690 = EDGE_CURVE('',#691,#691,#693,.T.);
#691 = VERTEX_POINT('',#692);
#692 = CARTESIAN_POINT('',(238.6,-126.62,6.));
#693 = CIRCLE('',#694,1.9);
#694 = AXIS2_PLACEMENT_3D('',#695,#696,#697);
#695 = CARTESIAN_POINT('',(240.5,-126.62,6.));
#696 = DIRECTION('',(0.,-1.,2.22044604925E-16));
#697 = DIRECTION('',(-1.,0.,0.));
#698 = FACE_BOUND('',#699,.T.);
#699 = EDGE_LOOP('',(#700,#711,#719,#728));
#700 = ORIENTED_EDGE('',*,*,#701,.F.);
#701 = EDGE_CURVE('',#702,#704,#706,.T.);
#702 = VERTEX_POINT('',#703);
#703 = CARTESIAN_POINT('',(77.5,-126.62,25.));
#704 = VERTEX_POINT('',#705);
#705 = CARTESIAN_POINT('',(73.5,-126.62,25.));
#706 = CIRCLE('',#707,2.);
#707 = AXIS2_PLACEMENT_3D('',#708,#709,#710);
#708 = CARTESIAN_POINT('',(75.5,-126.62,25.));
#709 = DIRECTION('',(0.,-1.,2.22044604925E-16));
#710 = DIRECTION('',(1.,0.,0.));
#711 = ORIENTED_EDGE('',*,*,#712,.T.);
#712 = EDGE_CURVE('',#702,#713,#715,.T.);
#713 = VERTEX_POINT('',#714);
#714 = CARTESIAN_POINT('',(77.5,-126.62,13.));
#715 = LINE('',#716,#717);
#716 = CARTESIAN_POINT('',(77.5,-126.62,25.));
#717 = VECTOR('',#718,1.);
#718 = DIRECTION('',(0.,-2.22044604925E-16,-1.));
#719 = ORIENTED_EDGE('',*,*,#720,.F.);
#720 = EDGE_CURVE('',#721,#713,#723,.T.);
#721 = VERTEX_POINT('',#722);
#722 = CARTESIAN_POINT('',(73.5,-126.62,13.));
#723 = CIRCLE('',#724,2.);
#724 = AXIS2_PLACEMENT_3D('',#725,#726,#727);
#725 = CARTESIAN_POINT('',(75.5,-126.62,13.));
#726 = DIRECTION('',(0.,-1.,2.22044604925E-16));
#727 = DIRECTION('',(1.,0.,0.));
#728 = ORIENTED_EDGE('',*,*,#729,.F.);
#729 = EDGE_CURVE('',#704,#721,#730,.T.);
#730 = LINE('',#731,#732);
#731 = CARTESIAN_POINT('',(73.5,-126.62,25.));
#732 = VECTOR('',#733,1.);
#733 = DIRECTION('',(0.,-2.22044604925E-16,-1.));
#734 = FACE_BOUND('',#735,.T.);
#735 = EDGE_LOOP('',(#736,#747,#755,#764));
#736 = ORIENTED_EDGE('',*,*,#737,.F.);
#737 = EDGE_CURVE('',#738,#740,#742,.T.);
#738 = VERTEX_POINT('',#739);
#739 = CARTESIAN_POINT('',(85.676470588235,-126.62,25.));
#740 = VERTEX_POINT('',#741);
#741 = CARTESIAN_POINT('',(81.676470588235,-126.62,25.));
#742 = CIRCLE('',#743,2.);
#743 = AXIS2_PLACEMENT_3D('',#744,#745,#746);
#744 = CARTESIAN_POINT('',(83.676470588235,-126.62,25.));
#745 = DIRECTION('',(0.,-1.,2.22044604925E-16));
#746 = DIRECTION('',(1.,0.,0.));
#747 = ORIENTED_EDGE('',*,*,#748,.T.);
#748 = EDGE_CURVE('',#738,#749,#751,.T.);
#749 = VERTEX_POINT('',#750);
#750 = CARTESIAN_POINT('',(85.676470588235,-126.62,13.));
#751 = LINE('',#752,#753);
#752 = CARTESIAN_POINT('',(85.676470588235,-126.62,25.));
#753 = VECTOR('',#754,1.);
#754 = DIRECTION('',(0.,-2.22044604925E-16,-1.));
#755 = ORIENTED_EDGE('',*,*,#756,.F.);
#756 = EDGE_CURVE('',#757,#749,#759,.T.);
#757 = VERTEX_POINT('',#758);
#758 = CARTESIAN_POINT('',(81.676470588235,-126.62,13.));
#759 = CIRCLE('',#760,2.);
#760 = AXIS2_PLACEMENT_3D('',#761,#762,#763);
#761 = CARTESIAN_POINT('',(83.676470588235,-126.62,13.));
#762 = DIRECTION('',(0.,-1.,2.22044604925E-16));
#763 = DIRECTION('',(1.,0.,0.));
#764 = ORIENTED_EDGE('',*,*,#765,.F.);
#765 = EDGE_CURVE('',#740,#757,#766,.T.);
#766 = LINE('',#767,#768);
#767 = CARTESIAN_POINT('',(81.676470588235,-126.62,25.));
#768 = VECTOR('',#769,1.);
#769 = DIRECTION('',(0.,-2.22044604925E-16,-1.));
#770 = FACE_BOUND('',#771,.T.);
#771 = EDGE_LOOP('',(#772,#783,#791,#800));
#772 = ORIENTED_EDGE('',*,*,#773,.F.);
#773 = EDGE_CURVE('',#774,#776,#778,.T.);
#774 = VERTEX_POINT('',#775);
#775 = CARTESIAN_POINT('',(93.852941176471,-126.62,25.));
#776 = VERTEX_POINT('',#777);
#777 = CARTESIAN_POINT('',(89.852941176471,-126.62,25.));
#778 = CIRCLE('',#779,2.);
#779 = AXIS2_PLACEMENT_3D('',#780,#781,#782);
#780 = CARTESIAN_POINT('',(91.852941176471,-126.62,25.));
#781 = DIRECTION('',(0.,-1.,2.22044604925E-16));
#782 = DIRECTION('',(1.,0.,0.));
#783 = ORIENTED_EDGE('',*,*,#784,.T.);
#784 = EDGE_CURVE('',#774,#785,#787,.T.);
#785 = VERTEX_POINT('',#786);
#786 = CARTESIAN_POINT('',(93.852941176471,-126.62,13.));
#787 = LINE('',#788,#789);
#788 = CARTESIAN_POINT('',(93.852941176471,-126.62,25.));
#789 = VECTOR('',#790,1.);
#790 = DIRECTION('',(0.,-2.22044604925E-16,-1.));
#791 = ORIENTED_EDGE('',*,*,#792,.F.);
#792 = EDGE_CURVE('',#793,#785,#795,.T.);
#793 = VERTEX_POINT('',#794);
#794 = CARTESIAN_POINT('',(89.852941176471,-126.62,13.));
#795 = CIRCLE('',#796,2.);
#796 = AXIS2_PLACEMENT_3D('',#797,#798,#799);
#797 = CARTESIAN_POINT('',(91.852941176471,-126.62,13.));
#798 = DIRECTION('',(0.,-1.,2.22044604925E-16));
#799 = DIRECTION('',(1.,0.,0.));
#800 = ORIENTED_EDGE('',*,*,#801,.F.);
#801 = EDGE_CURVE('',#776,#793,#802,.T.);
#802 = LINE('',#803,#804);
#803 = CARTESIAN_POINT('',(89.852941176471,-126.62,25.));
#804 = VECTOR('',#805,1.);
#805 = DIRECTION('',(0.,-2.22044604925E-16,-1.));
#806 = FACE_BOUND('',#807,.T.);
#807 = EDGE_LOOP('',(#808,#819,#827,#836));
#808 = ORIENTED_EDGE('',*,*,#809,.F.);
#809 = EDGE_CURVE('',#810,#812,#814,.T.);
#810 = VERTEX_POINT('',#811);
#811 = CARTESIAN_POINT('',(102.0294117647,-126.62,25.));
#812 = VERTEX_POINT('',#813);
#813 = CARTESIAN_POINT('',(98.029411764706,-126.62,25.));
#814 = CIRCLE('',#815,2.);
#815 = AXIS2_PLACEMENT_3D('',#816,#817,#818);
#816 = CARTESIAN_POINT('',(100.0294117647,-126.62,25.));
#817 = DIRECTION('',(0.,-1.,2.22044604925E-16));
#818 = DIRECTION('',(1.,0.,0.));
#819 = ORIENTED_EDGE('',*,*,#820,.T.);
#820 = EDGE_CURVE('',#810,#821,#823,.T.);
#821 = VERTEX_POINT('',#822);
#822 = CARTESIAN_POINT('',(102.0294117647,-126.62,13.));
#823 = LINE('',#824,#825);
#824 = CARTESIAN_POINT('',(102.0294117647,-126.62,25.));
#825 = VECTOR('',#826,1.);
#826 = DIRECTION('',(0.,-2.22044604925E-16,-1.));
#827 = ORIENTED_EDGE('',*,*,#828,.F.);
#828 = EDGE_CURVE('',#829,#821,#831,.T.);
#829 = VERTEX_POINT('',#830);
#830 = CARTESIAN_POINT('',(98.029411764706,-126.62,13.));
#831 = CIRCLE('',#832,2.);
#832 = AXIS2_PLACEMENT_3D('',#833,#834,#835);
#833 = CARTESIAN_POINT('',(100.0294117647,-126.62,13.));
#834 = DIRECTION('',(0.,-1.,2.22044604925E-16));
#835 = DIRECTION('',(1.,0.,0.));
#836 = ORIENTED_EDGE('',*,*,#837,.F.);
#837 = EDGE_CURVE('',#812,#829,#838,.T.);
#838 = LINE('',#839,#840);
#839 = CARTESIAN_POINT('',(98.029411764706,-126.62,25.));
#840 = VECTOR('',#841,1.);
#841 = DIRECTION('',(0.,-2.22044604925E-16,-1.));
#842 = FACE_BOUND('',#843,.T.);
#843 = EDGE_LOOP('',(#844,#855,#863,#872));
#844 = ORIENTED_EDGE('',*,*,#845,.F.);
#845 = EDGE_CURVE('',#846,#848,#850,.T.);
#846 = VERTEX_POINT('',#847);
#847 = CARTESIAN_POINT('',(110.20588235294,-126.62,25.));
#848 = VERTEX_POINT('',#849);
#849 = CARTESIAN_POINT('',(106.20588235294,-126.62,25.));
#850 = CIRCLE('',#851,2.);
#851 = AXIS2_PLACEMENT_3D('',#852,#853,#854);
#852 = CARTESIAN_POINT('',(108.20588235294,-126.62,25.));
#853 = DIRECTION('',(0.,-1.,2.22044604925E-16));
#854 = DIRECTION('',(1.,0.,0.));
#855 = ORIENTED_EDGE('',*,*,#856,.T.);
#856 = EDGE_CURVE('',#846,#857,#859,.T.);
#857 = VERTEX_POINT('',#858);
#858 = CARTESIAN_POINT('',(110.20588235294,-126.62,13.));
#859 = LINE('',#860,#861);
#860 = CARTESIAN_POINT('',(110.20588235294,-126.62,25.));
#861 = VECTOR('',#862,1.);
#862 = DIRECTION('',(0.,-2.22044604925E-16,-1.));
#863 = ORIENTED_EDGE('',*,*,#864,.F.);
#864 = EDGE_CURVE('',#865,#857,#867,.T.);
#865 = VERTEX_POINT('',#866);
#866 = CARTESIAN_POINT('',(106.20588235294,-126.62,13.));
#867 = CIRCLE('',#868,2.);
#868 = AXIS2_PLACEMENT_3D('',#869,#870,#871);
#869 = CARTESIAN_POINT('',(108.20588235294,-126.62,13.));
#870 = DIRECTION('',(0.,-1.,2.22044604925E-16));
#871 = DIRECTION('',(1.,0.,0.));
#872 = ORIENTED_EDGE('',*,*,#873,.F.);
#873 = EDGE_CURVE('',#848,#865,#874,.T.);
#874 = LINE('',#875,#876);
#875 = CARTESIAN_POINT('',(106.20588235294,-126.62,25.));
#876 = VECTOR('',#877,1.);
#877 = DIRECTION('',(0.,-2.22044604925E-16,-1.));
#878 = FACE_BOUND('',#879,.T.);
#879 = EDGE_LOOP('',(#880,#891,#899,#908));
#880 = ORIENTED_EDGE('',*,*,#881,.F.);
#881 = EDGE_CURVE('',#882,#884,#886,.T.);
#882 = VERTEX_POINT('',#883);
#883 = CARTESIAN_POINT('',(118.38235294117,-126.62,25.));
#884 = VERTEX_POINT('',#885);
#885 = CARTESIAN_POINT('',(114.38235294117,-126.62,25.));
#886 = CIRCLE('',#887,2.);
#887 = AXIS2_PLACEMENT_3D('',#888,#889,#890);
#888 = CARTESIAN_POINT('',(116.38235294117,-126.62,25.));
#889 = DIRECTION('',(0.,-1.,2.22044604925E-16));
#890 = DIRECTION('',(1.,0.,0.));
#891 = ORIENTED_EDGE('',*,*,#892,.T.);
#892 = EDGE_CURVE('',#882,#893,#895,.T.);
#893 = VERTEX_POINT('',#894);
#894 = CARTESIAN_POINT('',(118.38235294117,-126.62,13.));
#895 = LINE('',#896,#897);
#896 = CARTESIAN_POINT('',(118.38235294117,-126.62,25.));
#897 = VECTOR('',#898,1.);
#898 = DIRECTION('',(0.,-2.22044604925E-16,-1.));
#899 = ORIENTED_EDGE('',*,*,#900,.F.);
#900 = EDGE_CURVE('',#901,#893,#903,.T.);
#901 = VERTEX_POINT('',#902);
#902 = CARTESIAN_POINT('',(114.38235294117,-126.62,13.));
#903 = CIRCLE('',#904,2.);
#904 = AXIS2_PLACEMENT_3D('',#905,#906,#907);
#905 = CARTESIAN_POINT('',(116.38235294117,-126.62,13.));
#906 = DIRECTION('',(0.,-1.,2.22044604925E-16));
#907 = DIRECTION('',(1.,0.,0.));
#908 = ORIENTED_EDGE('',*,*,#909,.F.);
#909 = EDGE_CURVE('',#884,#901,#910,.T.);
#910 = LINE('',#911,#912);
#911 = CARTESIAN_POINT('',(114.38235294117,-126.62,25.));
#912 = VECTOR('',#913,1.);
#913 = DIRECTION('',(0.,-2.22044604925E-16,-1.));
#914 = FACE_BOUND('',#915,.T.);
#915 = EDGE_LOOP('',(#916,#927,#935,#944));
#916 = ORIENTED_EDGE('',*,*,#917,.F.);
#917 = EDGE_CURVE('',#918,#920,#922,.T.);
#918 = VERTEX_POINT('',#919);
#919 = CARTESIAN_POINT('',(126.55882352941,-126.62,25.));
#920 = VERTEX_POINT('',#921);
#921 = CARTESIAN_POINT('',(122.55882352941,-126.62,25.));
#922 = CIRCLE('',#923,2.);
#923 = AXIS2_PLACEMENT_3D('',#924,#925,#926);
#924 = CARTESIAN_POINT('',(124.55882352941,-126.62,25.));
#925 = DIRECTION('',(0.,-1.,2.22044604925E-16));
#926 = DIRECTION('',(1.,0.,0.));
#927 = ORIENTED_EDGE('',*,*,#928,.T.);
#928 = EDGE_CURVE('',#918,#929,#931,.T.);
#929 = VERTEX_POINT('',#930);
#930 = CARTESIAN_POINT('',(126.55882352941,-126.62,13.));
#931 = LINE('',#932,#933);
#932 = CARTESIAN_POINT('',(126.55882352941,-126.62,25.));
#933 = VECTOR('',#934,1.);
#934 = DIRECTION('',(0.,-2.22044604925E-16,-1.));
#935 = ORIENTED_EDGE('',*,*,#936,.F.);
#936 = EDGE_CURVE('',#937,#929,#939,.T.);
#937 = VERTEX_POINT('',#938);
#938 = CARTESIAN_POINT('',(122.55882352941,-126.62,13.));
#939 = CIRCLE('',#940,2.);
#940 = AXIS2_PLACEMENT_3D('',#941,#942,#943);
#941 = CARTESIAN_POINT('',(124.55882352941,-126.62,13.));
#942 = DIRECTION('',(0.,-1.,2.22044604925E-16));
#943 = DIRECTION('',(1.,0.,0.));
#944 = ORIENTED_EDGE('',*,*,#945,.F.);
#945 = EDGE_CURVE('',#920,#937,#946,.T.);
#946 = LINE('',#947,#948);
#947 = CARTESIAN_POINT('',(122.55882352941,-126.62,25.));
#948 = VECTOR('',#949,1.);
#949 = DIRECTION('',(0.,-2.22044604925E-16,-1.));
#950 = FACE_BOUND('',#951,.T.);
#951 = EDGE_LOOP('',(#952,#963,#971,#980));
#952 = ORIENTED_EDGE('',*,*,#953,.F.);
#953 = EDGE_CURVE('',#954,#956,#958,.T.);
#954 = VERTEX_POINT('',#955);
#955 = CARTESIAN_POINT('',(134.73529411764,-126.62,25.));
#956 = VERTEX_POINT('',#957);
#957 = CARTESIAN_POINT('',(130.73529411764,-126.62,25.));
#958 = CIRCLE('',#959,2.);
#959 = AXIS2_PLACEMENT_3D('',#960,#961,#962);
#960 = CARTESIAN_POINT('',(132.73529411764,-126.62,25.));
#961 = DIRECTION('',(0.,-1.,2.22044604925E-16));
#962 = DIRECTION('',(1.,0.,0.));
#963 = ORIENTED_EDGE('',*,*,#964,.T.);
#964 = EDGE_CURVE('',#954,#965,#967,.T.);
#965 = VERTEX_POINT('',#966);
#966 = CARTESIAN_POINT('',(134.73529411764,-126.62,13.));
#967 = LINE('',#968,#969);
#968 = CARTESIAN_POINT('',(134.73529411764,-126.62,25.));
#969 = VECTOR('',#970,1.);
#970 = DIRECTION('',(0.,-2.22044604925E-16,-1.));
#971 = ORIENTED_EDGE('',*,*,#972,.F.);
#972 = EDGE_CURVE('',#973,#965,#975,.T.);
#973 = VERTEX_POINT('',#974);
#974 = CARTESIAN_POINT('',(130.73529411764,-126.62,13.));
#975 = CIRCLE('',#976,2.);
#976 = AXIS2_PLACEMENT_3D('',#977,#978,#979);
#977 = CARTESIAN_POINT('',(132.73529411764,-126.62,13.));
#978 = DIRECTION('',(0.,-1.,2.22044604925E-16));
#979 = DIRECTION('',(1.,0.,0.));
#980 = ORIENTED_EDGE('',*,*,#981,.F.);
#981 = EDGE_CURVE('',#956,#973,#982,.T.);
#982 = LINE('',#983,#984);
#983 = CARTESIAN_POINT('',(130.73529411764,-126.62,25.));
#984 = VECTOR('',#985,1.);
#985 = DIRECTION('',(0.,-2.22044604925E-16,-1.));
#986 = FACE_BOUND('',#987,.T.);
#987 = EDGE_LOOP('',(#988,#999,#1007,#1016));
#988 = ORIENTED_EDGE('',*,*,#989,.F.);
#989 = EDGE_CURVE('',#990,#992,#994,.T.);
#990 = VERTEX_POINT('',#991);
#991 = CARTESIAN_POINT('',(142.91176470588,-126.62,25.));
#992 = VERTEX_POINT('',#993);
#993 = CARTESIAN_POINT('',(138.91176470588,-126.62,25.));
#994 = CIRCLE('',#995,2.);
#995 = AXIS2_PLACEMENT_3D('',#996,#997,#998);
#996 = CARTESIAN_POINT('',(140.91176470588,-126.62,25.));
#997 = DIRECTION('',(0.,-1.,2.22044604925E-16));
#998 = DIRECTION('',(1.,0.,0.));
#999 = ORIENTED_EDGE('',*,*,#1000,.T.);
#1000 = EDGE_CURVE('',#990,#1001,#1003,.T.);
#1001 = VERTEX_POINT('',#1002);
#1002 = CARTESIAN_POINT('',(142.91176470588,-126.62,13.));
#1003 = LINE('',#1004,#1005);
#1004 = CARTESIAN_POINT('',(142.91176470588,-126.62,25.));
#1005 = VECTOR('',#1006,1.);
#1006 = DIRECTION('',(0.,-2.22044604925E-16,-1.));
#1007 = ORIENTED_EDGE('',*,*,#1008,.F.);
#1008 = EDGE_CURVE('',#1009,#1001,#1011,.T.);
#1009 = VERTEX_POINT('',#1010);
#1010 = CARTESIAN_POINT('',(138.91176470588,-126.62,13.));
#1011 = CIRCLE('',#1012,2.);
#1012 = AXIS2_PLACEMENT_3D('',#1013,#1014,#1015);
#1013 = CARTESIAN_POINT('',(140.91176470588,-126.62,13.));
#1014 = DIRECTION('',(0.,-1.,2.22044604925E-16));
#1015 = DIRECTION('',(1.,0.,0.));
#1016 = ORIENTED_EDGE('',*,*,#1017,.F.);
#1017 = EDGE_CURVE('',#992,#1009,#1018,.T.);
#1018 = LINE('',#1019,#1020);
#1019 = CARTESIAN_POINT('',(138.91176470588,-126.62,25.));
#1020 = VECTOR('',#1021,1.);
#1021 = DIRECTION('',(0.,-2.22044604925E-16,-1.));
#1022 = FACE_BOUND('',#1023,.T.);
#1023 = EDGE_LOOP('',(#1024,#1035,#1043,#1052));
#1024 = ORIENTED_EDGE('',*,*,#1025,.F.);
#1025 = EDGE_CURVE('',#1026,#1028,#1030,.T.);
#1026 = VERTEX_POINT('',#1027);
#1027 = CARTESIAN_POINT('',(151.08823529411,-126.62,25.));
#1028 = VERTEX_POINT('',#1029);
#1029 = CARTESIAN_POINT('',(147.08823529411,-126.62,25.));
#1030 = CIRCLE('',#1031,2.);
#1031 = AXIS2_PLACEMENT_3D('',#1032,#1033,#1034);
#1032 = CARTESIAN_POINT('',(149.08823529411,-126.62,25.));
#1033 = DIRECTION('',(0.,-1.,2.22044604925E-16));
#1034 = DIRECTION('',(1.,0.,0.));
#1035 = ORIENTED_EDGE('',*,*,#1036,.T.);
#1036 = EDGE_CURVE('',#1026,#1037,#1039,.T.);
#1037 = VERTEX_POINT('',#1038);
#1038 = CARTESIAN_POINT('',(151.08823529411,-126.62,13.));
#1039 = LINE('',#1040,#1041);
#1040 = CARTESIAN_POINT('',(151.08823529411,-126.62,25.));
#1041 = VECTOR('',#1042,1.);
#1042 = DIRECTION('',(0.,-2.22044604925E-16,-1.));
#1043 = ORIENTED_EDGE('',*,*,#1044,.F.);
#1044 = EDGE_CURVE('',#1045,#1037,#1047,.T.);
#1045 = VERTEX_POINT('',#1046);
#1046 = CARTESIAN_POINT('',(147.08823529411,-126.62,13.));
#1047 = CIRCLE('',#1048,2.);
#1048 = AXIS2_PLACEMENT_3D('',#1049,#1050,#1051);
#1049 = CARTESIAN_POINT('',(149.08823529411,-126.62,13.));
#1050 = DIRECTION('',(0.,-1.,2.22044604925E-16));
#1051 = DIRECTION('',(1.,0.,0.));
#1052 = ORIENTED_EDGE('',*,*,#1053,.F.);
#1053 = EDGE_CURVE('',#1028,#1045,#1054,.T.);
#1054 = LINE('',#1055,#1056);
#1055 = CARTESIAN_POINT('',(147.08823529411,-126.62,25.));
#1056 = VECTOR('',#1057,1.);
#1057 = DIRECTION('',(0.,-2.22044604925E-16,-1.));
#1058 = FACE_BOUND('',#1059,.T.);
#1059 = EDGE_LOOP('',(#1060,#1071,#1079,#1088));
#1060 = ORIENTED_EDGE('',*,*,#1061,.F.);
#1061 = EDGE_CURVE('',#1062,#1064,#1066,.T.);
#1062 = VERTEX_POINT('',#1063);
#1063 = CARTESIAN_POINT('',(159.26470588235,-126.62,25.));
#1064 = VERTEX_POINT('',#1065);
#1065 = CARTESIAN_POINT('',(155.26470588235,-126.62,25.));
#1066 = CIRCLE('',#1067,2.);
#1067 = AXIS2_PLACEMENT_3D('',#1068,#1069,#1070);
#1068 = CARTESIAN_POINT('',(157.26470588235,-126.62,25.));
#1069 = DIRECTION('',(0.,-1.,2.22044604925E-16));
#1070 = DIRECTION('',(1.,0.,0.));
#1071 = ORIENTED_EDGE('',*,*,#1072,.T.);
#1072 = EDGE_CURVE('',#1062,#1073,#1075,.T.);
#1073 = VERTEX_POINT('',#1074);
#1074 = CARTESIAN_POINT('',(159.26470588235,-126.62,13.));
#1075 = LINE('',#1076,#1077);
#1076 = CARTESIAN_POINT('',(159.26470588235,-126.62,25.));
#1077 = VECTOR('',#1078,1.);
#1078 = DIRECTION('',(0.,-2.22044604925E-16,-1.));
#1079 = ORIENTED_EDGE('',*,*,#1080,.F.);
#1080 = EDGE_CURVE('',#1081,#1073,#1083,.T.);
#1081 = VERTEX_POINT('',#1082);
#1082 = CARTESIAN_POINT('',(155.26470588235,-126.62,13.));
#1083 = CIRCLE('',#1084,2.);
#1084 = AXIS2_PLACEMENT_3D('',#1085,#1086,#1087);
#1085 = CARTESIAN_POINT('',(157.26470588235,-126.62,13.));
#1086 = DIRECTION('',(0.,-1.,2.22044604925E-16));
#1087 = DIRECTION('',(1.,0.,0.));
#1088 = ORIENTED_EDGE('',*,*,#1089,.F.);
#1089 = EDGE_CURVE('',#1064,#1081,#1090,.T.);
#1090 = LINE('',#1091,#1092);
#1091 = CARTESIAN_POINT('',(155.26470588235,-126.62,25.));
#1092 = VECTOR('',#1093,1.);
#1093 = DIRECTION('',(0.,-2.22044604925E-16,-1.));
#1094 = FACE_BOUND('',#1095,.T.);
#1095 = EDGE_LOOP('',(#1096,#1107,#1115,#1124));
#1096 = ORIENTED_EDGE('',*,*,#1097,.F.);
#1097 = EDGE_CURVE('',#1098,#1100,#1102,.T.);
#1098 = VERTEX_POINT('',#1099);
#1099 = CARTESIAN_POINT('',(167.44117647058,-126.62,25.));
#1100 = VERTEX_POINT('',#1101);
#1101 = CARTESIAN_POINT('',(163.44117647058,-126.62,25.));
#1102 = CIRCLE('',#1103,2.);
#1103 = AXIS2_PLACEMENT_3D('',#1104,#1105,#1106);
#1104 = CARTESIAN_POINT('',(165.44117647058,-126.62,25.));
#1105 = DIRECTION('',(0.,-1.,2.22044604925E-16));
#1106 = DIRECTION('',(1.,0.,0.));
#1107 = ORIENTED_EDGE('',*,*,#1108,.T.);
#1108 = EDGE_CURVE('',#1098,#1109,#1111,.T.);
#1109 = VERTEX_POINT('',#1110);
#1110 = CARTESIAN_POINT('',(167.44117647058,-126.62,13.));
#1111 = LINE('',#1112,#1113);
#1112 = CARTESIAN_POINT('',(167.44117647058,-126.62,25.));
#1113 = VECTOR('',#1114,1.);
#1114 = DIRECTION('',(0.,-2.22044604925E-16,-1.));
#1115 = ORIENTED_EDGE('',*,*,#1116,.F.);
#1116 = EDGE_CURVE('',#1117,#1109,#1119,.T.);
#1117 = VERTEX_POINT('',#1118);
#1118 = CARTESIAN_POINT('',(163.44117647058,-126.62,13.));
#1119 = CIRCLE('',#1120,2.);
#1120 = AXIS2_PLACEMENT_3D('',#1121,#1122,#1123);
#1121 = CARTESIAN_POINT('',(165.44117647058,-126.62,13.));
#1122 = DIRECTION('',(0.,-1.,2.22044604925E-16));
#1123 = DIRECTION('',(1.,0.,0.));
#1124 = ORIENTED_EDGE('',*,*,#1125,.F.);
#1125 = EDGE_CURVE('',#1100,#1117,#1126,.T.);
#1126 = LINE('',#1127,#1128);
#1127 = CARTESIAN_POINT('',(163.44117647058,-126.62,25.));
#1128 = VECTOR('',#1129,1.);
#1129 = DIRECTION('',(0.,-2.22044604925E-16,-1.));
#1130 = FACE_BOUND('',#1131,.T.);
#1131 = EDGE_LOOP('',(#1132,#1143,#1151,#1160));
#1132 = ORIENTED_EDGE('',*,*,#1133,.F.);
#1133 = EDGE_CURVE('',#1134,#1136,#1138,.T.);
#1134 = VERTEX_POINT('',#1135);
#1135 = CARTESIAN_POINT('',(175.61764705882,-126.62,25.));
#1136 = VERTEX_POINT('',#1137);
#1137 = CARTESIAN_POINT('',(171.61764705882,-126.62,25.));
#1138 = CIRCLE('',#1139,2.);
#1139 = AXIS2_PLACEMENT_3D('',#1140,#1141,#1142);
#1140 = CARTESIAN_POINT('',(173.61764705882,-126.62,25.));
#1141 = DIRECTION('',(0.,-1.,2.22044604925E-16));
#1142 = DIRECTION('',(1.,0.,0.));
#1143 = ORIENTED_EDGE('',*,*,#1144,.T.);
#1144 = EDGE_CURVE('',#1134,#1145,#1147,.T.);
#1145 = VERTEX_POINT('',#1146);
#1146 = CARTESIAN_POINT('',(175.61764705882,-126.62,13.));
#1147 = LINE('',#1148,#1149);
#1148 = CARTESIAN_POINT('',(175.61764705882,-126.62,25.));
#1149 = VECTOR('',#1150,1.);
#1150 = DIRECTION('',(0.,-2.22044604925E-16,-1.));
#1151 = ORIENTED_EDGE('',*,*,#1152,.F.);
#1152 = EDGE_CURVE('',#1153,#1145,#1155,.T.);
#1153 = VERTEX_POINT('',#1154);
#1154 = CARTESIAN_POINT('',(171.61764705882,-126.62,13.));
#1155 = CIRCLE('',#1156,2.);
#1156 = AXIS2_PLACEMENT_3D('',#1157,#1158,#1159);
#1157 = CARTESIAN_POINT('',(173.61764705882,-126.62,13.));
#1158 = DIRECTION('',(0.,-1.,2.22044604925E-16));
#1159 = DIRECTION('',(1.,0.,0.));
#1160 = ORIENTED_EDGE('',*,*,#1161,.F.);
#1161 = EDGE_CURVE('',#1136,#1153,#1162,.T.);
#1162 = LINE('',#1163,#1164);
#1163 = CARTESIAN_POINT('',(171.61764705882,-126.62,25.));
#1164 = VECTOR('',#1165,1.);
#1165 = DIRECTION('',(0.,-2.22044604925E-16,-1.));
#1166 = FACE_BOUND('',#1167,.T.);
#1167 = EDGE_LOOP('',(#1168,#1179,#1187,#1196));
#1168 = ORIENTED_EDGE('',*,*,#1169,.F.);
#1169 = EDGE_CURVE('',#1170,#1172,#1174,.T.);
#1170 = VERTEX_POINT('',#1171);
#1171 = CARTESIAN_POINT('',(183.79411764705,-126.62,25.));
#1172 = VERTEX_POINT('',#1173);
#1173 = CARTESIAN_POINT('',(179.79411764705,-126.62,25.));
#1174 = CIRCLE('',#1175,2.);
#1175 = AXIS2_PLACEMENT_3D('',#1176,#1177,#1178);
#1176 = CARTESIAN_POINT('',(181.79411764705,-126.62,25.));
#1177 = DIRECTION('',(0.,-1.,2.22044604925E-16));
#1178 = DIRECTION('',(1.,0.,0.));
#1179 = ORIENTED_EDGE('',*,*,#1180,.T.);
#1180 = EDGE_CURVE('',#1170,#1181,#1183,.T.);
#1181 = VERTEX_POINT('',#1182);
#1182 = CARTESIAN_POINT('',(183.79411764705,-126.62,13.));
#1183 = LINE('',#1184,#1185);
#1184 = CARTESIAN_POINT('',(183.79411764705,-126.62,25.));
#1185 = VECTOR('',#1186,1.);
#1186 = DIRECTION('',(0.,-2.22044604925E-16,-1.));
#1187 = ORIENTED_EDGE('',*,*,#1188,.F.);
#1188 = EDGE_CURVE('',#1189,#1181,#1191,.T.);
#1189 = VERTEX_POINT('',#1190);
#1190 = CARTESIAN_POINT('',(179.79411764705,-126.62,13.));
#1191 = CIRCLE('',#1192,2.);
#1192 = AXIS2_PLACEMENT_3D('',#1193,#1194,#1195);
#1193 = CARTESIAN_POINT('',(181.79411764705,-126.62,13.));
#1194 = DIRECTION('',(0.,-1.,2.22044604925E-16));
#1195 = DIRECTION('',(1.,0.,0.));
#1196 = ORIENTED_EDGE('',*,*,#1197,.F.);
#1197 = EDGE_CURVE('',#1172,#1189,#1198,.T.);
#1198 = LINE('',#1199,#1200);
#1199 = CARTESIAN_POINT('',(179.79411764705,-126.62,25.));
#1200 = VECTOR('',#1201,1.);
#1201 = DIRECTION('',(0.,-2.22044604925E-16,-1.));
#1202 = FACE_BOUND('',#1203,.T.);
#1203 = EDGE_LOOP('',(#1204,#1215,#1223,#1232));
#1204 = ORIENTED_EDGE('',*,*,#1205,.F.);
#1205 = EDGE_CURVE('',#1206,#1208,#1210,.T.);
#1206 = VERTEX_POINT('',#1207);
#1207 = CARTESIAN_POINT('',(191.97058823529,-126.62,25.));
#1208 = VERTEX_POINT('',#1209);
#1209 = CARTESIAN_POINT('',(187.97058823529,-126.62,25.));
#1210 = CIRCLE('',#1211,2.);
#1211 = AXIS2_PLACEMENT_3D('',#1212,#1213,#1214);
#1212 = CARTESIAN_POINT('',(189.97058823529,-126.62,25.));
#1213 = DIRECTION('',(0.,-1.,2.22044604925E-16));
#1214 = DIRECTION('',(1.,0.,0.));
#1215 = ORIENTED_EDGE('',*,*,#1216,.T.);
#1216 = EDGE_CURVE('',#1206,#1217,#1219,.T.);
#1217 = VERTEX_POINT('',#1218);
#1218 = CARTESIAN_POINT('',(191.97058823529,-126.62,13.));
#1219 = LINE('',#1220,#1221);
#1220 = CARTESIAN_POINT('',(191.97058823529,-126.62,25.));
#1221 = VECTOR('',#1222,1.);
#1222 = DIRECTION('',(0.,-2.22044604925E-16,-1.));
#1223 = ORIENTED_EDGE('',*,*,#1224,.F.);
#1224 = EDGE_CURVE('',#1225,#1217,#1227,.T.);
#1225 = VERTEX_POINT('',#1226);
#1226 = CARTESIAN_POINT('',(187.97058823529,-126.62,13.));
#1227 = CIRCLE('',#1228,2.);
#1228 = AXIS2_PLACEMENT_3D('',#1229,#1230,#1231);
#1229 = CARTESIAN_POINT('',(189.97058823529,-126.62,13.));
#1230 = DIRECTION('',(0.,-1.,2.22044604925E-16));
#1231 = DIRECTION('',(1.,0.,0.));
#1232 = ORIENTED_EDGE('',*,*,#1233,.F.);
#1233 = EDGE_CURVE('',#1208,#1225,#1234,.T.);
#1234 = LINE('',#1235,#1236);
#1235 = CARTESIAN_POINT('',(187.97058823529,-126.62,25.));
#1236 = VECTOR('',#1237,1.);
#1237 = DIRECTION('',(0.,-2.22044604925E-16,-1.));
#1238 = FACE_BOUND('',#1239,.T.);
#1239 = EDGE_LOOP('',(#1240,#1251,#1259,#1268));
#1240 = ORIENTED_EDGE('',*,*,#1241,.F.);
#1241 = EDGE_CURVE('',#1242,#1244,#1246,.T.);
#1242 = VERTEX_POINT('',#1243);
#1243 = CARTESIAN_POINT('',(200.14705882352,-126.62,25.));
#1244 = VERTEX_POINT('',#1245);
#1245 = CARTESIAN_POINT('',(196.14705882352,-126.62,25.));
#1246 = CIRCLE('',#1247,2.);
#1247 = AXIS2_PLACEMENT_3D('',#1248,#1249,#1250);
#1248 = CARTESIAN_POINT('',(198.14705882352,-126.62,25.));
#1249 = DIRECTION('',(0.,-1.,2.22044604925E-16));
#1250 = DIRECTION('',(1.,0.,0.));
#1251 = ORIENTED_EDGE('',*,*,#1252,.T.);
#1252 = EDGE_CURVE('',#1242,#1253,#1255,.T.);
#1253 = VERTEX_POINT('',#1254);
#1254 = CARTESIAN_POINT('',(200.14705882352,-126.62,13.));
#1255 = LINE('',#1256,#1257);
#1256 = CARTESIAN_POINT('',(200.14705882352,-126.62,25.));
#1257 = VECTOR('',#1258,1.);
#1258 = DIRECTION('',(0.,-2.22044604925E-16,-1.));
#1259 = ORIENTED_EDGE('',*,*,#1260,.F.);
#1260 = EDGE_CURVE('',#1261,#1253,#1263,.T.);
#1261 = VERTEX_POINT('',#1262);
#1262 = CARTESIAN_POINT('',(196.14705882352,-126.62,13.));
#1263 = CIRCLE('',#1264,2.);
#1264 = AXIS2_PLACEMENT_3D('',#1265,#1266,#1267);
#1265 = CARTESIAN_POINT('',(198.14705882352,-126.62,13.));
#1266 = DIRECTION('',(0.,-1.,2.22044604925E-16));
#1267 = DIRECTION('',(1.,0.,0.));
#1268 = ORIENTED_EDGE('',*,*,#1269,.F.);
#1269 = EDGE_CURVE('',#1244,#1261,#1270,.T.);
#1270 = LINE('',#1271,#1272);
#1271 = CARTESIAN_POINT('',(196.14705882352,-126.62,25.));
#1272 = VECTOR('',#1273,1.);
#1273 = DIRECTION('',(0.,-2.22044604925E-16,-1.));
#1274 = FACE_BOUND('',#1275,.T.);
#1275 = EDGE_LOOP('',(#1276,#1287,#1295,#1304));
#1276 = ORIENTED_EDGE('',*,*,#1277,.F.);
#1277 = EDGE_CURVE('',#1278,#1280,#1282,.T.);
#1278 = VERTEX_POINT('',#1279);
#1279 = CARTESIAN_POINT('',(208.32352941176,-126.62,25.));
#1280 = VERTEX_POINT('',#1281);
#1281 = CARTESIAN_POINT('',(204.32352941176,-126.62,25.));
#1282 = CIRCLE('',#1283,2.);
#1283 = AXIS2_PLACEMENT_3D('',#1284,#1285,#1286);
#1284 = CARTESIAN_POINT('',(206.32352941176,-126.62,25.));
#1285 = DIRECTION('',(0.,-1.,2.22044604925E-16));
#1286 = DIRECTION('',(1.,0.,0.));
#1287 = ORIENTED_EDGE('',*,*,#1288,.T.);
#1288 = EDGE_CURVE('',#1278,#1289,#1291,.T.);
#1289 = VERTEX_POINT('',#1290);
#1290 = CARTESIAN_POINT('',(208.32352941176,-126.62,13.));
#1291 = LINE('',#1292,#1293);
#1292 = CARTESIAN_POINT('',(208.32352941176,-126.62,25.));
#1293 = VECTOR('',#1294,1.);
#1294 = DIRECTION('',(0.,-2.22044604925E-16,-1.));
#1295 = ORIENTED_EDGE('',*,*,#1296,.F.);
#1296 = EDGE_CURVE('',#1297,#1289,#1299,.T.);
#1297 = VERTEX_POINT('',#1298);
#1298 = CARTESIAN_POINT('',(204.32352941176,-126.62,13.));
#1299 = CIRCLE('',#1300,2.);
#1300 = AXIS2_PLACEMENT_3D('',#1301,#1302,#1303);
#1301 = CARTESIAN_POINT('',(206.32352941176,-126.62,13.));
#1302 = DIRECTION('',(0.,-1.,2.22044604925E-16));
#1303 = DIRECTION('',(1.,0.,0.));
#1304 = ORIENTED_EDGE('',*,*,#1305,.F.);
#1305 = EDGE_CURVE('',#1280,#1297,#1306,.T.);
#1306 = LINE('',#1307,#1308);
#1307 = CARTESIAN_POINT('',(204.32352941176,-126.62,25.));
#1308 = VECTOR('',#1309,1.);
#1309 = DIRECTION('',(0.,-2.22044604925E-16,-1.));
#1310 = FACE_BOUND('',#1311,.T.);
#1311 = EDGE_LOOP('',(#1312,#1323,#1331,#1340));
#1312 = ORIENTED_EDGE('',*,*,#1313,.F.);
#1313 = EDGE_CURVE('',#1314,#1316,#1318,.T.);
#1314 = VERTEX_POINT('',#1315);
#1315 = CARTESIAN_POINT('',(216.5,-126.62,25.));
#1316 = VERTEX_POINT('',#1317);
#1317 = CARTESIAN_POINT('',(212.5,-126.62,25.));
#1318 = CIRCLE('',#1319,2.);
#1319 = AXIS2_PLACEMENT_3D('',#1320,#1321,#1322);
#1320 = CARTESIAN_POINT('',(214.5,-126.62,25.));
#1321 = DIRECTION('',(0.,-1.,2.22044604925E-16));
#1322 = DIRECTION('',(1.,0.,0.));
#1323 = ORIENTED_EDGE('',*,*,#1324,.T.);
#1324 = EDGE_CURVE('',#1314,#1325,#1327,.T.);
#1325 = VERTEX_POINT('',#1326);
#1326 = CARTESIAN_POINT('',(216.5,-126.62,13.));
#1327 = LINE('',#1328,#1329);
#1328 = CARTESIAN_POINT('',(216.5,-126.62,25.));
#1329 = VECTOR('',#1330,1.);
#1330 = DIRECTION('',(0.,-2.22044604925E-16,-1.));
#1331 = ORIENTED_EDGE('',*,*,#1332,.F.);
#1332 = EDGE_CURVE('',#1333,#1325,#1335,.T.);
#1333 = VERTEX_POINT('',#1334);
#1334 = CARTESIAN_POINT('',(212.5,-126.62,13.));
#1335 = CIRCLE('',#1336,2.);
#1336 = AXIS2_PLACEMENT_3D('',#1337,#1338,#1339);
#1337 = CARTESIAN_POINT('',(214.5,-126.62,13.));
#1338 = DIRECTION('',(0.,-1.,2.22044604925E-16));
#1339 = DIRECTION('',(1.,0.,0.));
#1340 = ORIENTED_EDGE('',*,*,#1341,.F.);
#1341 = EDGE_CURVE('',#1316,#1333,#1342,.T.);
#1342 = LINE('',#1343,#1344);
#1343 = CARTESIAN_POINT('',(212.5,-126.62,25.));
#1344 = VECTOR('',#1345,1.);
#1345 = DIRECTION('',(0.,-2.22044604925E-16,-1.));
#1346 = PLANE('',#1347);
#1347 = AXIS2_PLACEMENT_3D('',#1348,#1349,#1350);
#1348 = CARTESIAN_POINT('',(67.5,-126.62,37.));
#1349 = DIRECTION('',(0.,-1.,0.));
#1350 = DIRECTION('',(1.,0.,0.));
#1351 = ADVANCED_FACE('',(#1352),#1427,.F.);
#1352 = FACE_BOUND('',#1353,.F.);
#1353 = EDGE_LOOP('',(#1354,#1355,#1363,#1371,#1377,#1378,#1379,#1388,
    #1396,#1404,#1412,#1421));
#1354 = ORIENTED_EDGE('',*,*,#420,.F.);
#1355 = ORIENTED_EDGE('',*,*,#1356,.T.);
#1356 = EDGE_CURVE('',#413,#1357,#1359,.T.);
#1357 = VERTEX_POINT('',#1358);
#1358 = CARTESIAN_POINT('',(244.75,-69.37,34.5));
#1359 = LINE('',#1360,#1361);
#1360 = CARTESIAN_POINT('',(244.75,-69.37,3.));
#1361 = VECTOR('',#1362,1.);
#1362 = DIRECTION('',(0.,0.,1.));
#1363 = ORIENTED_EDGE('',*,*,#1364,.T.);
#1364 = EDGE_CURVE('',#1357,#1365,#1367,.T.);
#1365 = VERTEX_POINT('',#1366);
#1366 = CARTESIAN_POINT('',(244.75,-123.87,34.5));
#1367 = LINE('',#1368,#1369);
#1368 = CARTESIAN_POINT('',(244.75,-69.37,34.5));
#1369 = VECTOR('',#1370,1.);
#1370 = DIRECTION('',(0.,-1.,0.));
#1371 = ORIENTED_EDGE('',*,*,#1372,.F.);
#1372 = EDGE_CURVE('',#144,#1365,#1373,.T.);
#1373 = LINE('',#1374,#1375);
#1374 = CARTESIAN_POINT('',(244.75,-123.87,3.));
#1375 = VECTOR('',#1376,1.);
#1376 = DIRECTION('',(0.,0.,1.));
#1377 = ORIENTED_EDGE('',*,*,#143,.F.);
#1378 = ORIENTED_EDGE('',*,*,#653,.F.);
#1379 = ORIENTED_EDGE('',*,*,#1380,.F.);
#1380 = EDGE_CURVE('',#1381,#646,#1383,.T.);
#1381 = VERTEX_POINT('',#1382);
#1382 = CARTESIAN_POINT('',(244.75,-104.12,18.));
#1383 = CIRCLE('',#1384,6.5);
#1384 = AXIS2_PLACEMENT_3D('',#1385,#1386,#1387);
#1385 = CARTESIAN_POINT('',(244.75,-110.62,17.999999412767));
#1386 = DIRECTION('',(1.,0.,0.));
#1387 = DIRECTION('',(0.,1.,0.));
#1388 = ORIENTED_EDGE('',*,*,#1389,.F.);
#1389 = EDGE_CURVE('',#1390,#1381,#1392,.T.);
#1390 = VERTEX_POINT('',#1391);
#1391 = CARTESIAN_POINT('',(244.75,-104.12,3.));
#1392 = LINE('',#1393,#1394);
#1393 = CARTESIAN_POINT('',(244.75,-104.12,3.));
#1394 = VECTOR('',#1395,1.);
#1395 = DIRECTION('',(0.,0.,1.));
#1396 = ORIENTED_EDGE('',*,*,#1397,.F.);
#1397 = EDGE_CURVE('',#1398,#1390,#1400,.T.);
#1398 = VERTEX_POINT('',#1399);
#1399 = CARTESIAN_POINT('',(244.75,-95.61999999999,3.));
#1400 = LINE('',#1401,#1402);
#1401 = CARTESIAN_POINT('',(244.75,-69.37,3.));
#1402 = VECTOR('',#1403,1.);
#1403 = DIRECTION('',(0.,-1.,0.));
#1404 = ORIENTED_EDGE('',*,*,#1405,.F.);
#1405 = EDGE_CURVE('',#1406,#1398,#1408,.T.);
#1406 = VERTEX_POINT('',#1407);
#1407 = CARTESIAN_POINT('',(244.75,-95.61999999999,18.));
#1408 = LINE('',#1409,#1410);
#1409 = CARTESIAN_POINT('',(244.75,-95.61999999999,10.5));
#1410 = VECTOR('',#1411,1.);
#1411 = DIRECTION('',(0.,0.,-1.));
#1412 = ORIENTED_EDGE('',*,*,#1413,.F.);
#1413 = EDGE_CURVE('',#1414,#1406,#1416,.T.);
#1414 = VERTEX_POINT('',#1415);
#1415 = CARTESIAN_POINT('',(244.75,-75.62,18.));
#1416 = CIRCLE('',#1417,10.);
#1417 = AXIS2_PLACEMENT_3D('',#1418,#1419,#1420);
#1418 = CARTESIAN_POINT('',(244.75,-85.62,18.000004508024));
#1419 = DIRECTION('',(1.,0.,0.));
#1420 = DIRECTION('',(0.,1.,0.));
#1421 = ORIENTED_EDGE('',*,*,#1422,.F.);
#1422 = EDGE_CURVE('',#421,#1414,#1423,.T.);
#1423 = LINE('',#1424,#1425);
#1424 = CARTESIAN_POINT('',(244.75,-75.62,3.));
#1425 = VECTOR('',#1426,1.);
#1426 = DIRECTION('',(0.,0.,1.));
#1427 = PLANE('',#1428);
#1428 = AXIS2_PLACEMENT_3D('',#1429,#1430,#1431);
#1429 = CARTESIAN_POINT('',(244.75,-69.37,3.));
#1430 = DIRECTION('',(1.,0.,0.));
#1431 = DIRECTION('',(0.,-1.,0.));
#1432 = ADVANCED_FACE('',(#1433,#1451,#1487,#1523,#1559,#1595,#1631,
    #1667,#1703,#1739,#1775,#1811,#1847,#1883,#1919,#1955,#1991,#2027,
    #2063,#2099,#2110),#2121,.F.);
#1433 = FACE_BOUND('',#1434,.F.);
#1434 = EDGE_LOOP('',(#1435,#1436,#1444,#1450));
#1435 = ORIENTED_EDGE('',*,*,#1372,.T.);
#1436 = ORIENTED_EDGE('',*,*,#1437,.T.);
#1437 = EDGE_CURVE('',#1365,#1438,#1440,.T.);
#1438 = VERTEX_POINT('',#1439);
#1439 = CARTESIAN_POINT('',(70.25,-123.87,34.5));
#1440 = LINE('',#1441,#1442);
#1441 = CARTESIAN_POINT('',(244.75,-123.87,34.5));
#1442 = VECTOR('',#1443,1.);
#1443 = DIRECTION('',(-1.,0.,0.));
#1444 = ORIENTED_EDGE('',*,*,#1445,.F.);
#1445 = EDGE_CURVE('',#152,#1438,#1446,.T.);
#1446 = LINE('',#1447,#1448);
#1447 = CARTESIAN_POINT('',(70.25,-123.87,3.));
#1448 = VECTOR('',#1449,1.);
#1449 = DIRECTION('',(0.,0.,1.));
#1450 = ORIENTED_EDGE('',*,*,#151,.F.);
#1451 = FACE_BOUND('',#1452,.F.);
#1452 = EDGE_LOOP('',(#1453,#1464,#1472,#1481));
#1453 = ORIENTED_EDGE('',*,*,#1454,.F.);
#1454 = EDGE_CURVE('',#1455,#1457,#1459,.T.);
#1455 = VERTEX_POINT('',#1456);
#1456 = CARTESIAN_POINT('',(216.5,-123.87,25.));
#1457 = VERTEX_POINT('',#1458);
#1458 = CARTESIAN_POINT('',(212.5,-123.87,25.));
#1459 = CIRCLE('',#1460,2.);
#1460 = AXIS2_PLACEMENT_3D('',#1461,#1462,#1463);
#1461 = CARTESIAN_POINT('',(214.5,-123.87,25.));
#1462 = DIRECTION('',(0.,-1.,2.22044604925E-16));
#1463 = DIRECTION('',(1.,0.,0.));
#1464 = ORIENTED_EDGE('',*,*,#1465,.T.);
#1465 = EDGE_CURVE('',#1455,#1466,#1468,.T.);
#1466 = VERTEX_POINT('',#1467);
#1467 = CARTESIAN_POINT('',(216.5,-123.87,13.));
#1468 = LINE('',#1469,#1470);
#1469 = CARTESIAN_POINT('',(216.5,-123.87,14.));
#1470 = VECTOR('',#1471,1.);
#1471 = DIRECTION('',(-0.,-0.,-1.));
#1472 = ORIENTED_EDGE('',*,*,#1473,.F.);
#1473 = EDGE_CURVE('',#1474,#1466,#1476,.T.);
#1474 = VERTEX_POINT('',#1475);
#1475 = CARTESIAN_POINT('',(212.5,-123.87,13.));
#1476 = CIRCLE('',#1477,2.);
#1477 = AXIS2_PLACEMENT_3D('',#1478,#1479,#1480);
#1478 = CARTESIAN_POINT('',(214.5,-123.87,13.));
#1479 = DIRECTION('',(0.,-1.,2.22044604925E-16));
#1480 = DIRECTION('',(1.,0.,0.));
#1481 = ORIENTED_EDGE('',*,*,#1482,.F.);
#1482 = EDGE_CURVE('',#1457,#1474,#1483,.T.);
#1483 = LINE('',#1484,#1485);
#1484 = CARTESIAN_POINT('',(212.5,-123.87,14.));
#1485 = VECTOR('',#1486,1.);
#1486 = DIRECTION('',(-0.,-0.,-1.));
#1487 = FACE_BOUND('',#1488,.F.);
#1488 = EDGE_LOOP('',(#1489,#1500,#1508,#1517));
#1489 = ORIENTED_EDGE('',*,*,#1490,.F.);
#1490 = EDGE_CURVE('',#1491,#1493,#1495,.T.);
#1491 = VERTEX_POINT('',#1492);
#1492 = CARTESIAN_POINT('',(208.32352941176,-123.87,25.));
#1493 = VERTEX_POINT('',#1494);
#1494 = CARTESIAN_POINT('',(204.32352941176,-123.87,25.));
#1495 = CIRCLE('',#1496,2.);
#1496 = AXIS2_PLACEMENT_3D('',#1497,#1498,#1499);
#1497 = CARTESIAN_POINT('',(206.32352941176,-123.87,25.));
#1498 = DIRECTION('',(0.,-1.,2.22044604925E-16));
#1499 = DIRECTION('',(1.,0.,0.));
#1500 = ORIENTED_EDGE('',*,*,#1501,.T.);
#1501 = EDGE_CURVE('',#1491,#1502,#1504,.T.);
#1502 = VERTEX_POINT('',#1503);
#1503 = CARTESIAN_POINT('',(208.32352941176,-123.87,13.));
#1504 = LINE('',#1505,#1506);
#1505 = CARTESIAN_POINT('',(208.32352941176,-123.87,14.));
#1506 = VECTOR('',#1507,1.);
#1507 = DIRECTION('',(-0.,-0.,-1.));
#1508 = ORIENTED_EDGE('',*,*,#1509,.F.);
#1509 = EDGE_CURVE('',#1510,#1502,#1512,.T.);
#1510 = VERTEX_POINT('',#1511);
#1511 = CARTESIAN_POINT('',(204.32352941176,-123.87,13.));
#1512 = CIRCLE('',#1513,2.);
#1513 = AXIS2_PLACEMENT_3D('',#1514,#1515,#1516);
#1514 = CARTESIAN_POINT('',(206.32352941176,-123.87,13.));
#1515 = DIRECTION('',(0.,-1.,2.22044604925E-16));
#1516 = DIRECTION('',(1.,0.,0.));
#1517 = ORIENTED_EDGE('',*,*,#1518,.F.);
#1518 = EDGE_CURVE('',#1493,#1510,#1519,.T.);
#1519 = LINE('',#1520,#1521);
#1520 = CARTESIAN_POINT('',(204.32352941176,-123.87,14.));
#1521 = VECTOR('',#1522,1.);
#1522 = DIRECTION('',(-0.,-0.,-1.));
#1523 = FACE_BOUND('',#1524,.F.);
#1524 = EDGE_LOOP('',(#1525,#1536,#1544,#1553));
#1525 = ORIENTED_EDGE('',*,*,#1526,.F.);
#1526 = EDGE_CURVE('',#1527,#1529,#1531,.T.);
#1527 = VERTEX_POINT('',#1528);
#1528 = CARTESIAN_POINT('',(200.14705882352,-123.87,25.));
#1529 = VERTEX_POINT('',#1530);
#1530 = CARTESIAN_POINT('',(196.14705882352,-123.87,25.));
#1531 = CIRCLE('',#1532,2.);
#1532 = AXIS2_PLACEMENT_3D('',#1533,#1534,#1535);
#1533 = CARTESIAN_POINT('',(198.14705882352,-123.87,25.));
#1534 = DIRECTION('',(0.,-1.,2.22044604925E-16));
#1535 = DIRECTION('',(1.,0.,0.));
#1536 = ORIENTED_EDGE('',*,*,#1537,.T.);
#1537 = EDGE_CURVE('',#1527,#1538,#1540,.T.);
#1538 = VERTEX_POINT('',#1539);
#1539 = CARTESIAN_POINT('',(200.14705882352,-123.87,13.));
#1540 = LINE('',#1541,#1542);
#1541 = CARTESIAN_POINT('',(200.14705882352,-123.87,14.));
#1542 = VECTOR('',#1543,1.);
#1543 = DIRECTION('',(-0.,-0.,-1.));
#1544 = ORIENTED_EDGE('',*,*,#1545,.F.);
#1545 = EDGE_CURVE('',#1546,#1538,#1548,.T.);
#1546 = VERTEX_POINT('',#1547);
#1547 = CARTESIAN_POINT('',(196.14705882352,-123.87,13.));
#1548 = CIRCLE('',#1549,2.);
#1549 = AXIS2_PLACEMENT_3D('',#1550,#1551,#1552);
#1550 = CARTESIAN_POINT('',(198.14705882352,-123.87,13.));
#1551 = DIRECTION('',(0.,-1.,2.22044604925E-16));
#1552 = DIRECTION('',(1.,0.,0.));
#1553 = ORIENTED_EDGE('',*,*,#1554,.F.);
#1554 = EDGE_CURVE('',#1529,#1546,#1555,.T.);
#1555 = LINE('',#1556,#1557);
#1556 = CARTESIAN_POINT('',(196.14705882352,-123.87,14.));
#1557 = VECTOR('',#1558,1.);
#1558 = DIRECTION('',(-0.,-0.,-1.));
#1559 = FACE_BOUND('',#1560,.F.);
#1560 = EDGE_LOOP('',(#1561,#1572,#1580,#1589));
#1561 = ORIENTED_EDGE('',*,*,#1562,.F.);
#1562 = EDGE_CURVE('',#1563,#1565,#1567,.T.);
#1563 = VERTEX_POINT('',#1564);
#1564 = CARTESIAN_POINT('',(191.97058823529,-123.87,25.));
#1565 = VERTEX_POINT('',#1566);
#1566 = CARTESIAN_POINT('',(187.97058823529,-123.87,25.));
#1567 = CIRCLE('',#1568,2.);
#1568 = AXIS2_PLACEMENT_3D('',#1569,#1570,#1571);
#1569 = CARTESIAN_POINT('',(189.97058823529,-123.87,25.));
#1570 = DIRECTION('',(0.,-1.,2.22044604925E-16));
#1571 = DIRECTION('',(1.,0.,0.));
#1572 = ORIENTED_EDGE('',*,*,#1573,.T.);
#1573 = EDGE_CURVE('',#1563,#1574,#1576,.T.);
#1574 = VERTEX_POINT('',#1575);
#1575 = CARTESIAN_POINT('',(191.97058823529,-123.87,13.));
#1576 = LINE('',#1577,#1578);
#1577 = CARTESIAN_POINT('',(191.97058823529,-123.87,14.));
#1578 = VECTOR('',#1579,1.);
#1579 = DIRECTION('',(-0.,-0.,-1.));
#1580 = ORIENTED_EDGE('',*,*,#1581,.F.);
#1581 = EDGE_CURVE('',#1582,#1574,#1584,.T.);
#1582 = VERTEX_POINT('',#1583);
#1583 = CARTESIAN_POINT('',(187.97058823529,-123.87,13.));
#1584 = CIRCLE('',#1585,2.);
#1585 = AXIS2_PLACEMENT_3D('',#1586,#1587,#1588);
#1586 = CARTESIAN_POINT('',(189.97058823529,-123.87,13.));
#1587 = DIRECTION('',(0.,-1.,2.22044604925E-16));
#1588 = DIRECTION('',(1.,0.,0.));
#1589 = ORIENTED_EDGE('',*,*,#1590,.F.);
#1590 = EDGE_CURVE('',#1565,#1582,#1591,.T.);
#1591 = LINE('',#1592,#1593);
#1592 = CARTESIAN_POINT('',(187.97058823529,-123.87,14.));
#1593 = VECTOR('',#1594,1.);
#1594 = DIRECTION('',(-0.,-0.,-1.));
#1595 = FACE_BOUND('',#1596,.F.);
#1596 = EDGE_LOOP('',(#1597,#1608,#1616,#1625));
#1597 = ORIENTED_EDGE('',*,*,#1598,.F.);
#1598 = EDGE_CURVE('',#1599,#1601,#1603,.T.);
#1599 = VERTEX_POINT('',#1600);
#1600 = CARTESIAN_POINT('',(183.79411764705,-123.87,25.));
#1601 = VERTEX_POINT('',#1602);
#1602 = CARTESIAN_POINT('',(179.79411764705,-123.87,25.));
#1603 = CIRCLE('',#1604,2.);
#1604 = AXIS2_PLACEMENT_3D('',#1605,#1606,#1607);
#1605 = CARTESIAN_POINT('',(181.79411764705,-123.87,25.));
#1606 = DIRECTION('',(0.,-1.,2.22044604925E-16));
#1607 = DIRECTION('',(1.,0.,0.));
#1608 = ORIENTED_EDGE('',*,*,#1609,.T.);
#1609 = EDGE_CURVE('',#1599,#1610,#1612,.T.);
#1610 = VERTEX_POINT('',#1611);
#1611 = CARTESIAN_POINT('',(183.79411764705,-123.87,13.));
#1612 = LINE('',#1613,#1614);
#1613 = CARTESIAN_POINT('',(183.79411764705,-123.87,14.));
#1614 = VECTOR('',#1615,1.);
#1615 = DIRECTION('',(-0.,-0.,-1.));
#1616 = ORIENTED_EDGE('',*,*,#1617,.F.);
#1617 = EDGE_CURVE('',#1618,#1610,#1620,.T.);
#1618 = VERTEX_POINT('',#1619);
#1619 = CARTESIAN_POINT('',(179.79411764705,-123.87,13.));
#1620 = CIRCLE('',#1621,2.);
#1621 = AXIS2_PLACEMENT_3D('',#1622,#1623,#1624);
#1622 = CARTESIAN_POINT('',(181.79411764705,-123.87,13.));
#1623 = DIRECTION('',(0.,-1.,2.22044604925E-16));
#1624 = DIRECTION('',(1.,0.,0.));
#1625 = ORIENTED_EDGE('',*,*,#1626,.F.);
#1626 = EDGE_CURVE('',#1601,#1618,#1627,.T.);
#1627 = LINE('',#1628,#1629);
#1628 = CARTESIAN_POINT('',(179.79411764705,-123.87,14.));
#1629 = VECTOR('',#1630,1.);
#1630 = DIRECTION('',(-0.,-0.,-1.));
#1631 = FACE_BOUND('',#1632,.F.);
#1632 = EDGE_LOOP('',(#1633,#1644,#1652,#1661));
#1633 = ORIENTED_EDGE('',*,*,#1634,.F.);
#1634 = EDGE_CURVE('',#1635,#1637,#1639,.T.);
#1635 = VERTEX_POINT('',#1636);
#1636 = CARTESIAN_POINT('',(175.61764705882,-123.87,25.));
#1637 = VERTEX_POINT('',#1638);
#1638 = CARTESIAN_POINT('',(171.61764705882,-123.87,25.));
#1639 = CIRCLE('',#1640,2.);
#1640 = AXIS2_PLACEMENT_3D('',#1641,#1642,#1643);
#1641 = CARTESIAN_POINT('',(173.61764705882,-123.87,25.));
#1642 = DIRECTION('',(0.,-1.,2.22044604925E-16));
#1643 = DIRECTION('',(1.,0.,0.));
#1644 = ORIENTED_EDGE('',*,*,#1645,.T.);
#1645 = EDGE_CURVE('',#1635,#1646,#1648,.T.);
#1646 = VERTEX_POINT('',#1647);
#1647 = CARTESIAN_POINT('',(175.61764705882,-123.87,13.));
#1648 = LINE('',#1649,#1650);
#1649 = CARTESIAN_POINT('',(175.61764705882,-123.87,14.));
#1650 = VECTOR('',#1651,1.);
#1651 = DIRECTION('',(-0.,-0.,-1.));
#1652 = ORIENTED_EDGE('',*,*,#1653,.F.);
#1653 = EDGE_CURVE('',#1654,#1646,#1656,.T.);
#1654 = VERTEX_POINT('',#1655);
#1655 = CARTESIAN_POINT('',(171.61764705882,-123.87,13.));
#1656 = CIRCLE('',#1657,2.);
#1657 = AXIS2_PLACEMENT_3D('',#1658,#1659,#1660);
#1658 = CARTESIAN_POINT('',(173.61764705882,-123.87,13.));
#1659 = DIRECTION('',(0.,-1.,2.22044604925E-16));
#1660 = DIRECTION('',(1.,0.,0.));
#1661 = ORIENTED_EDGE('',*,*,#1662,.F.);
#1662 = EDGE_CURVE('',#1637,#1654,#1663,.T.);
#1663 = LINE('',#1664,#1665);
#1664 = CARTESIAN_POINT('',(171.61764705882,-123.87,14.));
#1665 = VECTOR('',#1666,1.);
#1666 = DIRECTION('',(-0.,-0.,-1.));
#1667 = FACE_BOUND('',#1668,.F.);
#1668 = EDGE_LOOP('',(#1669,#1680,#1688,#1697));
#1669 = ORIENTED_EDGE('',*,*,#1670,.F.);
#1670 = EDGE_CURVE('',#1671,#1673,#1675,.T.);
#1671 = VERTEX_POINT('',#1672);
#1672 = CARTESIAN_POINT('',(167.44117647058,-123.87,25.));
#1673 = VERTEX_POINT('',#1674);
#1674 = CARTESIAN_POINT('',(163.44117647058,-123.87,25.));
#1675 = CIRCLE('',#1676,2.);
#1676 = AXIS2_PLACEMENT_3D('',#1677,#1678,#1679);
#1677 = CARTESIAN_POINT('',(165.44117647058,-123.87,25.));
#1678 = DIRECTION('',(0.,-1.,2.22044604925E-16));
#1679 = DIRECTION('',(1.,0.,0.));
#1680 = ORIENTED_EDGE('',*,*,#1681,.T.);
#1681 = EDGE_CURVE('',#1671,#1682,#1684,.T.);
#1682 = VERTEX_POINT('',#1683);
#1683 = CARTESIAN_POINT('',(167.44117647058,-123.87,13.));
#1684 = LINE('',#1685,#1686);
#1685 = CARTESIAN_POINT('',(167.44117647058,-123.87,14.));
#1686 = VECTOR('',#1687,1.);
#1687 = DIRECTION('',(-0.,-0.,-1.));
#1688 = ORIENTED_EDGE('',*,*,#1689,.F.);
#1689 = EDGE_CURVE('',#1690,#1682,#1692,.T.);
#1690 = VERTEX_POINT('',#1691);
#1691 = CARTESIAN_POINT('',(163.44117647058,-123.87,13.));
#1692 = CIRCLE('',#1693,2.);
#1693 = AXIS2_PLACEMENT_3D('',#1694,#1695,#1696);
#1694 = CARTESIAN_POINT('',(165.44117647058,-123.87,13.));
#1695 = DIRECTION('',(0.,-1.,2.22044604925E-16));
#1696 = DIRECTION('',(1.,0.,0.));
#1697 = ORIENTED_EDGE('',*,*,#1698,.F.);
#1698 = EDGE_CURVE('',#1673,#1690,#1699,.T.);
#1699 = LINE('',#1700,#1701);
#1700 = CARTESIAN_POINT('',(163.44117647058,-123.87,14.));
#1701 = VECTOR('',#1702,1.);
#1702 = DIRECTION('',(-0.,-0.,-1.));
#1703 = FACE_BOUND('',#1704,.F.);
#1704 = EDGE_LOOP('',(#1705,#1716,#1724,#1733));
#1705 = ORIENTED_EDGE('',*,*,#1706,.F.);
#1706 = EDGE_CURVE('',#1707,#1709,#1711,.T.);
#1707 = VERTEX_POINT('',#1708);
#1708 = CARTESIAN_POINT('',(159.26470588235,-123.87,25.));
#1709 = VERTEX_POINT('',#1710);
#1710 = CARTESIAN_POINT('',(155.26470588235,-123.87,25.));
#1711 = CIRCLE('',#1712,2.);
#1712 = AXIS2_PLACEMENT_3D('',#1713,#1714,#1715);
#1713 = CARTESIAN_POINT('',(157.26470588235,-123.87,25.));
#1714 = DIRECTION('',(0.,-1.,2.22044604925E-16));
#1715 = DIRECTION('',(1.,0.,0.));
#1716 = ORIENTED_EDGE('',*,*,#1717,.T.);
#1717 = EDGE_CURVE('',#1707,#1718,#1720,.T.);
#1718 = VERTEX_POINT('',#1719);
#1719 = CARTESIAN_POINT('',(159.26470588235,-123.87,13.));
#1720 = LINE('',#1721,#1722);
#1721 = CARTESIAN_POINT('',(159.26470588235,-123.87,14.));
#1722 = VECTOR('',#1723,1.);
#1723 = DIRECTION('',(-0.,-0.,-1.));
#1724 = ORIENTED_EDGE('',*,*,#1725,.F.);
#1725 = EDGE_CURVE('',#1726,#1718,#1728,.T.);
#1726 = VERTEX_POINT('',#1727);
#1727 = CARTESIAN_POINT('',(155.26470588235,-123.87,13.));
#1728 = CIRCLE('',#1729,2.);
#1729 = AXIS2_PLACEMENT_3D('',#1730,#1731,#1732);
#1730 = CARTESIAN_POINT('',(157.26470588235,-123.87,13.));
#1731 = DIRECTION('',(0.,-1.,2.22044604925E-16));
#1732 = DIRECTION('',(1.,0.,0.));
#1733 = ORIENTED_EDGE('',*,*,#1734,.F.);
#1734 = EDGE_CURVE('',#1709,#1726,#1735,.T.);
#1735 = LINE('',#1736,#1737);
#1736 = CARTESIAN_POINT('',(155.26470588235,-123.87,14.));
#1737 = VECTOR('',#1738,1.);
#1738 = DIRECTION('',(-0.,-0.,-1.));
#1739 = FACE_BOUND('',#1740,.F.);
#1740 = EDGE_LOOP('',(#1741,#1752,#1760,#1769));
#1741 = ORIENTED_EDGE('',*,*,#1742,.F.);
#1742 = EDGE_CURVE('',#1743,#1745,#1747,.T.);
#1743 = VERTEX_POINT('',#1744);
#1744 = CARTESIAN_POINT('',(151.08823529411,-123.87,25.));
#1745 = VERTEX_POINT('',#1746);
#1746 = CARTESIAN_POINT('',(147.08823529411,-123.87,25.));
#1747 = CIRCLE('',#1748,2.);
#1748 = AXIS2_PLACEMENT_3D('',#1749,#1750,#1751);
#1749 = CARTESIAN_POINT('',(149.08823529411,-123.87,25.));
#1750 = DIRECTION('',(0.,-1.,2.22044604925E-16));
#1751 = DIRECTION('',(1.,0.,0.));
#1752 = ORIENTED_EDGE('',*,*,#1753,.T.);
#1753 = EDGE_CURVE('',#1743,#1754,#1756,.T.);
#1754 = VERTEX_POINT('',#1755);
#1755 = CARTESIAN_POINT('',(151.08823529411,-123.87,13.));
#1756 = LINE('',#1757,#1758);
#1757 = CARTESIAN_POINT('',(151.08823529411,-123.87,14.));
#1758 = VECTOR('',#1759,1.);
#1759 = DIRECTION('',(-0.,-0.,-1.));
#1760 = ORIENTED_EDGE('',*,*,#1761,.F.);
#1761 = EDGE_CURVE('',#1762,#1754,#1764,.T.);
#1762 = VERTEX_POINT('',#1763);
#1763 = CARTESIAN_POINT('',(147.08823529411,-123.87,13.));
#1764 = CIRCLE('',#1765,2.);
#1765 = AXIS2_PLACEMENT_3D('',#1766,#1767,#1768);
#1766 = CARTESIAN_POINT('',(149.08823529411,-123.87,13.));
#1767 = DIRECTION('',(0.,-1.,2.22044604925E-16));
#1768 = DIRECTION('',(1.,0.,0.));
#1769 = ORIENTED_EDGE('',*,*,#1770,.F.);
#1770 = EDGE_CURVE('',#1745,#1762,#1771,.T.);
#1771 = LINE('',#1772,#1773);
#1772 = CARTESIAN_POINT('',(147.08823529411,-123.87,14.));
#1773 = VECTOR('',#1774,1.);
#1774 = DIRECTION('',(-0.,-0.,-1.));
#1775 = FACE_BOUND('',#1776,.F.);
#1776 = EDGE_LOOP('',(#1777,#1788,#1796,#1805));
#1777 = ORIENTED_EDGE('',*,*,#1778,.F.);
#1778 = EDGE_CURVE('',#1779,#1781,#1783,.T.);
#1779 = VERTEX_POINT('',#1780);
#1780 = CARTESIAN_POINT('',(142.91176470588,-123.87,25.));
#1781 = VERTEX_POINT('',#1782);
#1782 = CARTESIAN_POINT('',(138.91176470588,-123.87,25.));
#1783 = CIRCLE('',#1784,2.);
#1784 = AXIS2_PLACEMENT_3D('',#1785,#1786,#1787);
#1785 = CARTESIAN_POINT('',(140.91176470588,-123.87,25.));
#1786 = DIRECTION('',(0.,-1.,2.22044604925E-16));
#1787 = DIRECTION('',(1.,0.,0.));
#1788 = ORIENTED_EDGE('',*,*,#1789,.T.);
#1789 = EDGE_CURVE('',#1779,#1790,#1792,.T.);
#1790 = VERTEX_POINT('',#1791);
#1791 = CARTESIAN_POINT('',(142.91176470588,-123.87,13.));
#1792 = LINE('',#1793,#1794);
#1793 = CARTESIAN_POINT('',(142.91176470588,-123.87,14.));
#1794 = VECTOR('',#1795,1.);
#1795 = DIRECTION('',(-0.,-0.,-1.));
#1796 = ORIENTED_EDGE('',*,*,#1797,.F.);
#1797 = EDGE_CURVE('',#1798,#1790,#1800,.T.);
#1798 = VERTEX_POINT('',#1799);
#1799 = CARTESIAN_POINT('',(138.91176470588,-123.87,13.));
#1800 = CIRCLE('',#1801,2.);
#1801 = AXIS2_PLACEMENT_3D('',#1802,#1803,#1804);
#1802 = CARTESIAN_POINT('',(140.91176470588,-123.87,13.));
#1803 = DIRECTION('',(0.,-1.,2.22044604925E-16));
#1804 = DIRECTION('',(1.,0.,0.));
#1805 = ORIENTED_EDGE('',*,*,#1806,.F.);
#1806 = EDGE_CURVE('',#1781,#1798,#1807,.T.);
#1807 = LINE('',#1808,#1809);
#1808 = CARTESIAN_POINT('',(138.91176470588,-123.87,14.));
#1809 = VECTOR('',#1810,1.);
#1810 = DIRECTION('',(-0.,-0.,-1.));
#1811 = FACE_BOUND('',#1812,.F.);
#1812 = EDGE_LOOP('',(#1813,#1824,#1832,#1841));
#1813 = ORIENTED_EDGE('',*,*,#1814,.F.);
#1814 = EDGE_CURVE('',#1815,#1817,#1819,.T.);
#1815 = VERTEX_POINT('',#1816);
#1816 = CARTESIAN_POINT('',(134.73529411764,-123.87,25.));
#1817 = VERTEX_POINT('',#1818);
#1818 = CARTESIAN_POINT('',(130.73529411764,-123.87,25.));
#1819 = CIRCLE('',#1820,2.);
#1820 = AXIS2_PLACEMENT_3D('',#1821,#1822,#1823);
#1821 = CARTESIAN_POINT('',(132.73529411764,-123.87,25.));
#1822 = DIRECTION('',(0.,-1.,2.22044604925E-16));
#1823 = DIRECTION('',(1.,0.,0.));
#1824 = ORIENTED_EDGE('',*,*,#1825,.T.);
#1825 = EDGE_CURVE('',#1815,#1826,#1828,.T.);
#1826 = VERTEX_POINT('',#1827);
#1827 = CARTESIAN_POINT('',(134.73529411764,-123.87,13.));
#1828 = LINE('',#1829,#1830);
#1829 = CARTESIAN_POINT('',(134.73529411764,-123.87,14.));
#1830 = VECTOR('',#1831,1.);
#1831 = DIRECTION('',(-0.,-0.,-1.));
#1832 = ORIENTED_EDGE('',*,*,#1833,.F.);
#1833 = EDGE_CURVE('',#1834,#1826,#1836,.T.);
#1834 = VERTEX_POINT('',#1835);
#1835 = CARTESIAN_POINT('',(130.73529411764,-123.87,13.));
#1836 = CIRCLE('',#1837,2.);
#1837 = AXIS2_PLACEMENT_3D('',#1838,#1839,#1840);
#1838 = CARTESIAN_POINT('',(132.73529411764,-123.87,13.));
#1839 = DIRECTION('',(0.,-1.,2.22044604925E-16));
#1840 = DIRECTION('',(1.,0.,0.));
#1841 = ORIENTED_EDGE('',*,*,#1842,.F.);
#1842 = EDGE_CURVE('',#1817,#1834,#1843,.T.);
#1843 = LINE('',#1844,#1845);
#1844 = CARTESIAN_POINT('',(130.73529411764,-123.87,14.));
#1845 = VECTOR('',#1846,1.);
#1846 = DIRECTION('',(-0.,-0.,-1.));
#1847 = FACE_BOUND('',#1848,.F.);
#1848 = EDGE_LOOP('',(#1849,#1860,#1868,#1877));
#1849 = ORIENTED_EDGE('',*,*,#1850,.F.);
#1850 = EDGE_CURVE('',#1851,#1853,#1855,.T.);
#1851 = VERTEX_POINT('',#1852);
#1852 = CARTESIAN_POINT('',(126.55882352941,-123.87,25.));
#1853 = VERTEX_POINT('',#1854);
#1854 = CARTESIAN_POINT('',(122.55882352941,-123.87,25.));
#1855 = CIRCLE('',#1856,2.);
#1856 = AXIS2_PLACEMENT_3D('',#1857,#1858,#1859);
#1857 = CARTESIAN_POINT('',(124.55882352941,-123.87,25.));
#1858 = DIRECTION('',(0.,-1.,2.22044604925E-16));
#1859 = DIRECTION('',(1.,0.,0.));
#1860 = ORIENTED_EDGE('',*,*,#1861,.T.);
#1861 = EDGE_CURVE('',#1851,#1862,#1864,.T.);
#1862 = VERTEX_POINT('',#1863);
#1863 = CARTESIAN_POINT('',(126.55882352941,-123.87,13.));
#1864 = LINE('',#1865,#1866);
#1865 = CARTESIAN_POINT('',(126.55882352941,-123.87,14.));
#1866 = VECTOR('',#1867,1.);
#1867 = DIRECTION('',(-0.,-0.,-1.));
#1868 = ORIENTED_EDGE('',*,*,#1869,.F.);
#1869 = EDGE_CURVE('',#1870,#1862,#1872,.T.);
#1870 = VERTEX_POINT('',#1871);
#1871 = CARTESIAN_POINT('',(122.55882352941,-123.87,13.));
#1872 = CIRCLE('',#1873,2.);
#1873 = AXIS2_PLACEMENT_3D('',#1874,#1875,#1876);
#1874 = CARTESIAN_POINT('',(124.55882352941,-123.87,13.));
#1875 = DIRECTION('',(0.,-1.,2.22044604925E-16));
#1876 = DIRECTION('',(1.,0.,0.));
#1877 = ORIENTED_EDGE('',*,*,#1878,.F.);
#1878 = EDGE_CURVE('',#1853,#1870,#1879,.T.);
#1879 = LINE('',#1880,#1881);
#1880 = CARTESIAN_POINT('',(122.55882352941,-123.87,14.));
#1881 = VECTOR('',#1882,1.);
#1882 = DIRECTION('',(-0.,-0.,-1.));
#1883 = FACE_BOUND('',#1884,.F.);
#1884 = EDGE_LOOP('',(#1885,#1896,#1904,#1913));
#1885 = ORIENTED_EDGE('',*,*,#1886,.F.);
#1886 = EDGE_CURVE('',#1887,#1889,#1891,.T.);
#1887 = VERTEX_POINT('',#1888);
#1888 = CARTESIAN_POINT('',(118.38235294117,-123.87,25.));
#1889 = VERTEX_POINT('',#1890);
#1890 = CARTESIAN_POINT('',(114.38235294117,-123.87,25.));
#1891 = CIRCLE('',#1892,2.);
#1892 = AXIS2_PLACEMENT_3D('',#1893,#1894,#1895);
#1893 = CARTESIAN_POINT('',(116.38235294117,-123.87,25.));
#1894 = DIRECTION('',(0.,-1.,2.22044604925E-16));
#1895 = DIRECTION('',(1.,0.,0.));
#1896 = ORIENTED_EDGE('',*,*,#1897,.T.);
#1897 = EDGE_CURVE('',#1887,#1898,#1900,.T.);
#1898 = VERTEX_POINT('',#1899);
#1899 = CARTESIAN_POINT('',(118.38235294117,-123.87,13.));
#1900 = LINE('',#1901,#1902);
#1901 = CARTESIAN_POINT('',(118.38235294117,-123.87,14.));
#1902 = VECTOR('',#1903,1.);
#1903 = DIRECTION('',(-0.,-0.,-1.));
#1904 = ORIENTED_EDGE('',*,*,#1905,.F.);
#1905 = EDGE_CURVE('',#1906,#1898,#1908,.T.);
#1906 = VERTEX_POINT('',#1907);
#1907 = CARTESIAN_POINT('',(114.38235294117,-123.87,13.));
#1908 = CIRCLE('',#1909,2.);
#1909 = AXIS2_PLACEMENT_3D('',#1910,#1911,#1912);
#1910 = CARTESIAN_POINT('',(116.38235294117,-123.87,13.));
#1911 = DIRECTION('',(0.,-1.,2.22044604925E-16));
#1912 = DIRECTION('',(1.,0.,0.));
#1913 = ORIENTED_EDGE('',*,*,#1914,.F.);
#1914 = EDGE_CURVE('',#1889,#1906,#1915,.T.);
#1915 = LINE('',#1916,#1917);
#1916 = CARTESIAN_POINT('',(114.38235294117,-123.87,14.));
#1917 = VECTOR('',#1918,1.);
#1918 = DIRECTION('',(-0.,-0.,-1.));
#1919 = FACE_BOUND('',#1920,.F.);
#1920 = EDGE_LOOP('',(#1921,#1932,#1940,#1949));
#1921 = ORIENTED_EDGE('',*,*,#1922,.F.);
#1922 = EDGE_CURVE('',#1923,#1925,#1927,.T.);
#1923 = VERTEX_POINT('',#1924);
#1924 = CARTESIAN_POINT('',(110.20588235294,-123.87,25.));
#1925 = VERTEX_POINT('',#1926);
#1926 = CARTESIAN_POINT('',(106.20588235294,-123.87,25.));
#1927 = CIRCLE('',#1928,2.);
#1928 = AXIS2_PLACEMENT_3D('',#1929,#1930,#1931);
#1929 = CARTESIAN_POINT('',(108.20588235294,-123.87,25.));
#1930 = DIRECTION('',(0.,-1.,2.22044604925E-16));
#1931 = DIRECTION('',(1.,0.,0.));
#1932 = ORIENTED_EDGE('',*,*,#1933,.T.);
#1933 = EDGE_CURVE('',#1923,#1934,#1936,.T.);
#1934 = VERTEX_POINT('',#1935);
#1935 = CARTESIAN_POINT('',(110.20588235294,-123.87,13.));
#1936 = LINE('',#1937,#1938);
#1937 = CARTESIAN_POINT('',(110.20588235294,-123.87,14.));
#1938 = VECTOR('',#1939,1.);
#1939 = DIRECTION('',(-0.,-0.,-1.));
#1940 = ORIENTED_EDGE('',*,*,#1941,.F.);
#1941 = EDGE_CURVE('',#1942,#1934,#1944,.T.);
#1942 = VERTEX_POINT('',#1943);
#1943 = CARTESIAN_POINT('',(106.20588235294,-123.87,13.));
#1944 = CIRCLE('',#1945,2.);
#1945 = AXIS2_PLACEMENT_3D('',#1946,#1947,#1948);
#1946 = CARTESIAN_POINT('',(108.20588235294,-123.87,13.));
#1947 = DIRECTION('',(0.,-1.,2.22044604925E-16));
#1948 = DIRECTION('',(1.,0.,0.));
#1949 = ORIENTED_EDGE('',*,*,#1950,.F.);
#1950 = EDGE_CURVE('',#1925,#1942,#1951,.T.);
#1951 = LINE('',#1952,#1953);
#1952 = CARTESIAN_POINT('',(106.20588235294,-123.87,14.));
#1953 = VECTOR('',#1954,1.);
#1954 = DIRECTION('',(-0.,-0.,-1.));
#1955 = FACE_BOUND('',#1956,.F.);
#1956 = EDGE_LOOP('',(#1957,#1968,#1976,#1985));
#1957 = ORIENTED_EDGE('',*,*,#1958,.F.);
#1958 = EDGE_CURVE('',#1959,#1961,#1963,.T.);
#1959 = VERTEX_POINT('',#1960);
#1960 = CARTESIAN_POINT('',(102.0294117647,-123.87,25.));
#1961 = VERTEX_POINT('',#1962);
#1962 = CARTESIAN_POINT('',(98.029411764706,-123.87,25.));
#1963 = CIRCLE('',#1964,2.);
#1964 = AXIS2_PLACEMENT_3D('',#1965,#1966,#1967);
#1965 = CARTESIAN_POINT('',(100.0294117647,-123.87,25.));
#1966 = DIRECTION('',(0.,-1.,2.22044604925E-16));
#1967 = DIRECTION('',(1.,0.,0.));
#1968 = ORIENTED_EDGE('',*,*,#1969,.T.);
#1969 = EDGE_CURVE('',#1959,#1970,#1972,.T.);
#1970 = VERTEX_POINT('',#1971);
#1971 = CARTESIAN_POINT('',(102.0294117647,-123.87,13.));
#1972 = LINE('',#1973,#1974);
#1973 = CARTESIAN_POINT('',(102.0294117647,-123.87,14.));
#1974 = VECTOR('',#1975,1.);
#1975 = DIRECTION('',(-0.,-0.,-1.));
#1976 = ORIENTED_EDGE('',*,*,#1977,.F.);
#1977 = EDGE_CURVE('',#1978,#1970,#1980,.T.);
#1978 = VERTEX_POINT('',#1979);
#1979 = CARTESIAN_POINT('',(98.029411764706,-123.87,13.));
#1980 = CIRCLE('',#1981,2.);
#1981 = AXIS2_PLACEMENT_3D('',#1982,#1983,#1984);
#1982 = CARTESIAN_POINT('',(100.0294117647,-123.87,13.));
#1983 = DIRECTION('',(0.,-1.,2.22044604925E-16));
#1984 = DIRECTION('',(1.,0.,0.));
#1985 = ORIENTED_EDGE('',*,*,#1986,.F.);
#1986 = EDGE_CURVE('',#1961,#1978,#1987,.T.);
#1987 = LINE('',#1988,#1989);
#1988 = CARTESIAN_POINT('',(98.029411764706,-123.87,14.));
#1989 = VECTOR('',#1990,1.);
#1990 = DIRECTION('',(-0.,-0.,-1.));
#1991 = FACE_BOUND('',#1992,.F.);
#1992 = EDGE_LOOP('',(#1993,#2004,#2012,#2021));
#1993 = ORIENTED_EDGE('',*,*,#1994,.F.);
#1994 = EDGE_CURVE('',#1995,#1997,#1999,.T.);
#1995 = VERTEX_POINT('',#1996);
#1996 = CARTESIAN_POINT('',(93.852941176471,-123.87,25.));
#1997 = VERTEX_POINT('',#1998);
#1998 = CARTESIAN_POINT('',(89.852941176471,-123.87,25.));
#1999 = CIRCLE('',#2000,2.);
#2000 = AXIS2_PLACEMENT_3D('',#2001,#2002,#2003);
#2001 = CARTESIAN_POINT('',(91.852941176471,-123.87,25.));
#2002 = DIRECTION('',(0.,-1.,2.22044604925E-16));
#2003 = DIRECTION('',(1.,0.,0.));
#2004 = ORIENTED_EDGE('',*,*,#2005,.T.);
#2005 = EDGE_CURVE('',#1995,#2006,#2008,.T.);
#2006 = VERTEX_POINT('',#2007);
#2007 = CARTESIAN_POINT('',(93.852941176471,-123.87,13.));
#2008 = LINE('',#2009,#2010);
#2009 = CARTESIAN_POINT('',(93.852941176471,-123.87,14.));
#2010 = VECTOR('',#2011,1.);
#2011 = DIRECTION('',(-0.,-0.,-1.));
#2012 = ORIENTED_EDGE('',*,*,#2013,.F.);
#2013 = EDGE_CURVE('',#2014,#2006,#2016,.T.);
#2014 = VERTEX_POINT('',#2015);
#2015 = CARTESIAN_POINT('',(89.852941176471,-123.87,13.));
#2016 = CIRCLE('',#2017,2.);
#2017 = AXIS2_PLACEMENT_3D('',#2018,#2019,#2020);
#2018 = CARTESIAN_POINT('',(91.852941176471,-123.87,13.));
#2019 = DIRECTION('',(0.,-1.,2.22044604925E-16));
#2020 = DIRECTION('',(1.,0.,0.));
#2021 = ORIENTED_EDGE('',*,*,#2022,.F.);
#2022 = EDGE_CURVE('',#1997,#2014,#2023,.T.);
#2023 = LINE('',#2024,#2025);
#2024 = CARTESIAN_POINT('',(89.852941176471,-123.87,14.));
#2025 = VECTOR('',#2026,1.);
#2026 = DIRECTION('',(-0.,-0.,-1.));
#2027 = FACE_BOUND('',#2028,.F.);
#2028 = EDGE_LOOP('',(#2029,#2040,#2048,#2057));
#2029 = ORIENTED_EDGE('',*,*,#2030,.F.);
#2030 = EDGE_CURVE('',#2031,#2033,#2035,.T.);
#2031 = VERTEX_POINT('',#2032);
#2032 = CARTESIAN_POINT('',(85.676470588235,-123.87,25.));
#2033 = VERTEX_POINT('',#2034);
#2034 = CARTESIAN_POINT('',(81.676470588235,-123.87,25.));
#2035 = CIRCLE('',#2036,2.);
#2036 = AXIS2_PLACEMENT_3D('',#2037,#2038,#2039);
#2037 = CARTESIAN_POINT('',(83.676470588235,-123.87,25.));
#2038 = DIRECTION('',(0.,-1.,2.22044604925E-16));
#2039 = DIRECTION('',(1.,0.,0.));
#2040 = ORIENTED_EDGE('',*,*,#2041,.T.);
#2041 = EDGE_CURVE('',#2031,#2042,#2044,.T.);
#2042 = VERTEX_POINT('',#2043);
#2043 = CARTESIAN_POINT('',(85.676470588235,-123.87,13.));
#2044 = LINE('',#2045,#2046);
#2045 = CARTESIAN_POINT('',(85.676470588235,-123.87,14.));
#2046 = VECTOR('',#2047,1.);
#2047 = DIRECTION('',(-0.,-0.,-1.));
#2048 = ORIENTED_EDGE('',*,*,#2049,.F.);
#2049 = EDGE_CURVE('',#2050,#2042,#2052,.T.);
#2050 = VERTEX_POINT('',#2051);
#2051 = CARTESIAN_POINT('',(81.676470588235,-123.87,13.));
#2052 = CIRCLE('',#2053,2.);
#2053 = AXIS2_PLACEMENT_3D('',#2054,#2055,#2056);
#2054 = CARTESIAN_POINT('',(83.676470588235,-123.87,13.));
#2055 = DIRECTION('',(0.,-1.,2.22044604925E-16));
#2056 = DIRECTION('',(1.,0.,0.));
#2057 = ORIENTED_EDGE('',*,*,#2058,.F.);
#2058 = EDGE_CURVE('',#2033,#2050,#2059,.T.);
#2059 = LINE('',#2060,#2061);
#2060 = CARTESIAN_POINT('',(81.676470588235,-123.87,14.));
#2061 = VECTOR('',#2062,1.);
#2062 = DIRECTION('',(-0.,-0.,-1.));
#2063 = FACE_BOUND('',#2064,.F.);
#2064 = EDGE_LOOP('',(#2065,#2076,#2084,#2093));
#2065 = ORIENTED_EDGE('',*,*,#2066,.F.);
#2066 = EDGE_CURVE('',#2067,#2069,#2071,.T.);
#2067 = VERTEX_POINT('',#2068);
#2068 = CARTESIAN_POINT('',(77.5,-123.87,25.));
#2069 = VERTEX_POINT('',#2070);
#2070 = CARTESIAN_POINT('',(73.5,-123.87,25.));
#2071 = CIRCLE('',#2072,2.);
#2072 = AXIS2_PLACEMENT_3D('',#2073,#2074,#2075);
#2073 = CARTESIAN_POINT('',(75.5,-123.87,25.));
#2074 = DIRECTION('',(0.,-1.,2.22044604925E-16));
#2075 = DIRECTION('',(1.,0.,0.));
#2076 = ORIENTED_EDGE('',*,*,#2077,.T.);
#2077 = EDGE_CURVE('',#2067,#2078,#2080,.T.);
#2078 = VERTEX_POINT('',#2079);
#2079 = CARTESIAN_POINT('',(77.5,-123.87,13.));
#2080 = LINE('',#2081,#2082);
#2081 = CARTESIAN_POINT('',(77.5,-123.87,14.));
#2082 = VECTOR('',#2083,1.);
#2083 = DIRECTION('',(0.,0.,-1.));
#2084 = ORIENTED_EDGE('',*,*,#2085,.F.);
#2085 = EDGE_CURVE('',#2086,#2078,#2088,.T.);
#2086 = VERTEX_POINT('',#2087);
#2087 = CARTESIAN_POINT('',(73.5,-123.87,13.));
#2088 = CIRCLE('',#2089,2.);
#2089 = AXIS2_PLACEMENT_3D('',#2090,#2091,#2092);
#2090 = CARTESIAN_POINT('',(75.5,-123.87,13.));
#2091 = DIRECTION('',(0.,-1.,2.22044604925E-16));
#2092 = DIRECTION('',(1.,0.,0.));
#2093 = ORIENTED_EDGE('',*,*,#2094,.F.);
#2094 = EDGE_CURVE('',#2069,#2086,#2095,.T.);
#2095 = LINE('',#2096,#2097);
#2096 = CARTESIAN_POINT('',(73.5,-123.87,14.));
#2097 = VECTOR('',#2098,1.);
#2098 = DIRECTION('',(0.,0.,-1.));
#2099 = FACE_BOUND('',#2100,.F.);
#2100 = EDGE_LOOP('',(#2101));
#2101 = ORIENTED_EDGE('',*,*,#2102,.T.);
#2102 = EDGE_CURVE('',#2103,#2103,#2105,.T.);
#2103 = VERTEX_POINT('',#2104);
#2104 = CARTESIAN_POINT('',(239.5,-123.87,6.));
#2105 = CIRCLE('',#2106,1.);
#2106 = AXIS2_PLACEMENT_3D('',#2107,#2108,#2109);
#2107 = CARTESIAN_POINT('',(240.5,-123.87,6.));
#2108 = DIRECTION('',(0.,1.,-2.22044604925E-16));
#2109 = DIRECTION('',(-1.,0.,0.));
#2110 = FACE_BOUND('',#2111,.F.);
#2111 = EDGE_LOOP('',(#2112));
#2112 = ORIENTED_EDGE('',*,*,#2113,.T.);
#2113 = EDGE_CURVE('',#2114,#2114,#2116,.T.);
#2114 = VERTEX_POINT('',#2115);
#2115 = CARTESIAN_POINT('',(73.55,-123.87,6.));
#2116 = CIRCLE('',#2117,1.);
#2117 = AXIS2_PLACEMENT_3D('',#2118,#2119,#2120);
#2118 = CARTESIAN_POINT('',(74.55,-123.87,6.));
#2119 = DIRECTION('',(0.,1.,-2.22044604925E-16));
#2120 = DIRECTION('',(-1.,0.,0.));
#2121 = PLANE('',#2122);
#2122 = AXIS2_PLACEMENT_3D('',#2123,#2124,#2125);
#2123 = CARTESIAN_POINT('',(244.75,-123.87,3.));
#2124 = DIRECTION('',(0.,-1.,0.));
#2125 = DIRECTION('',(-1.,0.,0.));
#2126 = ADVANCED_FACE('',(#2127),#2153,.F.);
#2127 = FACE_BOUND('',#2128,.F.);
#2128 = EDGE_LOOP('',(#2129,#2130,#2131,#2139,#2145,#2146,#2147,#2148,
    #2149,#2150,#2151,#2152));
#2129 = ORIENTED_EDGE('',*,*,#159,.F.);
#2130 = ORIENTED_EDGE('',*,*,#1445,.T.);
#2131 = ORIENTED_EDGE('',*,*,#2132,.T.);
#2132 = EDGE_CURVE('',#1438,#2133,#2135,.T.);
#2133 = VERTEX_POINT('',#2134);
#2134 = CARTESIAN_POINT('',(70.25,-69.37,34.5));
#2135 = LINE('',#2136,#2137);
#2136 = CARTESIAN_POINT('',(70.25,-123.87,34.5));
#2137 = VECTOR('',#2138,1.);
#2138 = DIRECTION('',(0.,1.,0.));
#2139 = ORIENTED_EDGE('',*,*,#2140,.F.);
#2140 = EDGE_CURVE('',#405,#2133,#2141,.T.);
#2141 = LINE('',#2142,#2143);
#2142 = CARTESIAN_POINT('',(70.25,-69.37,3.));
#2143 = VECTOR('',#2144,1.);
#2144 = DIRECTION('',(0.,0.,1.));
#2145 = ORIENTED_EDGE('',*,*,#404,.F.);
#2146 = ORIENTED_EDGE('',*,*,#475,.F.);
#2147 = ORIENTED_EDGE('',*,*,#516,.T.);
#2148 = ORIENTED_EDGE('',*,*,#492,.F.);
#2149 = ORIENTED_EDGE('',*,*,#452,.F.);
#2150 = ORIENTED_EDGE('',*,*,#347,.F.);
#2151 = ORIENTED_EDGE('',*,*,#297,.T.);
#2152 = ORIENTED_EDGE('',*,*,#233,.F.);
#2153 = PLANE('',#2154);
#2154 = AXIS2_PLACEMENT_3D('',#2155,#2156,#2157);
#2155 = CARTESIAN_POINT('',(70.25,-123.87,3.));
#2156 = DIRECTION('',(-1.,0.,0.));
#2157 = DIRECTION('',(0.,1.,0.));
#2158 = ADVANCED_FACE('',(#2159),#2170,.T.);
#2159 = FACE_BOUND('',#2160,.F.);
#2160 = EDGE_LOOP('',(#2161,#2168,#2169));
#2161 = ORIENTED_EDGE('',*,*,#2162,.F.);
#2162 = EDGE_CURVE('',#207,#266,#2163,.T.);
#2163 = CIRCLE('',#2164,2.);
#2164 = AXIS2_PLACEMENT_3D('',#2165,#2166,#2167);
#2165 = CARTESIAN_POINT('',(69.5,-124.62,35.));
#2166 = DIRECTION('',(-1.,0.,0.));
#2167 = DIRECTION('',(0.,0.,1.));
#2168 = ORIENTED_EDGE('',*,*,#206,.T.);
#2169 = ORIENTED_EDGE('',*,*,#273,.F.);
#2170 = SPHERICAL_SURFACE('',#2171,2.);
#2171 = AXIS2_PLACEMENT_3D('',#2172,#2173,#2174);
#2172 = CARTESIAN_POINT('',(69.5,-124.62,35.));
#2173 = DIRECTION('',(0.,1.,0.));
#2174 = DIRECTION('',(0.,0.,1.));
#2175 = ADVANCED_FACE('',(#2176),#2187,.T.);
#2176 = FACE_BOUND('',#2177,.T.);
#2177 = EDGE_LOOP('',(#2178,#2185,#2186));
#2178 = ORIENTED_EDGE('',*,*,#2179,.F.);
#2179 = EDGE_CURVE('',#313,#257,#2180,.T.);
#2180 = CIRCLE('',#2181,2.);
#2181 = AXIS2_PLACEMENT_3D('',#2182,#2183,#2184);
#2182 = CARTESIAN_POINT('',(69.5,-68.62,35.));
#2183 = DIRECTION('',(1.,0.,-0.));
#2184 = DIRECTION('',(0.,0.,1.));
#2185 = ORIENTED_EDGE('',*,*,#312,.T.);
#2186 = ORIENTED_EDGE('',*,*,#256,.F.);
#2187 = SPHERICAL_SURFACE('',#2188,2.);
#2188 = AXIS2_PLACEMENT_3D('',#2189,#2190,#2191);
#2189 = CARTESIAN_POINT('',(69.5,-68.62,35.));
#2190 = DIRECTION('',(0.,-1.,0.));
#2191 = DIRECTION('',(0.,0.,1.));
#2192 = ADVANCED_FACE('',(#2193,#2218,#2316,#2327,#2363,#2399,#2410,
    #2446,#2536,#2547,#2558,#2592,#2628,#2664),#2675,.T.);
#2193 = FACE_BOUND('',#2194,.T.);
#2194 = EDGE_LOOP('',(#2195,#2196,#2204,#2212));
#2195 = ORIENTED_EDGE('',*,*,#265,.T.);
#2196 = ORIENTED_EDGE('',*,*,#2197,.T.);
#2197 = EDGE_CURVE('',#266,#2198,#2200,.T.);
#2198 = VERTEX_POINT('',#2199);
#2199 = CARTESIAN_POINT('',(245.5,-124.62,37.));
#2200 = LINE('',#2201,#2202);
#2201 = CARTESIAN_POINT('',(67.5,-124.62,37.));
#2202 = VECTOR('',#2203,1.);
#2203 = DIRECTION('',(1.,0.,0.));
#2204 = ORIENTED_EDGE('',*,*,#2205,.T.);
#2205 = EDGE_CURVE('',#2198,#2206,#2208,.T.);
#2206 = VERTEX_POINT('',#2207);
#2207 = CARTESIAN_POINT('',(245.5,-68.62,37.));
#2208 = LINE('',#2209,#2210);
#2209 = CARTESIAN_POINT('',(245.5,-126.62,37.));
#2210 = VECTOR('',#2211,1.);
#2211 = DIRECTION('',(0.,1.,0.));
#2212 = ORIENTED_EDGE('',*,*,#2213,.T.);
#2213 = EDGE_CURVE('',#2206,#257,#2214,.T.);
#2214 = LINE('',#2215,#2216);
#2215 = CARTESIAN_POINT('',(247.5,-68.62,37.));
#2216 = VECTOR('',#2217,1.);
#2217 = DIRECTION('',(-1.,0.,0.));
#2218 = FACE_BOUND('',#2219,.T.);
#2219 = EDGE_LOOP('',(#2220,#2230,#2238,#2246,#2254,#2262,#2270,#2278,
    #2286,#2294,#2302,#2310));
#2220 = ORIENTED_EDGE('',*,*,#2221,.F.);
#2221 = EDGE_CURVE('',#2222,#2224,#2226,.T.);
#2222 = VERTEX_POINT('',#2223);
#2223 = CARTESIAN_POINT('',(76.5307999,-113.62,37.));
#2224 = VERTEX_POINT('',#2225);
#2225 = CARTESIAN_POINT('',(74.5307999,-113.62,37.));
#2226 = LINE('',#2227,#2228);
#2227 = CARTESIAN_POINT('',(76.5307999,-113.62,37.));
#2228 = VECTOR('',#2229,1.);
#2229 = DIRECTION('',(-1.,0.,0.));
#2230 = ORIENTED_EDGE('',*,*,#2231,.T.);
#2231 = EDGE_CURVE('',#2222,#2232,#2234,.T.);
#2232 = VERTEX_POINT('',#2233);
#2233 = CARTESIAN_POINT('',(76.5307999,-116.62,37.));
#2234 = LINE('',#2235,#2236);
#2235 = CARTESIAN_POINT('',(76.5307999,-113.62,37.));
#2236 = VECTOR('',#2237,1.);
#2237 = DIRECTION('',(0.,-1.,0.));
#2238 = ORIENTED_EDGE('',*,*,#2239,.F.);
#2239 = EDGE_CURVE('',#2240,#2232,#2242,.T.);
#2240 = VERTEX_POINT('',#2241);
#2241 = CARTESIAN_POINT('',(79.5307999,-116.62,37.));
#2242 = LINE('',#2243,#2244);
#2243 = CARTESIAN_POINT('',(79.5307999,-116.62,37.));
#2244 = VECTOR('',#2245,1.);
#2245 = DIRECTION('',(-1.,0.,0.));
#2246 = ORIENTED_EDGE('',*,*,#2247,.F.);
#2247 = EDGE_CURVE('',#2248,#2240,#2250,.T.);
#2248 = VERTEX_POINT('',#2249);
#2249 = CARTESIAN_POINT('',(79.5307999,-118.62,37.));
#2250 = LINE('',#2251,#2252);
#2251 = CARTESIAN_POINT('',(79.5307999,-118.62,37.));
#2252 = VECTOR('',#2253,1.);
#2253 = DIRECTION('',(0.,1.,0.));
#2254 = ORIENTED_EDGE('',*,*,#2255,.F.);
#2255 = EDGE_CURVE('',#2256,#2248,#2258,.T.);
#2256 = VERTEX_POINT('',#2257);
#2257 = CARTESIAN_POINT('',(76.5307999,-118.62,37.));
#2258 = LINE('',#2259,#2260);
#2259 = CARTESIAN_POINT('',(76.5307999,-118.62,37.));
#2260 = VECTOR('',#2261,1.);
#2261 = DIRECTION('',(1.,0.,0.));
#2262 = ORIENTED_EDGE('',*,*,#2263,.T.);
#2263 = EDGE_CURVE('',#2256,#2264,#2266,.T.);
#2264 = VERTEX_POINT('',#2265);
#2265 = CARTESIAN_POINT('',(76.5307999,-121.62,37.));
#2266 = LINE('',#2267,#2268);
#2267 = CARTESIAN_POINT('',(76.5307999,-118.62,37.));
#2268 = VECTOR('',#2269,1.);
#2269 = DIRECTION('',(0.,-1.,0.));
#2270 = ORIENTED_EDGE('',*,*,#2271,.F.);
#2271 = EDGE_CURVE('',#2272,#2264,#2274,.T.);
#2272 = VERTEX_POINT('',#2273);
#2273 = CARTESIAN_POINT('',(74.5307999,-121.62,37.));
#2274 = LINE('',#2275,#2276);
#2275 = CARTESIAN_POINT('',(74.5307999,-121.62,37.));
#2276 = VECTOR('',#2277,1.);
#2277 = DIRECTION('',(1.,0.,0.));
#2278 = ORIENTED_EDGE('',*,*,#2279,.F.);
#2279 = EDGE_CURVE('',#2280,#2272,#2282,.T.);
#2280 = VERTEX_POINT('',#2281);
#2281 = CARTESIAN_POINT('',(74.5307999,-118.62,37.));
#2282 = LINE('',#2283,#2284);
#2283 = CARTESIAN_POINT('',(74.5307999,-118.62,37.));
#2284 = VECTOR('',#2285,1.);
#2285 = DIRECTION('',(0.,-1.,0.));
#2286 = ORIENTED_EDGE('',*,*,#2287,.F.);
#2287 = EDGE_CURVE('',#2288,#2280,#2290,.T.);
#2288 = VERTEX_POINT('',#2289);
#2289 = CARTESIAN_POINT('',(71.5307999,-118.62,37.));
#2290 = LINE('',#2291,#2292);
#2291 = CARTESIAN_POINT('',(71.5307999,-118.62,37.));
#2292 = VECTOR('',#2293,1.);
#2293 = DIRECTION('',(1.,0.,0.));
#2294 = ORIENTED_EDGE('',*,*,#2295,.F.);
#2295 = EDGE_CURVE('',#2296,#2288,#2298,.T.);
#2296 = VERTEX_POINT('',#2297);
#2297 = CARTESIAN_POINT('',(71.5307999,-116.62,37.));
#2298 = LINE('',#2299,#2300);
#2299 = CARTESIAN_POINT('',(71.5307999,-116.62,37.));
#2300 = VECTOR('',#2301,1.);
#2301 = DIRECTION('',(0.,-1.,0.));
#2302 = ORIENTED_EDGE('',*,*,#2303,.F.);
#2303 = EDGE_CURVE('',#2304,#2296,#2306,.T.);
#2304 = VERTEX_POINT('',#2305);
#2305 = CARTESIAN_POINT('',(74.5307999,-116.62,37.));
#2306 = LINE('',#2307,#2308);
#2307 = CARTESIAN_POINT('',(74.5307999,-116.62,37.));
#2308 = VECTOR('',#2309,1.);
#2309 = DIRECTION('',(-1.,0.,0.));
#2310 = ORIENTED_EDGE('',*,*,#2311,.F.);
#2311 = EDGE_CURVE('',#2224,#2304,#2312,.T.);
#2312 = LINE('',#2313,#2314);
#2313 = CARTESIAN_POINT('',(74.5307999,-113.62,37.));
#2314 = VECTOR('',#2315,1.);
#2315 = DIRECTION('',(0.,-1.,0.));
#2316 = FACE_BOUND('',#2317,.T.);
#2317 = EDGE_LOOP('',(#2318));
#2318 = ORIENTED_EDGE('',*,*,#2319,.F.);
#2319 = EDGE_CURVE('',#2320,#2320,#2322,.T.);
#2320 = VERTEX_POINT('',#2321);
#2321 = CARTESIAN_POINT('',(82.802628,-110.843498,37.));
#2322 = CIRCLE('',#2323,2.);
#2323 = AXIS2_PLACEMENT_3D('',#2324,#2325,#2326);
#2324 = CARTESIAN_POINT('',(80.802628,-110.843498,37.));
#2325 = DIRECTION('',(0.,0.,1.));
#2326 = DIRECTION('',(1.,0.,0.));
#2327 = FACE_BOUND('',#2328,.T.);
#2328 = EDGE_LOOP('',(#2329,#2340,#2348,#2357));
#2329 = ORIENTED_EDGE('',*,*,#2330,.F.);
#2330 = EDGE_CURVE('',#2331,#2333,#2335,.T.);
#2331 = VERTEX_POINT('',#2332);
#2332 = CARTESIAN_POINT('',(87.5,-116.1663345811,37.));
#2333 = VERTEX_POINT('',#2334);
#2334 = CARTESIAN_POINT('',(87.5,-120.1663345811,37.));
#2335 = CIRCLE('',#2336,2.);
#2336 = AXIS2_PLACEMENT_3D('',#2337,#2338,#2339);
#2337 = CARTESIAN_POINT('',(87.5,-118.1663345811,37.));
#2338 = DIRECTION('',(0.,0.,1.));
#2339 = DIRECTION('',(1.,0.,0.));
#2340 = ORIENTED_EDGE('',*,*,#2341,.T.);
#2341 = EDGE_CURVE('',#2331,#2342,#2344,.T.);
#2342 = VERTEX_POINT('',#2343);
#2343 = CARTESIAN_POINT('',(205.5,-116.1663345811,37.));
#2344 = LINE('',#2345,#2346);
#2345 = CARTESIAN_POINT('',(87.5,-116.1663345811,37.));
#2346 = VECTOR('',#2347,1.);
#2347 = DIRECTION('',(1.,0.,0.));
#2348 = ORIENTED_EDGE('',*,*,#2349,.F.);
#2349 = EDGE_CURVE('',#2350,#2342,#2352,.T.);
#2350 = VERTEX_POINT('',#2351);
#2351 = CARTESIAN_POINT('',(205.5,-120.1663345811,37.));
#2352 = CIRCLE('',#2353,2.);
#2353 = AXIS2_PLACEMENT_3D('',#2354,#2355,#2356);
#2354 = CARTESIAN_POINT('',(205.5,-118.1663345811,37.));
#2355 = DIRECTION('',(0.,0.,1.));
#2356 = DIRECTION('',(1.,0.,0.));
#2357 = ORIENTED_EDGE('',*,*,#2358,.F.);
#2358 = EDGE_CURVE('',#2333,#2350,#2359,.T.);
#2359 = LINE('',#2360,#2361);
#2360 = CARTESIAN_POINT('',(87.5,-120.1663345811,37.));
#2361 = VECTOR('',#2362,1.);
#2362 = DIRECTION('',(1.,0.,0.));
#2363 = FACE_BOUND('',#2364,.T.);
#2364 = EDGE_LOOP('',(#2365,#2376,#2384,#2393));
#2365 = ORIENTED_EDGE('',*,*,#2366,.F.);
#2366 = EDGE_CURVE('',#2367,#2369,#2371,.T.);
#2367 = VERTEX_POINT('',#2368);
#2368 = CARTESIAN_POINT('',(87.5,-108.1663345811,37.));
#2369 = VERTEX_POINT('',#2370);
#2370 = CARTESIAN_POINT('',(87.5,-112.1663345811,37.));
#2371 = CIRCLE('',#2372,2.);
#2372 = AXIS2_PLACEMENT_3D('',#2373,#2374,#2375);
#2373 = CARTESIAN_POINT('',(87.5,-110.1663345811,37.));
#2374 = DIRECTION('',(0.,0.,1.));
#2375 = DIRECTION('',(1.,0.,0.));
#2376 = ORIENTED_EDGE('',*,*,#2377,.T.);
#2377 = EDGE_CURVE('',#2367,#2378,#2380,.T.);
#2378 = VERTEX_POINT('',#2379);
#2379 = CARTESIAN_POINT('',(205.5,-108.1663345811,37.));
#2380 = LINE('',#2381,#2382);
#2381 = CARTESIAN_POINT('',(87.5,-108.1663345811,37.));
#2382 = VECTOR('',#2383,1.);
#2383 = DIRECTION('',(1.,0.,0.));
#2384 = ORIENTED_EDGE('',*,*,#2385,.F.);
#2385 = EDGE_CURVE('',#2386,#2378,#2388,.T.);
#2386 = VERTEX_POINT('',#2387);
#2387 = CARTESIAN_POINT('',(205.5,-112.1663345811,37.));
#2388 = CIRCLE('',#2389,2.);
#2389 = AXIS2_PLACEMENT_3D('',#2390,#2391,#2392);
#2390 = CARTESIAN_POINT('',(205.5,-110.1663345811,37.));
#2391 = DIRECTION('',(0.,0.,1.));
#2392 = DIRECTION('',(1.,0.,0.));
#2393 = ORIENTED_EDGE('',*,*,#2394,.F.);
#2394 = EDGE_CURVE('',#2369,#2386,#2395,.T.);
#2395 = LINE('',#2396,#2397);
#2396 = CARTESIAN_POINT('',(87.5,-112.1663345811,37.));
#2397 = VECTOR('',#2398,1.);
#2398 = DIRECTION('',(1.,0.,0.));
#2399 = FACE_BOUND('',#2400,.T.);
#2400 = EDGE_LOOP('',(#2401));
#2401 = ORIENTED_EDGE('',*,*,#2402,.F.);
#2402 = EDGE_CURVE('',#2403,#2403,#2405,.T.);
#2403 = VERTEX_POINT('',#2404);
#2404 = CARTESIAN_POINT('',(82.802628,-105.843498,37.));
#2405 = CIRCLE('',#2406,2.);
#2406 = AXIS2_PLACEMENT_3D('',#2407,#2408,#2409);
#2407 = CARTESIAN_POINT('',(80.802628,-105.843498,37.));
#2408 = DIRECTION('',(0.,0.,1.));
#2409 = DIRECTION('',(1.,0.,0.));
#2410 = FACE_BOUND('',#2411,.T.);
#2411 = EDGE_LOOP('',(#2412,#2423,#2431,#2440));
#2412 = ORIENTED_EDGE('',*,*,#2413,.F.);
#2413 = EDGE_CURVE('',#2414,#2416,#2418,.T.);
#2414 = VERTEX_POINT('',#2415);
#2415 = CARTESIAN_POINT('',(87.5,-100.1663345811,37.));
#2416 = VERTEX_POINT('',#2417);
#2417 = CARTESIAN_POINT('',(87.5,-104.1663345811,37.));
#2418 = CIRCLE('',#2419,2.);
#2419 = AXIS2_PLACEMENT_3D('',#2420,#2421,#2422);
#2420 = CARTESIAN_POINT('',(87.5,-102.1663345811,37.));
#2421 = DIRECTION('',(0.,0.,1.));
#2422 = DIRECTION('',(1.,0.,0.));
#2423 = ORIENTED_EDGE('',*,*,#2424,.T.);
#2424 = EDGE_CURVE('',#2414,#2425,#2427,.T.);
#2425 = VERTEX_POINT('',#2426);
#2426 = CARTESIAN_POINT('',(144.5,-100.1663345811,37.));
#2427 = LINE('',#2428,#2429);
#2428 = CARTESIAN_POINT('',(87.5,-100.1663345811,37.));
#2429 = VECTOR('',#2430,1.);
#2430 = DIRECTION('',(1.,0.,0.));
#2431 = ORIENTED_EDGE('',*,*,#2432,.F.);
#2432 = EDGE_CURVE('',#2433,#2425,#2435,.T.);
#2433 = VERTEX_POINT('',#2434);
#2434 = CARTESIAN_POINT('',(144.5,-104.1663345811,37.));
#2435 = CIRCLE('',#2436,2.);
#2436 = AXIS2_PLACEMENT_3D('',#2437,#2438,#2439);
#2437 = CARTESIAN_POINT('',(144.5,-102.1663345811,37.));
#2438 = DIRECTION('',(0.,0.,1.));
#2439 = DIRECTION('',(1.,0.,0.));
#2440 = ORIENTED_EDGE('',*,*,#2441,.F.);
#2441 = EDGE_CURVE('',#2416,#2433,#2442,.T.);
#2442 = LINE('',#2443,#2444);
#2443 = CARTESIAN_POINT('',(87.5,-104.1663345811,37.));
#2444 = VECTOR('',#2445,1.);
#2445 = DIRECTION('',(1.,0.,0.));
#2446 = FACE_BOUND('',#2447,.T.);
#2447 = EDGE_LOOP('',(#2448,#2458,#2466,#2474,#2482,#2490,#2498,#2506,
    #2514,#2522,#2530));
#2448 = ORIENTED_EDGE('',*,*,#2449,.F.);
#2449 = EDGE_CURVE('',#2450,#2452,#2454,.T.);
#2450 = VERTEX_POINT('',#2451);
#2451 = CARTESIAN_POINT('',(72.1426,-85.6515,37.));
#2452 = VERTEX_POINT('',#2453);
#2453 = CARTESIAN_POINT('',(70.936873327472,-97.04035293604,37.));
#2454 = LINE('',#2455,#2456);
#2455 = CARTESIAN_POINT('',(72.1426,-85.6515,37.));
#2456 = VECTOR('',#2457,1.);
#2457 = DIRECTION('',(-0.105280655788,-0.994442549128,0.));
#2458 = ORIENTED_EDGE('',*,*,#2459,.T.);
#2459 = EDGE_CURVE('',#2450,#2460,#2462,.T.);
#2460 = VERTEX_POINT('',#2461);
#2461 = CARTESIAN_POINT('',(75.95663825229,-84.42842995337,37.));
#2462 = LINE('',#2463,#2464);
#2463 = CARTESIAN_POINT('',(72.1426,-85.6515,37.));
#2464 = VECTOR('',#2465,1.);
#2465 = DIRECTION('',(0.952237149261,0.305359479248,0.));
#2466 = ORIENTED_EDGE('',*,*,#2467,.F.);
#2467 = EDGE_CURVE('',#2468,#2460,#2470,.T.);
#2468 = VERTEX_POINT('',#2469);
#2469 = CARTESIAN_POINT('',(73.372621411404,-94.87911024449,37.));
#2470 = LINE('',#2471,#2472);
#2471 = CARTESIAN_POINT('',(73.372621411404,-94.87911024449,37.));
#2472 = VECTOR('',#2473,1.);
#2473 = DIRECTION('',(0.24002977768,0.970765525669,0.));
#2474 = ORIENTED_EDGE('',*,*,#2475,.F.);
#2475 = EDGE_CURVE('',#2476,#2468,#2478,.T.);
#2476 = VERTEX_POINT('',#2477);
#2477 = CARTESIAN_POINT('',(78.119463003328,-93.35691267249,37.));
#2478 = LINE('',#2479,#2480);
#2479 = CARTESIAN_POINT('',(78.119463003328,-93.35691267249,37.));
#2480 = VECTOR('',#2481,1.);
#2481 = DIRECTION('',(-0.952237149261,-0.305359479248,0.));
#2482 = ORIENTED_EDGE('',*,*,#2483,.F.);
#2483 = EDGE_CURVE('',#2484,#2476,#2486,.T.);
#2484 = VERTEX_POINT('',#2485);
#2485 = CARTESIAN_POINT('',(73.72301,-104.412954,37.));
#2486 = LINE('',#2487,#2488);
#2487 = CARTESIAN_POINT('',(73.72301,-104.412954,37.));
#2488 = VECTOR('',#2489,1.);
#2489 = DIRECTION('',(0.369508744282,0.929227253098,0.));
#2490 = ORIENTED_EDGE('',*,*,#2491,.F.);
#2491 = EDGE_CURVE('',#2492,#2484,#2494,.T.);
#2492 = VERTEX_POINT('',#2493);
#2493 = CARTESIAN_POINT('',(74.928388,-104.49477,37.));
#2494 = LINE('',#2495,#2496);
#2495 = CARTESIAN_POINT('',(74.928388,-104.49477,37.));
#2496 = VECTOR('',#2497,1.);
#2497 = DIRECTION('',(-0.997704366828,6.77199853294E-02,0.));
#2498 = ORIENTED_EDGE('',*,*,#2499,.F.);
#2499 = EDGE_CURVE('',#2500,#2492,#2502,.T.);
#2500 = VERTEX_POINT('',#2501);
#2501 = CARTESIAN_POINT('',(71.975688,-107.90877,37.));
#2502 = LINE('',#2503,#2504);
#2503 = CARTESIAN_POINT('',(71.975688,-107.90877,37.));
#2504 = VECTOR('',#2505,1.);
#2505 = DIRECTION('',(0.654158441338,0.756357543512,0.));
#2506 = ORIENTED_EDGE('',*,*,#2507,.F.);
#2507 = EDGE_CURVE('',#2508,#2500,#2510,.T.);
#2508 = VERTEX_POINT('',#2509);
#2509 = CARTESIAN_POINT('',(72.114088,-103.15657,37.));
#2510 = LINE('',#2511,#2512);
#2511 = CARTESIAN_POINT('',(72.114088,-103.15657,37.));
#2512 = VECTOR('',#2513,1.);
#2513 = DIRECTION('',(-2.911101047219E-02,-0.999576184725,0.));
#2514 = ORIENTED_EDGE('',*,*,#2515,.F.);
#2515 = EDGE_CURVE('',#2516,#2508,#2518,.T.);
#2516 = VERTEX_POINT('',#2517);
#2517 = CARTESIAN_POINT('',(73.147200362422,-104.1258369245,37.));
#2518 = LINE('',#2519,#2520);
#2519 = CARTESIAN_POINT('',(73.147200362422,-104.1258369245,37.));
#2520 = VECTOR('',#2521,1.);
#2521 = DIRECTION('',(-0.729282116187,0.684213121045,0.));
#2522 = ORIENTED_EDGE('',*,*,#2523,.F.);
#2523 = EDGE_CURVE('',#2524,#2516,#2526,.T.);
#2524 = VERTEX_POINT('',#2525);
#2525 = CARTESIAN_POINT('',(75.240367683678,-95.66032612594,37.));
#2526 = LINE('',#2527,#2528);
#2527 = CARTESIAN_POINT('',(75.240367683678,-95.66032612594,37.));
#2528 = VECTOR('',#2529,1.);
#2529 = DIRECTION('',(-0.24002977768,-0.970765525669,0.));
#2530 = ORIENTED_EDGE('',*,*,#2531,.F.);
#2531 = EDGE_CURVE('',#2452,#2524,#2532,.T.);
#2532 = LINE('',#2533,#2534);
#2533 = CARTESIAN_POINT('',(70.936873327472,-97.04035293604,37.));
#2534 = VECTOR('',#2535,1.);
#2535 = DIRECTION('',(0.952237149261,0.305359479248,0.));
#2536 = FACE_BOUND('',#2537,.T.);
#2537 = EDGE_LOOP('',(#2538));
#2538 = ORIENTED_EDGE('',*,*,#2539,.F.);
#2539 = EDGE_CURVE('',#2540,#2540,#2542,.T.);
#2540 = VERTEX_POINT('',#2541);
#2541 = CARTESIAN_POINT('',(82.802628,-87.283585,37.));
#2542 = CIRCLE('',#2543,2.);
#2543 = AXIS2_PLACEMENT_3D('',#2544,#2545,#2546);
#2544 = CARTESIAN_POINT('',(80.802628,-87.283585,37.));
#2545 = DIRECTION('',(0.,0.,1.));
#2546 = DIRECTION('',(1.,0.,0.));
#2547 = FACE_BOUND('',#2548,.T.);
#2548 = EDGE_LOOP('',(#2549));
#2549 = ORIENTED_EDGE('',*,*,#2550,.F.);
#2550 = EDGE_CURVE('',#2551,#2551,#2553,.T.);
#2551 = VERTEX_POINT('',#2552);
#2552 = CARTESIAN_POINT('',(82.802628,-82.283585,37.));
#2553 = CIRCLE('',#2554,2.);
#2554 = AXIS2_PLACEMENT_3D('',#2555,#2556,#2557);
#2555 = CARTESIAN_POINT('',(80.802628,-82.283585,37.));
#2556 = DIRECTION('',(0.,0.,1.));
#2557 = DIRECTION('',(1.,0.,0.));
#2558 = FACE_BOUND('',#2559,.T.);
#2559 = EDGE_LOOP('',(#2560,#2570,#2578,#2586));
#2560 = ORIENTED_EDGE('',*,*,#2561,.F.);
#2561 = EDGE_CURVE('',#2562,#2564,#2566,.T.);
#2562 = VERTEX_POINT('',#2563);
#2563 = CARTESIAN_POINT('',(71.5,-74.62,37.));
#2564 = VERTEX_POINT('',#2565);
#2565 = CARTESIAN_POINT('',(71.5,-76.62,37.));
#2566 = LINE('',#2567,#2568);
#2567 = CARTESIAN_POINT('',(71.5,-74.62,37.));
#2568 = VECTOR('',#2569,1.);
#2569 = DIRECTION('',(0.,-1.,0.));
#2570 = ORIENTED_EDGE('',*,*,#2571,.F.);
#2571 = EDGE_CURVE('',#2572,#2562,#2574,.T.);
#2572 = VERTEX_POINT('',#2573);
#2573 = CARTESIAN_POINT('',(79.5,-74.62,37.));
#2574 = LINE('',#2575,#2576);
#2575 = CARTESIAN_POINT('',(79.5,-74.62,37.));
#2576 = VECTOR('',#2577,1.);
#2577 = DIRECTION('',(-1.,0.,0.));
#2578 = ORIENTED_EDGE('',*,*,#2579,.F.);
#2579 = EDGE_CURVE('',#2580,#2572,#2582,.T.);
#2580 = VERTEX_POINT('',#2581);
#2581 = CARTESIAN_POINT('',(79.5,-76.62,37.));
#2582 = LINE('',#2583,#2584);
#2583 = CARTESIAN_POINT('',(79.5,-76.62,37.));
#2584 = VECTOR('',#2585,1.);
#2585 = DIRECTION('',(0.,1.,0.));
#2586 = ORIENTED_EDGE('',*,*,#2587,.F.);
#2587 = EDGE_CURVE('',#2564,#2580,#2588,.T.);
#2588 = LINE('',#2589,#2590);
#2589 = CARTESIAN_POINT('',(71.5,-76.62,37.));
#2590 = VECTOR('',#2591,1.);
#2591 = DIRECTION('',(1.,0.,0.));
#2592 = FACE_BOUND('',#2593,.T.);
#2593 = EDGE_LOOP('',(#2594,#2605,#2613,#2622));
#2594 = ORIENTED_EDGE('',*,*,#2595,.F.);
#2595 = EDGE_CURVE('',#2596,#2598,#2600,.T.);
#2596 = VERTEX_POINT('',#2597);
#2597 = CARTESIAN_POINT('',(87.5,-79.62,37.));
#2598 = VERTEX_POINT('',#2599);
#2599 = CARTESIAN_POINT('',(87.5,-83.62,37.));
#2600 = CIRCLE('',#2601,2.);
#2601 = AXIS2_PLACEMENT_3D('',#2602,#2603,#2604);
#2602 = CARTESIAN_POINT('',(87.5,-81.62,37.));
#2603 = DIRECTION('',(0.,0.,1.));
#2604 = DIRECTION('',(1.,0.,0.));
#2605 = ORIENTED_EDGE('',*,*,#2606,.T.);
#2606 = EDGE_CURVE('',#2596,#2607,#2609,.T.);
#2607 = VERTEX_POINT('',#2608);
#2608 = CARTESIAN_POINT('',(205.5,-79.62,37.));
#2609 = LINE('',#2610,#2611);
#2610 = CARTESIAN_POINT('',(87.5,-79.62,37.));
#2611 = VECTOR('',#2612,1.);
#2612 = DIRECTION('',(1.,0.,0.));
#2613 = ORIENTED_EDGE('',*,*,#2614,.F.);
#2614 = EDGE_CURVE('',#2615,#2607,#2617,.T.);
#2615 = VERTEX_POINT('',#2616);
#2616 = CARTESIAN_POINT('',(205.5,-83.62,37.));
#2617 = CIRCLE('',#2618,2.);
#2618 = AXIS2_PLACEMENT_3D('',#2619,#2620,#2621);
#2619 = CARTESIAN_POINT('',(205.5,-81.62,37.));
#2620 = DIRECTION('',(0.,0.,1.));
#2621 = DIRECTION('',(1.,0.,0.));
#2622 = ORIENTED_EDGE('',*,*,#2623,.F.);
#2623 = EDGE_CURVE('',#2598,#2615,#2624,.T.);
#2624 = LINE('',#2625,#2626);
#2625 = CARTESIAN_POINT('',(87.5,-83.62,37.));
#2626 = VECTOR('',#2627,1.);
#2627 = DIRECTION('',(1.,0.,0.));
#2628 = FACE_BOUND('',#2629,.T.);
#2629 = EDGE_LOOP('',(#2630,#2641,#2649,#2658));
#2630 = ORIENTED_EDGE('',*,*,#2631,.F.);
#2631 = EDGE_CURVE('',#2632,#2634,#2636,.T.);
#2632 = VERTEX_POINT('',#2633);
#2633 = CARTESIAN_POINT('',(87.5,-71.62,37.));
#2634 = VERTEX_POINT('',#2635);
#2635 = CARTESIAN_POINT('',(87.5,-75.62,37.));
#2636 = CIRCLE('',#2637,2.);
#2637 = AXIS2_PLACEMENT_3D('',#2638,#2639,#2640);
#2638 = CARTESIAN_POINT('',(87.5,-73.62,37.));
#2639 = DIRECTION('',(0.,0.,1.));
#2640 = DIRECTION('',(1.,0.,0.));
#2641 = ORIENTED_EDGE('',*,*,#2642,.T.);
#2642 = EDGE_CURVE('',#2632,#2643,#2645,.T.);
#2643 = VERTEX_POINT('',#2644);
#2644 = CARTESIAN_POINT('',(205.5,-71.62,37.));
#2645 = LINE('',#2646,#2647);
#2646 = CARTESIAN_POINT('',(87.5,-71.62,37.));
#2647 = VECTOR('',#2648,1.);
#2648 = DIRECTION('',(1.,0.,0.));
#2649 = ORIENTED_EDGE('',*,*,#2650,.F.);
#2650 = EDGE_CURVE('',#2651,#2643,#2653,.T.);
#2651 = VERTEX_POINT('',#2652);
#2652 = CARTESIAN_POINT('',(205.5,-75.62,37.));
#2653 = CIRCLE('',#2654,2.);
#2654 = AXIS2_PLACEMENT_3D('',#2655,#2656,#2657);
#2655 = CARTESIAN_POINT('',(205.5,-73.62,37.));
#2656 = DIRECTION('',(0.,0.,1.));
#2657 = DIRECTION('',(1.,0.,0.));
#2658 = ORIENTED_EDGE('',*,*,#2659,.F.);
#2659 = EDGE_CURVE('',#2634,#2651,#2660,.T.);
#2660 = LINE('',#2661,#2662);
#2661 = CARTESIAN_POINT('',(87.5,-75.62,37.));
#2662 = VECTOR('',#2663,1.);
#2663 = DIRECTION('',(1.,0.,0.));
#2664 = FACE_BOUND('',#2665,.T.);
#2665 = EDGE_LOOP('',(#2666));
#2666 = ORIENTED_EDGE('',*,*,#2667,.T.);
#2667 = EDGE_CURVE('',#2668,#2668,#2670,.T.);
#2668 = VERTEX_POINT('',#2669);
#2669 = CARTESIAN_POINT('',(232.,-96.62,37.));
#2670 = CIRCLE('',#2671,2.5);
#2671 = AXIS2_PLACEMENT_3D('',#2672,#2673,#2674);
#2672 = CARTESIAN_POINT('',(229.5,-96.62,37.));
#2673 = DIRECTION('',(0.,0.,-1.));
#2674 = DIRECTION('',(1.,0.,0.));
#2675 = PLANE('',#2676);
#2676 = AXIS2_PLACEMENT_3D('',#2677,#2678,#2679);
#2677 = CARTESIAN_POINT('',(157.5,-96.62,37.));
#2678 = DIRECTION('',(0.,0.,1.));
#2679 = DIRECTION('',(1.,0.,0.));
#2680 = ADVANCED_FACE('',(#2681,#2699,#2710,#2721,#2757,#2793,#2829,
    #2865,#2901,#2937,#2973,#3009,#3045,#3081,#3117,#3153,#3189,#3225,
    #3261,#3297,#3333),#3369,.T.);
#2681 = FACE_BOUND('',#2682,.T.);
#2682 = EDGE_LOOP('',(#2683,#2684,#2685,#2693));
#2683 = ORIENTED_EDGE('',*,*,#388,.T.);
#2684 = ORIENTED_EDGE('',*,*,#321,.F.);
#2685 = ORIENTED_EDGE('',*,*,#2686,.F.);
#2686 = EDGE_CURVE('',#2687,#313,#2689,.T.);
#2687 = VERTEX_POINT('',#2688);
#2688 = CARTESIAN_POINT('',(245.5,-66.62,35.));
#2689 = LINE('',#2690,#2691);
#2690 = CARTESIAN_POINT('',(247.5,-66.62,35.));
#2691 = VECTOR('',#2692,1.);
#2692 = DIRECTION('',(-1.,0.,0.));
#2693 = ORIENTED_EDGE('',*,*,#2694,.T.);
#2694 = EDGE_CURVE('',#2687,#380,#2695,.T.);
#2695 = LINE('',#2696,#2697);
#2696 = CARTESIAN_POINT('',(245.5,-66.62,37.));
#2697 = VECTOR('',#2698,1.);
#2698 = DIRECTION('',(-0.,-0.,-1.));
#2699 = FACE_BOUND('',#2700,.T.);
#2700 = EDGE_LOOP('',(#2701));
#2701 = ORIENTED_EDGE('',*,*,#2702,.F.);
#2702 = EDGE_CURVE('',#2703,#2703,#2705,.T.);
#2703 = VERTEX_POINT('',#2704);
#2704 = CARTESIAN_POINT('',(242.4,-66.62,6.));
#2705 = CIRCLE('',#2706,1.9);
#2706 = AXIS2_PLACEMENT_3D('',#2707,#2708,#2709);
#2707 = CARTESIAN_POINT('',(240.5,-66.62,6.));
#2708 = DIRECTION('',(0.,1.,-2.22044604925E-16));
#2709 = DIRECTION('',(1.,0.,0.));
#2710 = FACE_BOUND('',#2711,.T.);
#2711 = EDGE_LOOP('',(#2712));
#2712 = ORIENTED_EDGE('',*,*,#2713,.F.);
#2713 = EDGE_CURVE('',#2714,#2714,#2716,.T.);
#2714 = VERTEX_POINT('',#2715);
#2715 = CARTESIAN_POINT('',(76.45,-66.62,6.));
#2716 = CIRCLE('',#2717,1.9);
#2717 = AXIS2_PLACEMENT_3D('',#2718,#2719,#2720);
#2718 = CARTESIAN_POINT('',(74.55,-66.62,6.));
#2719 = DIRECTION('',(0.,1.,-2.22044604925E-16));
#2720 = DIRECTION('',(1.,0.,0.));
#2721 = FACE_BOUND('',#2722,.T.);
#2722 = EDGE_LOOP('',(#2723,#2733,#2742,#2750));
#2723 = ORIENTED_EDGE('',*,*,#2724,.T.);
#2724 = EDGE_CURVE('',#2725,#2727,#2729,.T.);
#2725 = VERTEX_POINT('',#2726);
#2726 = CARTESIAN_POINT('',(216.5,-66.62,13.));
#2727 = VERTEX_POINT('',#2728);
#2728 = CARTESIAN_POINT('',(216.5,-66.62,25.));
#2729 = LINE('',#2730,#2731);
#2730 = CARTESIAN_POINT('',(216.5,-66.62,31.));
#2731 = VECTOR('',#2732,1.);
#2732 = DIRECTION('',(0.,0.,1.));
#2733 = ORIENTED_EDGE('',*,*,#2734,.T.);
#2734 = EDGE_CURVE('',#2727,#2735,#2737,.T.);
#2735 = VERTEX_POINT('',#2736);
#2736 = CARTESIAN_POINT('',(212.5,-66.62,25.));
#2737 = CIRCLE('',#2738,2.);
#2738 = AXIS2_PLACEMENT_3D('',#2739,#2740,#2741);
#2739 = CARTESIAN_POINT('',(214.5,-66.62,25.));
#2740 = DIRECTION('',(0.,-1.,2.22044604925E-16));
#2741 = DIRECTION('',(1.,0.,0.));
#2742 = ORIENTED_EDGE('',*,*,#2743,.F.);
#2743 = EDGE_CURVE('',#2744,#2735,#2746,.T.);
#2744 = VERTEX_POINT('',#2745);
#2745 = CARTESIAN_POINT('',(212.5,-66.62,13.));
#2746 = LINE('',#2747,#2748);
#2747 = CARTESIAN_POINT('',(212.5,-66.62,31.));
#2748 = VECTOR('',#2749,1.);
#2749 = DIRECTION('',(0.,0.,1.));
#2750 = ORIENTED_EDGE('',*,*,#2751,.T.);
#2751 = EDGE_CURVE('',#2744,#2725,#2752,.T.);
#2752 = CIRCLE('',#2753,2.);
#2753 = AXIS2_PLACEMENT_3D('',#2754,#2755,#2756);
#2754 = CARTESIAN_POINT('',(214.5,-66.62,13.));
#2755 = DIRECTION('',(0.,-1.,2.22044604925E-16));
#2756 = DIRECTION('',(1.,0.,0.));
#2757 = FACE_BOUND('',#2758,.T.);
#2758 = EDGE_LOOP('',(#2759,#2769,#2778,#2786));
#2759 = ORIENTED_EDGE('',*,*,#2760,.T.);
#2760 = EDGE_CURVE('',#2761,#2763,#2765,.T.);
#2761 = VERTEX_POINT('',#2762);
#2762 = CARTESIAN_POINT('',(208.32352941176,-66.62,13.));
#2763 = VERTEX_POINT('',#2764);
#2764 = CARTESIAN_POINT('',(208.32352941176,-66.62,25.));
#2765 = LINE('',#2766,#2767);
#2766 = CARTESIAN_POINT('',(208.32352941176,-66.62,31.));
#2767 = VECTOR('',#2768,1.);
#2768 = DIRECTION('',(0.,0.,1.));
#2769 = ORIENTED_EDGE('',*,*,#2770,.T.);
#2770 = EDGE_CURVE('',#2763,#2771,#2773,.T.);
#2771 = VERTEX_POINT('',#2772);
#2772 = CARTESIAN_POINT('',(204.32352941176,-66.62,25.));
#2773 = CIRCLE('',#2774,2.);
#2774 = AXIS2_PLACEMENT_3D('',#2775,#2776,#2777);
#2775 = CARTESIAN_POINT('',(206.32352941176,-66.62,25.));
#2776 = DIRECTION('',(0.,-1.,2.22044604925E-16));
#2777 = DIRECTION('',(1.,0.,0.));
#2778 = ORIENTED_EDGE('',*,*,#2779,.F.);
#2779 = EDGE_CURVE('',#2780,#2771,#2782,.T.);
#2780 = VERTEX_POINT('',#2781);
#2781 = CARTESIAN_POINT('',(204.32352941176,-66.62,13.));
#2782 = LINE('',#2783,#2784);
#2783 = CARTESIAN_POINT('',(204.32352941176,-66.62,31.));
#2784 = VECTOR('',#2785,1.);
#2785 = DIRECTION('',(0.,0.,1.));
#2786 = ORIENTED_EDGE('',*,*,#2787,.T.);
#2787 = EDGE_CURVE('',#2780,#2761,#2788,.T.);
#2788 = CIRCLE('',#2789,2.);
#2789 = AXIS2_PLACEMENT_3D('',#2790,#2791,#2792);
#2790 = CARTESIAN_POINT('',(206.32352941176,-66.62,13.));
#2791 = DIRECTION('',(0.,-1.,2.22044604925E-16));
#2792 = DIRECTION('',(1.,0.,0.));
#2793 = FACE_BOUND('',#2794,.T.);
#2794 = EDGE_LOOP('',(#2795,#2805,#2814,#2822));
#2795 = ORIENTED_EDGE('',*,*,#2796,.T.);
#2796 = EDGE_CURVE('',#2797,#2799,#2801,.T.);
#2797 = VERTEX_POINT('',#2798);
#2798 = CARTESIAN_POINT('',(200.14705882352,-66.62,13.));
#2799 = VERTEX_POINT('',#2800);
#2800 = CARTESIAN_POINT('',(200.14705882352,-66.62,25.));
#2801 = LINE('',#2802,#2803);
#2802 = CARTESIAN_POINT('',(200.14705882352,-66.62,31.));
#2803 = VECTOR('',#2804,1.);
#2804 = DIRECTION('',(0.,0.,1.));
#2805 = ORIENTED_EDGE('',*,*,#2806,.T.);
#2806 = EDGE_CURVE('',#2799,#2807,#2809,.T.);
#2807 = VERTEX_POINT('',#2808);
#2808 = CARTESIAN_POINT('',(196.14705882352,-66.62,25.));
#2809 = CIRCLE('',#2810,2.);
#2810 = AXIS2_PLACEMENT_3D('',#2811,#2812,#2813);
#2811 = CARTESIAN_POINT('',(198.14705882352,-66.62,25.));
#2812 = DIRECTION('',(0.,-1.,2.22044604925E-16));
#2813 = DIRECTION('',(1.,0.,0.));
#2814 = ORIENTED_EDGE('',*,*,#2815,.F.);
#2815 = EDGE_CURVE('',#2816,#2807,#2818,.T.);
#2816 = VERTEX_POINT('',#2817);
#2817 = CARTESIAN_POINT('',(196.14705882352,-66.62,13.));
#2818 = LINE('',#2819,#2820);
#2819 = CARTESIAN_POINT('',(196.14705882352,-66.62,31.));
#2820 = VECTOR('',#2821,1.);
#2821 = DIRECTION('',(0.,0.,1.));
#2822 = ORIENTED_EDGE('',*,*,#2823,.T.);
#2823 = EDGE_CURVE('',#2816,#2797,#2824,.T.);
#2824 = CIRCLE('',#2825,2.);
#2825 = AXIS2_PLACEMENT_3D('',#2826,#2827,#2828);
#2826 = CARTESIAN_POINT('',(198.14705882352,-66.62,13.));
#2827 = DIRECTION('',(0.,-1.,2.22044604925E-16));
#2828 = DIRECTION('',(1.,0.,0.));
#2829 = FACE_BOUND('',#2830,.T.);
#2830 = EDGE_LOOP('',(#2831,#2841,#2850,#2858));
#2831 = ORIENTED_EDGE('',*,*,#2832,.T.);
#2832 = EDGE_CURVE('',#2833,#2835,#2837,.T.);
#2833 = VERTEX_POINT('',#2834);
#2834 = CARTESIAN_POINT('',(191.97058823529,-66.62,13.));
#2835 = VERTEX_POINT('',#2836);
#2836 = CARTESIAN_POINT('',(191.97058823529,-66.62,25.));
#2837 = LINE('',#2838,#2839);
#2838 = CARTESIAN_POINT('',(191.97058823529,-66.62,31.));
#2839 = VECTOR('',#2840,1.);
#2840 = DIRECTION('',(0.,0.,1.));
#2841 = ORIENTED_EDGE('',*,*,#2842,.T.);
#2842 = EDGE_CURVE('',#2835,#2843,#2845,.T.);
#2843 = VERTEX_POINT('',#2844);
#2844 = CARTESIAN_POINT('',(187.97058823529,-66.62,25.));
#2845 = CIRCLE('',#2846,2.);
#2846 = AXIS2_PLACEMENT_3D('',#2847,#2848,#2849);
#2847 = CARTESIAN_POINT('',(189.97058823529,-66.62,25.));
#2848 = DIRECTION('',(0.,-1.,2.22044604925E-16));
#2849 = DIRECTION('',(1.,0.,0.));
#2850 = ORIENTED_EDGE('',*,*,#2851,.F.);
#2851 = EDGE_CURVE('',#2852,#2843,#2854,.T.);
#2852 = VERTEX_POINT('',#2853);
#2853 = CARTESIAN_POINT('',(187.97058823529,-66.62,13.));
#2854 = LINE('',#2855,#2856);
#2855 = CARTESIAN_POINT('',(187.97058823529,-66.62,31.));
#2856 = VECTOR('',#2857,1.);
#2857 = DIRECTION('',(0.,0.,1.));
#2858 = ORIENTED_EDGE('',*,*,#2859,.T.);
#2859 = EDGE_CURVE('',#2852,#2833,#2860,.T.);
#2860 = CIRCLE('',#2861,2.);
#2861 = AXIS2_PLACEMENT_3D('',#2862,#2863,#2864);
#2862 = CARTESIAN_POINT('',(189.97058823529,-66.62,13.));
#2863 = DIRECTION('',(0.,-1.,2.22044604925E-16));
#2864 = DIRECTION('',(1.,0.,0.));
#2865 = FACE_BOUND('',#2866,.T.);
#2866 = EDGE_LOOP('',(#2867,#2877,#2886,#2894));
#2867 = ORIENTED_EDGE('',*,*,#2868,.T.);
#2868 = EDGE_CURVE('',#2869,#2871,#2873,.T.);
#2869 = VERTEX_POINT('',#2870);
#2870 = CARTESIAN_POINT('',(183.79411764705,-66.62,13.));
#2871 = VERTEX_POINT('',#2872);
#2872 = CARTESIAN_POINT('',(183.79411764705,-66.62,25.));
#2873 = LINE('',#2874,#2875);
#2874 = CARTESIAN_POINT('',(183.79411764705,-66.62,31.));
#2875 = VECTOR('',#2876,1.);
#2876 = DIRECTION('',(0.,0.,1.));
#2877 = ORIENTED_EDGE('',*,*,#2878,.T.);
#2878 = EDGE_CURVE('',#2871,#2879,#2881,.T.);
#2879 = VERTEX_POINT('',#2880);
#2880 = CARTESIAN_POINT('',(179.79411764705,-66.62,25.));
#2881 = CIRCLE('',#2882,2.);
#2882 = AXIS2_PLACEMENT_3D('',#2883,#2884,#2885);
#2883 = CARTESIAN_POINT('',(181.79411764705,-66.62,25.));
#2884 = DIRECTION('',(0.,-1.,2.22044604925E-16));
#2885 = DIRECTION('',(1.,0.,0.));
#2886 = ORIENTED_EDGE('',*,*,#2887,.F.);
#2887 = EDGE_CURVE('',#2888,#2879,#2890,.T.);
#2888 = VERTEX_POINT('',#2889);
#2889 = CARTESIAN_POINT('',(179.79411764705,-66.62,13.));
#2890 = LINE('',#2891,#2892);
#2891 = CARTESIAN_POINT('',(179.79411764705,-66.62,31.));
#2892 = VECTOR('',#2893,1.);
#2893 = DIRECTION('',(0.,0.,1.));
#2894 = ORIENTED_EDGE('',*,*,#2895,.T.);
#2895 = EDGE_CURVE('',#2888,#2869,#2896,.T.);
#2896 = CIRCLE('',#2897,2.);
#2897 = AXIS2_PLACEMENT_3D('',#2898,#2899,#2900);
#2898 = CARTESIAN_POINT('',(181.79411764705,-66.62,13.));
#2899 = DIRECTION('',(0.,-1.,2.22044604925E-16));
#2900 = DIRECTION('',(1.,0.,0.));
#2901 = FACE_BOUND('',#2902,.T.);
#2902 = EDGE_LOOP('',(#2903,#2913,#2922,#2930));
#2903 = ORIENTED_EDGE('',*,*,#2904,.T.);
#2904 = EDGE_CURVE('',#2905,#2907,#2909,.T.);
#2905 = VERTEX_POINT('',#2906);
#2906 = CARTESIAN_POINT('',(175.61764705882,-66.62,13.));
#2907 = VERTEX_POINT('',#2908);
#2908 = CARTESIAN_POINT('',(175.61764705882,-66.62,25.));
#2909 = LINE('',#2910,#2911);
#2910 = CARTESIAN_POINT('',(175.61764705882,-66.62,31.));
#2911 = VECTOR('',#2912,1.);
#2912 = DIRECTION('',(0.,0.,1.));
#2913 = ORIENTED_EDGE('',*,*,#2914,.T.);
#2914 = EDGE_CURVE('',#2907,#2915,#2917,.T.);
#2915 = VERTEX_POINT('',#2916);
#2916 = CARTESIAN_POINT('',(171.61764705882,-66.62,25.));
#2917 = CIRCLE('',#2918,2.);
#2918 = AXIS2_PLACEMENT_3D('',#2919,#2920,#2921);
#2919 = CARTESIAN_POINT('',(173.61764705882,-66.62,25.));
#2920 = DIRECTION('',(0.,-1.,2.22044604925E-16));
#2921 = DIRECTION('',(1.,0.,0.));
#2922 = ORIENTED_EDGE('',*,*,#2923,.F.);
#2923 = EDGE_CURVE('',#2924,#2915,#2926,.T.);
#2924 = VERTEX_POINT('',#2925);
#2925 = CARTESIAN_POINT('',(171.61764705882,-66.62,13.));
#2926 = LINE('',#2927,#2928);
#2927 = CARTESIAN_POINT('',(171.61764705882,-66.62,31.));
#2928 = VECTOR('',#2929,1.);
#2929 = DIRECTION('',(0.,0.,1.));
#2930 = ORIENTED_EDGE('',*,*,#2931,.T.);
#2931 = EDGE_CURVE('',#2924,#2905,#2932,.T.);
#2932 = CIRCLE('',#2933,2.);
#2933 = AXIS2_PLACEMENT_3D('',#2934,#2935,#2936);
#2934 = CARTESIAN_POINT('',(173.61764705882,-66.62,13.));
#2935 = DIRECTION('',(0.,-1.,2.22044604925E-16));
#2936 = DIRECTION('',(1.,0.,0.));
#2937 = FACE_BOUND('',#2938,.T.);
#2938 = EDGE_LOOP('',(#2939,#2949,#2958,#2966));
#2939 = ORIENTED_EDGE('',*,*,#2940,.T.);
#2940 = EDGE_CURVE('',#2941,#2943,#2945,.T.);
#2941 = VERTEX_POINT('',#2942);
#2942 = CARTESIAN_POINT('',(167.44117647058,-66.62,13.));
#2943 = VERTEX_POINT('',#2944);
#2944 = CARTESIAN_POINT('',(167.44117647058,-66.62,25.));
#2945 = LINE('',#2946,#2947);
#2946 = CARTESIAN_POINT('',(167.44117647058,-66.62,31.));
#2947 = VECTOR('',#2948,1.);
#2948 = DIRECTION('',(0.,0.,1.));
#2949 = ORIENTED_EDGE('',*,*,#2950,.T.);
#2950 = EDGE_CURVE('',#2943,#2951,#2953,.T.);
#2951 = VERTEX_POINT('',#2952);
#2952 = CARTESIAN_POINT('',(163.44117647058,-66.62,25.));
#2953 = CIRCLE('',#2954,2.);
#2954 = AXIS2_PLACEMENT_3D('',#2955,#2956,#2957);
#2955 = CARTESIAN_POINT('',(165.44117647058,-66.62,25.));
#2956 = DIRECTION('',(0.,-1.,2.22044604925E-16));
#2957 = DIRECTION('',(1.,0.,0.));
#2958 = ORIENTED_EDGE('',*,*,#2959,.F.);
#2959 = EDGE_CURVE('',#2960,#2951,#2962,.T.);
#2960 = VERTEX_POINT('',#2961);
#2961 = CARTESIAN_POINT('',(163.44117647058,-66.62,13.));
#2962 = LINE('',#2963,#2964);
#2963 = CARTESIAN_POINT('',(163.44117647058,-66.62,31.));
#2964 = VECTOR('',#2965,1.);
#2965 = DIRECTION('',(0.,0.,1.));
#2966 = ORIENTED_EDGE('',*,*,#2967,.T.);
#2967 = EDGE_CURVE('',#2960,#2941,#2968,.T.);
#2968 = CIRCLE('',#2969,2.);
#2969 = AXIS2_PLACEMENT_3D('',#2970,#2971,#2972);
#2970 = CARTESIAN_POINT('',(165.44117647058,-66.62,13.));
#2971 = DIRECTION('',(0.,-1.,2.22044604925E-16));
#2972 = DIRECTION('',(1.,0.,0.));
#2973 = FACE_BOUND('',#2974,.T.);
#2974 = EDGE_LOOP('',(#2975,#2985,#2994,#3002));
#2975 = ORIENTED_EDGE('',*,*,#2976,.T.);
#2976 = EDGE_CURVE('',#2977,#2979,#2981,.T.);
#2977 = VERTEX_POINT('',#2978);
#2978 = CARTESIAN_POINT('',(159.26470588235,-66.62,13.));
#2979 = VERTEX_POINT('',#2980);
#2980 = CARTESIAN_POINT('',(159.26470588235,-66.62,25.));
#2981 = LINE('',#2982,#2983);
#2982 = CARTESIAN_POINT('',(159.26470588235,-66.62,31.));
#2983 = VECTOR('',#2984,1.);
#2984 = DIRECTION('',(0.,0.,1.));
#2985 = ORIENTED_EDGE('',*,*,#2986,.T.);
#2986 = EDGE_CURVE('',#2979,#2987,#2989,.T.);
#2987 = VERTEX_POINT('',#2988);
#2988 = CARTESIAN_POINT('',(155.26470588235,-66.62,25.));
#2989 = CIRCLE('',#2990,2.);
#2990 = AXIS2_PLACEMENT_3D('',#2991,#2992,#2993);
#2991 = CARTESIAN_POINT('',(157.26470588235,-66.62,25.));
#2992 = DIRECTION('',(0.,-1.,2.22044604925E-16));
#2993 = DIRECTION('',(1.,0.,0.));
#2994 = ORIENTED_EDGE('',*,*,#2995,.F.);
#2995 = EDGE_CURVE('',#2996,#2987,#2998,.T.);
#2996 = VERTEX_POINT('',#2997);
#2997 = CARTESIAN_POINT('',(155.26470588235,-66.62,13.));
#2998 = LINE('',#2999,#3000);
#2999 = CARTESIAN_POINT('',(155.26470588235,-66.62,31.));
#3000 = VECTOR('',#3001,1.);
#3001 = DIRECTION('',(0.,0.,1.));
#3002 = ORIENTED_EDGE('',*,*,#3003,.T.);
#3003 = EDGE_CURVE('',#2996,#2977,#3004,.T.);
#3004 = CIRCLE('',#3005,2.);
#3005 = AXIS2_PLACEMENT_3D('',#3006,#3007,#3008);
#3006 = CARTESIAN_POINT('',(157.26470588235,-66.62,13.));
#3007 = DIRECTION('',(0.,-1.,2.22044604925E-16));
#3008 = DIRECTION('',(1.,0.,0.));
#3009 = FACE_BOUND('',#3010,.T.);
#3010 = EDGE_LOOP('',(#3011,#3021,#3030,#3038));
#3011 = ORIENTED_EDGE('',*,*,#3012,.T.);
#3012 = EDGE_CURVE('',#3013,#3015,#3017,.T.);
#3013 = VERTEX_POINT('',#3014);
#3014 = CARTESIAN_POINT('',(151.08823529411,-66.62,13.));
#3015 = VERTEX_POINT('',#3016);
#3016 = CARTESIAN_POINT('',(151.08823529411,-66.62,25.));
#3017 = LINE('',#3018,#3019);
#3018 = CARTESIAN_POINT('',(151.08823529411,-66.62,31.));
#3019 = VECTOR('',#3020,1.);
#3020 = DIRECTION('',(0.,0.,1.));
#3021 = ORIENTED_EDGE('',*,*,#3022,.T.);
#3022 = EDGE_CURVE('',#3015,#3023,#3025,.T.);
#3023 = VERTEX_POINT('',#3024);
#3024 = CARTESIAN_POINT('',(147.08823529411,-66.62,25.));
#3025 = CIRCLE('',#3026,2.);
#3026 = AXIS2_PLACEMENT_3D('',#3027,#3028,#3029);
#3027 = CARTESIAN_POINT('',(149.08823529411,-66.62,25.));
#3028 = DIRECTION('',(0.,-1.,2.22044604925E-16));
#3029 = DIRECTION('',(1.,0.,0.));
#3030 = ORIENTED_EDGE('',*,*,#3031,.F.);
#3031 = EDGE_CURVE('',#3032,#3023,#3034,.T.);
#3032 = VERTEX_POINT('',#3033);
#3033 = CARTESIAN_POINT('',(147.08823529411,-66.62,13.));
#3034 = LINE('',#3035,#3036);
#3035 = CARTESIAN_POINT('',(147.08823529411,-66.62,31.));
#3036 = VECTOR('',#3037,1.);
#3037 = DIRECTION('',(0.,0.,1.));
#3038 = ORIENTED_EDGE('',*,*,#3039,.T.);
#3039 = EDGE_CURVE('',#3032,#3013,#3040,.T.);
#3040 = CIRCLE('',#3041,2.);
#3041 = AXIS2_PLACEMENT_3D('',#3042,#3043,#3044);
#3042 = CARTESIAN_POINT('',(149.08823529411,-66.62,13.));
#3043 = DIRECTION('',(0.,-1.,2.22044604925E-16));
#3044 = DIRECTION('',(1.,0.,0.));
#3045 = FACE_BOUND('',#3046,.T.);
#3046 = EDGE_LOOP('',(#3047,#3057,#3066,#3074));
#3047 = ORIENTED_EDGE('',*,*,#3048,.T.);
#3048 = EDGE_CURVE('',#3049,#3051,#3053,.T.);
#3049 = VERTEX_POINT('',#3050);
#3050 = CARTESIAN_POINT('',(142.91176470588,-66.62,13.));
#3051 = VERTEX_POINT('',#3052);
#3052 = CARTESIAN_POINT('',(142.91176470588,-66.62,25.));
#3053 = LINE('',#3054,#3055);
#3054 = CARTESIAN_POINT('',(142.91176470588,-66.62,31.));
#3055 = VECTOR('',#3056,1.);
#3056 = DIRECTION('',(0.,0.,1.));
#3057 = ORIENTED_EDGE('',*,*,#3058,.T.);
#3058 = EDGE_CURVE('',#3051,#3059,#3061,.T.);
#3059 = VERTEX_POINT('',#3060);
#3060 = CARTESIAN_POINT('',(138.91176470588,-66.62,25.));
#3061 = CIRCLE('',#3062,2.);
#3062 = AXIS2_PLACEMENT_3D('',#3063,#3064,#3065);
#3063 = CARTESIAN_POINT('',(140.91176470588,-66.62,25.));
#3064 = DIRECTION('',(0.,-1.,2.22044604925E-16));
#3065 = DIRECTION('',(1.,0.,0.));
#3066 = ORIENTED_EDGE('',*,*,#3067,.F.);
#3067 = EDGE_CURVE('',#3068,#3059,#3070,.T.);
#3068 = VERTEX_POINT('',#3069);
#3069 = CARTESIAN_POINT('',(138.91176470588,-66.62,13.));
#3070 = LINE('',#3071,#3072);
#3071 = CARTESIAN_POINT('',(138.91176470588,-66.62,31.));
#3072 = VECTOR('',#3073,1.);
#3073 = DIRECTION('',(0.,0.,1.));
#3074 = ORIENTED_EDGE('',*,*,#3075,.T.);
#3075 = EDGE_CURVE('',#3068,#3049,#3076,.T.);
#3076 = CIRCLE('',#3077,2.);
#3077 = AXIS2_PLACEMENT_3D('',#3078,#3079,#3080);
#3078 = CARTESIAN_POINT('',(140.91176470588,-66.62,13.));
#3079 = DIRECTION('',(0.,-1.,2.22044604925E-16));
#3080 = DIRECTION('',(1.,0.,0.));
#3081 = FACE_BOUND('',#3082,.T.);
#3082 = EDGE_LOOP('',(#3083,#3093,#3102,#3110));
#3083 = ORIENTED_EDGE('',*,*,#3084,.T.);
#3084 = EDGE_CURVE('',#3085,#3087,#3089,.T.);
#3085 = VERTEX_POINT('',#3086);
#3086 = CARTESIAN_POINT('',(134.73529411764,-66.62,13.));
#3087 = VERTEX_POINT('',#3088);
#3088 = CARTESIAN_POINT('',(134.73529411764,-66.62,25.));
#3089 = LINE('',#3090,#3091);
#3090 = CARTESIAN_POINT('',(134.73529411764,-66.62,31.));
#3091 = VECTOR('',#3092,1.);
#3092 = DIRECTION('',(0.,0.,1.));
#3093 = ORIENTED_EDGE('',*,*,#3094,.T.);
#3094 = EDGE_CURVE('',#3087,#3095,#3097,.T.);
#3095 = VERTEX_POINT('',#3096);
#3096 = CARTESIAN_POINT('',(130.73529411764,-66.62,25.));
#3097 = CIRCLE('',#3098,2.);
#3098 = AXIS2_PLACEMENT_3D('',#3099,#3100,#3101);
#3099 = CARTESIAN_POINT('',(132.73529411764,-66.62,25.));
#3100 = DIRECTION('',(0.,-1.,2.22044604925E-16));
#3101 = DIRECTION('',(1.,0.,0.));
#3102 = ORIENTED_EDGE('',*,*,#3103,.F.);
#3103 = EDGE_CURVE('',#3104,#3095,#3106,.T.);
#3104 = VERTEX_POINT('',#3105);
#3105 = CARTESIAN_POINT('',(130.73529411764,-66.62,13.));
#3106 = LINE('',#3107,#3108);
#3107 = CARTESIAN_POINT('',(130.73529411764,-66.62,31.));
#3108 = VECTOR('',#3109,1.);
#3109 = DIRECTION('',(0.,0.,1.));
#3110 = ORIENTED_EDGE('',*,*,#3111,.T.);
#3111 = EDGE_CURVE('',#3104,#3085,#3112,.T.);
#3112 = CIRCLE('',#3113,2.);
#3113 = AXIS2_PLACEMENT_3D('',#3114,#3115,#3116);
#3114 = CARTESIAN_POINT('',(132.73529411764,-66.62,13.));
#3115 = DIRECTION('',(0.,-1.,2.22044604925E-16));
#3116 = DIRECTION('',(1.,0.,0.));
#3117 = FACE_BOUND('',#3118,.T.);
#3118 = EDGE_LOOP('',(#3119,#3129,#3138,#3146));
#3119 = ORIENTED_EDGE('',*,*,#3120,.T.);
#3120 = EDGE_CURVE('',#3121,#3123,#3125,.T.);
#3121 = VERTEX_POINT('',#3122);
#3122 = CARTESIAN_POINT('',(126.55882352941,-66.62,13.));
#3123 = VERTEX_POINT('',#3124);
#3124 = CARTESIAN_POINT('',(126.55882352941,-66.62,25.));
#3125 = LINE('',#3126,#3127);
#3126 = CARTESIAN_POINT('',(126.55882352941,-66.62,31.));
#3127 = VECTOR('',#3128,1.);
#3128 = DIRECTION('',(0.,0.,1.));
#3129 = ORIENTED_EDGE('',*,*,#3130,.T.);
#3130 = EDGE_CURVE('',#3123,#3131,#3133,.T.);
#3131 = VERTEX_POINT('',#3132);
#3132 = CARTESIAN_POINT('',(122.55882352941,-66.62,25.));
#3133 = CIRCLE('',#3134,2.);
#3134 = AXIS2_PLACEMENT_3D('',#3135,#3136,#3137);
#3135 = CARTESIAN_POINT('',(124.55882352941,-66.62,25.));
#3136 = DIRECTION('',(0.,-1.,2.22044604925E-16));
#3137 = DIRECTION('',(1.,0.,0.));
#3138 = ORIENTED_EDGE('',*,*,#3139,.F.);
#3139 = EDGE_CURVE('',#3140,#3131,#3142,.T.);
#3140 = VERTEX_POINT('',#3141);
#3141 = CARTESIAN_POINT('',(122.55882352941,-66.62,13.));
#3142 = LINE('',#3143,#3144);
#3143 = CARTESIAN_POINT('',(122.55882352941,-66.62,31.));
#3144 = VECTOR('',#3145,1.);
#3145 = DIRECTION('',(0.,0.,1.));
#3146 = ORIENTED_EDGE('',*,*,#3147,.T.);
#3147 = EDGE_CURVE('',#3140,#3121,#3148,.T.);
#3148 = CIRCLE('',#3149,2.);
#3149 = AXIS2_PLACEMENT_3D('',#3150,#3151,#3152);
#3150 = CARTESIAN_POINT('',(124.55882352941,-66.62,13.));
#3151 = DIRECTION('',(0.,-1.,2.22044604925E-16));
#3152 = DIRECTION('',(1.,0.,0.));
#3153 = FACE_BOUND('',#3154,.T.);
#3154 = EDGE_LOOP('',(#3155,#3165,#3174,#3182));
#3155 = ORIENTED_EDGE('',*,*,#3156,.T.);
#3156 = EDGE_CURVE('',#3157,#3159,#3161,.T.);
#3157 = VERTEX_POINT('',#3158);
#3158 = CARTESIAN_POINT('',(118.38235294117,-66.62,13.));
#3159 = VERTEX_POINT('',#3160);
#3160 = CARTESIAN_POINT('',(118.38235294117,-66.62,25.));
#3161 = LINE('',#3162,#3163);
#3162 = CARTESIAN_POINT('',(118.38235294117,-66.62,31.));
#3163 = VECTOR('',#3164,1.);
#3164 = DIRECTION('',(0.,0.,1.));
#3165 = ORIENTED_EDGE('',*,*,#3166,.T.);
#3166 = EDGE_CURVE('',#3159,#3167,#3169,.T.);
#3167 = VERTEX_POINT('',#3168);
#3168 = CARTESIAN_POINT('',(114.38235294117,-66.62,25.));
#3169 = CIRCLE('',#3170,2.);
#3170 = AXIS2_PLACEMENT_3D('',#3171,#3172,#3173);
#3171 = CARTESIAN_POINT('',(116.38235294117,-66.62,25.));
#3172 = DIRECTION('',(0.,-1.,2.22044604925E-16));
#3173 = DIRECTION('',(1.,0.,0.));
#3174 = ORIENTED_EDGE('',*,*,#3175,.F.);
#3175 = EDGE_CURVE('',#3176,#3167,#3178,.T.);
#3176 = VERTEX_POINT('',#3177);
#3177 = CARTESIAN_POINT('',(114.38235294117,-66.62,13.));
#3178 = LINE('',#3179,#3180);
#3179 = CARTESIAN_POINT('',(114.38235294117,-66.62,31.));
#3180 = VECTOR('',#3181,1.);
#3181 = DIRECTION('',(0.,0.,1.));
#3182 = ORIENTED_EDGE('',*,*,#3183,.T.);
#3183 = EDGE_CURVE('',#3176,#3157,#3184,.T.);
#3184 = CIRCLE('',#3185,2.);
#3185 = AXIS2_PLACEMENT_3D('',#3186,#3187,#3188);
#3186 = CARTESIAN_POINT('',(116.38235294117,-66.62,13.));
#3187 = DIRECTION('',(0.,-1.,2.22044604925E-16));
#3188 = DIRECTION('',(1.,0.,0.));
#3189 = FACE_BOUND('',#3190,.T.);
#3190 = EDGE_LOOP('',(#3191,#3201,#3210,#3218));
#3191 = ORIENTED_EDGE('',*,*,#3192,.T.);
#3192 = EDGE_CURVE('',#3193,#3195,#3197,.T.);
#3193 = VERTEX_POINT('',#3194);
#3194 = CARTESIAN_POINT('',(110.20588235294,-66.62,13.));
#3195 = VERTEX_POINT('',#3196);
#3196 = CARTESIAN_POINT('',(110.20588235294,-66.62,25.));
#3197 = LINE('',#3198,#3199);
#3198 = CARTESIAN_POINT('',(110.20588235294,-66.62,31.));
#3199 = VECTOR('',#3200,1.);
#3200 = DIRECTION('',(0.,0.,1.));
#3201 = ORIENTED_EDGE('',*,*,#3202,.T.);
#3202 = EDGE_CURVE('',#3195,#3203,#3205,.T.);
#3203 = VERTEX_POINT('',#3204);
#3204 = CARTESIAN_POINT('',(106.20588235294,-66.62,25.));
#3205 = CIRCLE('',#3206,2.);
#3206 = AXIS2_PLACEMENT_3D('',#3207,#3208,#3209);
#3207 = CARTESIAN_POINT('',(108.20588235294,-66.62,25.));
#3208 = DIRECTION('',(0.,-1.,2.22044604925E-16));
#3209 = DIRECTION('',(1.,0.,0.));
#3210 = ORIENTED_EDGE('',*,*,#3211,.F.);
#3211 = EDGE_CURVE('',#3212,#3203,#3214,.T.);
#3212 = VERTEX_POINT('',#3213);
#3213 = CARTESIAN_POINT('',(106.20588235294,-66.62,13.));
#3214 = LINE('',#3215,#3216);
#3215 = CARTESIAN_POINT('',(106.20588235294,-66.62,31.));
#3216 = VECTOR('',#3217,1.);
#3217 = DIRECTION('',(0.,0.,1.));
#3218 = ORIENTED_EDGE('',*,*,#3219,.T.);
#3219 = EDGE_CURVE('',#3212,#3193,#3220,.T.);
#3220 = CIRCLE('',#3221,2.);
#3221 = AXIS2_PLACEMENT_3D('',#3222,#3223,#3224);
#3222 = CARTESIAN_POINT('',(108.20588235294,-66.62,13.));
#3223 = DIRECTION('',(0.,-1.,2.22044604925E-16));
#3224 = DIRECTION('',(1.,0.,0.));
#3225 = FACE_BOUND('',#3226,.T.);
#3226 = EDGE_LOOP('',(#3227,#3237,#3246,#3254));
#3227 = ORIENTED_EDGE('',*,*,#3228,.T.);
#3228 = EDGE_CURVE('',#3229,#3231,#3233,.T.);
#3229 = VERTEX_POINT('',#3230);
#3230 = CARTESIAN_POINT('',(102.0294117647,-66.62,13.));
#3231 = VERTEX_POINT('',#3232);
#3232 = CARTESIAN_POINT('',(102.0294117647,-66.62,25.));
#3233 = LINE('',#3234,#3235);
#3234 = CARTESIAN_POINT('',(102.0294117647,-66.62,31.));
#3235 = VECTOR('',#3236,1.);
#3236 = DIRECTION('',(0.,0.,1.));
#3237 = ORIENTED_EDGE('',*,*,#3238,.T.);
#3238 = EDGE_CURVE('',#3231,#3239,#3241,.T.);
#3239 = VERTEX_POINT('',#3240);
#3240 = CARTESIAN_POINT('',(98.029411764706,-66.62,25.));
#3241 = CIRCLE('',#3242,2.);
#3242 = AXIS2_PLACEMENT_3D('',#3243,#3244,#3245);
#3243 = CARTESIAN_POINT('',(100.0294117647,-66.62,25.));
#3244 = DIRECTION('',(0.,-1.,2.22044604925E-16));
#3245 = DIRECTION('',(1.,0.,0.));
#3246 = ORIENTED_EDGE('',*,*,#3247,.F.);
#3247 = EDGE_CURVE('',#3248,#3239,#3250,.T.);
#3248 = VERTEX_POINT('',#3249);
#3249 = CARTESIAN_POINT('',(98.029411764706,-66.62,13.));
#3250 = LINE('',#3251,#3252);
#3251 = CARTESIAN_POINT('',(98.029411764706,-66.62,31.));
#3252 = VECTOR('',#3253,1.);
#3253 = DIRECTION('',(0.,0.,1.));
#3254 = ORIENTED_EDGE('',*,*,#3255,.T.);
#3255 = EDGE_CURVE('',#3248,#3229,#3256,.T.);
#3256 = CIRCLE('',#3257,2.);
#3257 = AXIS2_PLACEMENT_3D('',#3258,#3259,#3260);
#3258 = CARTESIAN_POINT('',(100.0294117647,-66.62,13.));
#3259 = DIRECTION('',(0.,-1.,2.22044604925E-16));
#3260 = DIRECTION('',(1.,0.,0.));
#3261 = FACE_BOUND('',#3262,.T.);
#3262 = EDGE_LOOP('',(#3263,#3273,#3282,#3290));
#3263 = ORIENTED_EDGE('',*,*,#3264,.T.);
#3264 = EDGE_CURVE('',#3265,#3267,#3269,.T.);
#3265 = VERTEX_POINT('',#3266);
#3266 = CARTESIAN_POINT('',(93.852941176471,-66.62,13.));
#3267 = VERTEX_POINT('',#3268);
#3268 = CARTESIAN_POINT('',(93.852941176471,-66.62,25.));
#3269 = LINE('',#3270,#3271);
#3270 = CARTESIAN_POINT('',(93.852941176471,-66.62,31.));
#3271 = VECTOR('',#3272,1.);
#3272 = DIRECTION('',(0.,0.,1.));
#3273 = ORIENTED_EDGE('',*,*,#3274,.T.);
#3274 = EDGE_CURVE('',#3267,#3275,#3277,.T.);
#3275 = VERTEX_POINT('',#3276);
#3276 = CARTESIAN_POINT('',(89.852941176471,-66.62,25.));
#3277 = CIRCLE('',#3278,2.);
#3278 = AXIS2_PLACEMENT_3D('',#3279,#3280,#3281);
#3279 = CARTESIAN_POINT('',(91.852941176471,-66.62,25.));
#3280 = DIRECTION('',(0.,-1.,2.22044604925E-16));
#3281 = DIRECTION('',(1.,0.,0.));
#3282 = ORIENTED_EDGE('',*,*,#3283,.F.);
#3283 = EDGE_CURVE('',#3284,#3275,#3286,.T.);
#3284 = VERTEX_POINT('',#3285);
#3285 = CARTESIAN_POINT('',(89.852941176471,-66.62,13.));
#3286 = LINE('',#3287,#3288);
#3287 = CARTESIAN_POINT('',(89.852941176471,-66.62,31.));
#3288 = VECTOR('',#3289,1.);
#3289 = DIRECTION('',(0.,0.,1.));
#3290 = ORIENTED_EDGE('',*,*,#3291,.T.);
#3291 = EDGE_CURVE('',#3284,#3265,#3292,.T.);
#3292 = CIRCLE('',#3293,2.);
#3293 = AXIS2_PLACEMENT_3D('',#3294,#3295,#3296);
#3294 = CARTESIAN_POINT('',(91.852941176471,-66.62,13.));
#3295 = DIRECTION('',(0.,-1.,2.22044604925E-16));
#3296 = DIRECTION('',(1.,0.,0.));
#3297 = FACE_BOUND('',#3298,.T.);
#3298 = EDGE_LOOP('',(#3299,#3309,#3318,#3326));
#3299 = ORIENTED_EDGE('',*,*,#3300,.T.);
#3300 = EDGE_CURVE('',#3301,#3303,#3305,.T.);
#3301 = VERTEX_POINT('',#3302);
#3302 = CARTESIAN_POINT('',(85.676470588235,-66.62,13.));
#3303 = VERTEX_POINT('',#3304);
#3304 = CARTESIAN_POINT('',(85.676470588235,-66.62,25.));
#3305 = LINE('',#3306,#3307);
#3306 = CARTESIAN_POINT('',(85.676470588235,-66.62,31.));
#3307 = VECTOR('',#3308,1.);
#3308 = DIRECTION('',(0.,0.,1.));
#3309 = ORIENTED_EDGE('',*,*,#3310,.T.);
#3310 = EDGE_CURVE('',#3303,#3311,#3313,.T.);
#3311 = VERTEX_POINT('',#3312);
#3312 = CARTESIAN_POINT('',(81.676470588235,-66.62,25.));
#3313 = CIRCLE('',#3314,2.);
#3314 = AXIS2_PLACEMENT_3D('',#3315,#3316,#3317);
#3315 = CARTESIAN_POINT('',(83.676470588235,-66.62,25.));
#3316 = DIRECTION('',(0.,-1.,2.22044604925E-16));
#3317 = DIRECTION('',(1.,0.,0.));
#3318 = ORIENTED_EDGE('',*,*,#3319,.F.);
#3319 = EDGE_CURVE('',#3320,#3311,#3322,.T.);
#3320 = VERTEX_POINT('',#3321);
#3321 = CARTESIAN_POINT('',(81.676470588235,-66.62,13.));
#3322 = LINE('',#3323,#3324);
#3323 = CARTESIAN_POINT('',(81.676470588235,-66.62,31.));
#3324 = VECTOR('',#3325,1.);
#3325 = DIRECTION('',(0.,0.,1.));
#3326 = ORIENTED_EDGE('',*,*,#3327,.T.);
#3327 = EDGE_CURVE('',#3320,#3301,#3328,.T.);
#3328 = CIRCLE('',#3329,2.);
#3329 = AXIS2_PLACEMENT_3D('',#3330,#3331,#3332);
#3330 = CARTESIAN_POINT('',(83.676470588235,-66.62,13.));
#3331 = DIRECTION('',(0.,-1.,2.22044604925E-16));
#3332 = DIRECTION('',(1.,0.,0.));
#3333 = FACE_BOUND('',#3334,.T.);
#3334 = EDGE_LOOP('',(#3335,#3345,#3354,#3362));
#3335 = ORIENTED_EDGE('',*,*,#3336,.T.);
#3336 = EDGE_CURVE('',#3337,#3339,#3341,.T.);
#3337 = VERTEX_POINT('',#3338);
#3338 = CARTESIAN_POINT('',(77.5,-66.62,13.));
#3339 = VERTEX_POINT('',#3340);
#3340 = CARTESIAN_POINT('',(77.5,-66.62,25.));
#3341 = LINE('',#3342,#3343);
#3342 = CARTESIAN_POINT('',(77.5,-66.62,31.));
#3343 = VECTOR('',#3344,1.);
#3344 = DIRECTION('',(0.,0.,1.));
#3345 = ORIENTED_EDGE('',*,*,#3346,.T.);
#3346 = EDGE_CURVE('',#3339,#3347,#3349,.T.);
#3347 = VERTEX_POINT('',#3348);
#3348 = CARTESIAN_POINT('',(73.5,-66.62,25.));
#3349 = CIRCLE('',#3350,2.);
#3350 = AXIS2_PLACEMENT_3D('',#3351,#3352,#3353);
#3351 = CARTESIAN_POINT('',(75.5,-66.62,25.));
#3352 = DIRECTION('',(0.,-1.,2.22044604925E-16));
#3353 = DIRECTION('',(1.,0.,0.));
#3354 = ORIENTED_EDGE('',*,*,#3355,.F.);
#3355 = EDGE_CURVE('',#3356,#3347,#3358,.T.);
#3356 = VERTEX_POINT('',#3357);
#3357 = CARTESIAN_POINT('',(73.5,-66.62,13.));
#3358 = LINE('',#3359,#3360);
#3359 = CARTESIAN_POINT('',(73.5,-66.62,31.));
#3360 = VECTOR('',#3361,1.);
#3361 = DIRECTION('',(0.,0.,1.));
#3362 = ORIENTED_EDGE('',*,*,#3363,.T.);
#3363 = EDGE_CURVE('',#3356,#3337,#3364,.T.);
#3364 = CIRCLE('',#3365,2.);
#3365 = AXIS2_PLACEMENT_3D('',#3366,#3367,#3368);
#3366 = CARTESIAN_POINT('',(75.5,-66.62,13.));
#3367 = DIRECTION('',(0.,-1.,2.22044604925E-16));
#3368 = DIRECTION('',(1.,0.,0.));
#3369 = PLANE('',#3370);
#3370 = AXIS2_PLACEMENT_3D('',#3371,#3372,#3373);
#3371 = CARTESIAN_POINT('',(247.5,-66.62,37.));
#3372 = DIRECTION('',(0.,1.,0.));
#3373 = DIRECTION('',(-1.,0.,0.));
#3374 = ADVANCED_FACE('',(#3375),#3387,.T.);
#3375 = FACE_BOUND('',#3376,.T.);
#3376 = EDGE_LOOP('',(#3377,#3384,#3385,#3386));
#3377 = ORIENTED_EDGE('',*,*,#3378,.F.);
#3378 = EDGE_CURVE('',#533,#2687,#3379,.T.);
#3379 = CIRCLE('',#3380,2.);
#3380 = AXIS2_PLACEMENT_3D('',#3381,#3382,#3383);
#3381 = CARTESIAN_POINT('',(245.5,-68.62,35.));
#3382 = DIRECTION('',(0.,-6.123233995737E-17,1.));
#3383 = DIRECTION('',(0.,1.,6.123233995737E-17));
#3384 = ORIENTED_EDGE('',*,*,#532,.T.);
#3385 = ORIENTED_EDGE('',*,*,#379,.F.);
#3386 = ORIENTED_EDGE('',*,*,#2694,.F.);
#3387 = CYLINDRICAL_SURFACE('',#3388,2.);
#3388 = AXIS2_PLACEMENT_3D('',#3389,#3390,#3391);
#3389 = CARTESIAN_POINT('',(245.5,-68.62,37.));
#3390 = DIRECTION('',(-0.,-0.,-1.));
#3391 = DIRECTION('',(0.,1.,0.));
#3392 = ADVANCED_FACE('',(#3393),#3404,.F.);
#3393 = FACE_BOUND('',#3394,.F.);
#3394 = EDGE_LOOP('',(#3395,#3396,#3397,#3398));
#3395 = ORIENTED_EDGE('',*,*,#605,.F.);
#3396 = ORIENTED_EDGE('',*,*,#428,.T.);
#3397 = ORIENTED_EDGE('',*,*,#1422,.T.);
#3398 = ORIENTED_EDGE('',*,*,#3399,.F.);
#3399 = EDGE_CURVE('',#597,#1414,#3400,.T.);
#3400 = LINE('',#3401,#3402);
#3401 = CARTESIAN_POINT('',(247.5,-75.62,18.));
#3402 = VECTOR('',#3403,1.);
#3403 = DIRECTION('',(-1.,-0.,-0.));
#3404 = PLANE('',#3405);
#3405 = AXIS2_PLACEMENT_3D('',#3406,#3407,#3408);
#3406 = CARTESIAN_POINT('',(247.5,-75.62,3.));
#3407 = DIRECTION('',(0.,1.,0.));
#3408 = DIRECTION('',(0.,0.,1.));
#3409 = ADVANCED_FACE('',(#3410,#3421,#3457,#3493,#3529,#3565,#3601,
    #3637,#3673,#3709,#3745,#3781,#3817,#3853,#3889,#3925,#3961,#3997,
    #4033,#4069,#4080),#4091,.F.);
#3410 = FACE_BOUND('',#3411,.F.);
#3411 = EDGE_LOOP('',(#3412,#3413,#3419,#3420));
#3412 = ORIENTED_EDGE('',*,*,#2140,.T.);
#3413 = ORIENTED_EDGE('',*,*,#3414,.T.);
#3414 = EDGE_CURVE('',#2133,#1357,#3415,.T.);
#3415 = LINE('',#3416,#3417);
#3416 = CARTESIAN_POINT('',(70.25,-69.37,34.5));
#3417 = VECTOR('',#3418,1.);
#3418 = DIRECTION('',(1.,0.,0.));
#3419 = ORIENTED_EDGE('',*,*,#1356,.F.);
#3420 = ORIENTED_EDGE('',*,*,#412,.F.);
#3421 = FACE_BOUND('',#3422,.F.);
#3422 = EDGE_LOOP('',(#3423,#3433,#3442,#3450));
#3423 = ORIENTED_EDGE('',*,*,#3424,.T.);
#3424 = EDGE_CURVE('',#3425,#3427,#3429,.T.);
#3425 = VERTEX_POINT('',#3426);
#3426 = CARTESIAN_POINT('',(77.5,-69.37,13.));
#3427 = VERTEX_POINT('',#3428);
#3428 = CARTESIAN_POINT('',(77.5,-69.37,25.));
#3429 = LINE('',#3430,#3431);
#3430 = CARTESIAN_POINT('',(77.5,-69.37,14.));
#3431 = VECTOR('',#3432,1.);
#3432 = DIRECTION('',(0.,0.,1.));
#3433 = ORIENTED_EDGE('',*,*,#3434,.T.);
#3434 = EDGE_CURVE('',#3427,#3435,#3437,.T.);
#3435 = VERTEX_POINT('',#3436);
#3436 = CARTESIAN_POINT('',(73.5,-69.37,25.));
#3437 = CIRCLE('',#3438,2.);
#3438 = AXIS2_PLACEMENT_3D('',#3439,#3440,#3441);
#3439 = CARTESIAN_POINT('',(75.5,-69.37,25.));
#3440 = DIRECTION('',(0.,-1.,2.22044604925E-16));
#3441 = DIRECTION('',(1.,0.,0.));
#3442 = ORIENTED_EDGE('',*,*,#3443,.F.);
#3443 = EDGE_CURVE('',#3444,#3435,#3446,.T.);
#3444 = VERTEX_POINT('',#3445);
#3445 = CARTESIAN_POINT('',(73.5,-69.37,13.));
#3446 = LINE('',#3447,#3448);
#3447 = CARTESIAN_POINT('',(73.5,-69.37,14.));
#3448 = VECTOR('',#3449,1.);
#3449 = DIRECTION('',(0.,0.,1.));
#3450 = ORIENTED_EDGE('',*,*,#3451,.T.);
#3451 = EDGE_CURVE('',#3444,#3425,#3452,.T.);
#3452 = CIRCLE('',#3453,2.);
#3453 = AXIS2_PLACEMENT_3D('',#3454,#3455,#3456);
#3454 = CARTESIAN_POINT('',(75.5,-69.37,13.));
#3455 = DIRECTION('',(0.,-1.,2.22044604925E-16));
#3456 = DIRECTION('',(1.,0.,0.));
#3457 = FACE_BOUND('',#3458,.F.);
#3458 = EDGE_LOOP('',(#3459,#3469,#3478,#3486));
#3459 = ORIENTED_EDGE('',*,*,#3460,.T.);
#3460 = EDGE_CURVE('',#3461,#3463,#3465,.T.);
#3461 = VERTEX_POINT('',#3462);
#3462 = CARTESIAN_POINT('',(85.676470588235,-69.37,13.));
#3463 = VERTEX_POINT('',#3464);
#3464 = CARTESIAN_POINT('',(85.676470588235,-69.37,25.));
#3465 = LINE('',#3466,#3467);
#3466 = CARTESIAN_POINT('',(85.676470588235,-69.37,14.));
#3467 = VECTOR('',#3468,1.);
#3468 = DIRECTION('',(0.,0.,1.));
#3469 = ORIENTED_EDGE('',*,*,#3470,.T.);
#3470 = EDGE_CURVE('',#3463,#3471,#3473,.T.);
#3471 = VERTEX_POINT('',#3472);
#3472 = CARTESIAN_POINT('',(81.676470588235,-69.37,25.));
#3473 = CIRCLE('',#3474,2.);
#3474 = AXIS2_PLACEMENT_3D('',#3475,#3476,#3477);
#3475 = CARTESIAN_POINT('',(83.676470588235,-69.37,25.));
#3476 = DIRECTION('',(0.,-1.,2.22044604925E-16));
#3477 = DIRECTION('',(1.,0.,0.));
#3478 = ORIENTED_EDGE('',*,*,#3479,.F.);
#3479 = EDGE_CURVE('',#3480,#3471,#3482,.T.);
#3480 = VERTEX_POINT('',#3481);
#3481 = CARTESIAN_POINT('',(81.676470588235,-69.37,13.));
#3482 = LINE('',#3483,#3484);
#3483 = CARTESIAN_POINT('',(81.676470588235,-69.37,14.));
#3484 = VECTOR('',#3485,1.);
#3485 = DIRECTION('',(0.,0.,1.));
#3486 = ORIENTED_EDGE('',*,*,#3487,.T.);
#3487 = EDGE_CURVE('',#3480,#3461,#3488,.T.);
#3488 = CIRCLE('',#3489,2.);
#3489 = AXIS2_PLACEMENT_3D('',#3490,#3491,#3492);
#3490 = CARTESIAN_POINT('',(83.676470588235,-69.37,13.));
#3491 = DIRECTION('',(0.,-1.,2.22044604925E-16));
#3492 = DIRECTION('',(1.,0.,0.));
#3493 = FACE_BOUND('',#3494,.F.);
#3494 = EDGE_LOOP('',(#3495,#3505,#3514,#3522));
#3495 = ORIENTED_EDGE('',*,*,#3496,.T.);
#3496 = EDGE_CURVE('',#3497,#3499,#3501,.T.);
#3497 = VERTEX_POINT('',#3498);
#3498 = CARTESIAN_POINT('',(93.852941176471,-69.37,13.));
#3499 = VERTEX_POINT('',#3500);
#3500 = CARTESIAN_POINT('',(93.852941176471,-69.37,25.));
#3501 = LINE('',#3502,#3503);
#3502 = CARTESIAN_POINT('',(93.852941176471,-69.37,14.));
#3503 = VECTOR('',#3504,1.);
#3504 = DIRECTION('',(0.,0.,1.));
#3505 = ORIENTED_EDGE('',*,*,#3506,.T.);
#3506 = EDGE_CURVE('',#3499,#3507,#3509,.T.);
#3507 = VERTEX_POINT('',#3508);
#3508 = CARTESIAN_POINT('',(89.852941176471,-69.37,25.));
#3509 = CIRCLE('',#3510,2.);
#3510 = AXIS2_PLACEMENT_3D('',#3511,#3512,#3513);
#3511 = CARTESIAN_POINT('',(91.852941176471,-69.37,25.));
#3512 = DIRECTION('',(0.,-1.,2.22044604925E-16));
#3513 = DIRECTION('',(1.,0.,0.));
#3514 = ORIENTED_EDGE('',*,*,#3515,.F.);
#3515 = EDGE_CURVE('',#3516,#3507,#3518,.T.);
#3516 = VERTEX_POINT('',#3517);
#3517 = CARTESIAN_POINT('',(89.852941176471,-69.37,13.));
#3518 = LINE('',#3519,#3520);
#3519 = CARTESIAN_POINT('',(89.852941176471,-69.37,14.));
#3520 = VECTOR('',#3521,1.);
#3521 = DIRECTION('',(0.,0.,1.));
#3522 = ORIENTED_EDGE('',*,*,#3523,.T.);
#3523 = EDGE_CURVE('',#3516,#3497,#3524,.T.);
#3524 = CIRCLE('',#3525,2.);
#3525 = AXIS2_PLACEMENT_3D('',#3526,#3527,#3528);
#3526 = CARTESIAN_POINT('',(91.852941176471,-69.37,13.));
#3527 = DIRECTION('',(0.,-1.,2.22044604925E-16));
#3528 = DIRECTION('',(1.,0.,0.));
#3529 = FACE_BOUND('',#3530,.F.);
#3530 = EDGE_LOOP('',(#3531,#3541,#3550,#3558));
#3531 = ORIENTED_EDGE('',*,*,#3532,.T.);
#3532 = EDGE_CURVE('',#3533,#3535,#3537,.T.);
#3533 = VERTEX_POINT('',#3534);
#3534 = CARTESIAN_POINT('',(102.0294117647,-69.37,13.));
#3535 = VERTEX_POINT('',#3536);
#3536 = CARTESIAN_POINT('',(102.0294117647,-69.37,25.));
#3537 = LINE('',#3538,#3539);
#3538 = CARTESIAN_POINT('',(102.0294117647,-69.37,14.));
#3539 = VECTOR('',#3540,1.);
#3540 = DIRECTION('',(0.,0.,1.));
#3541 = ORIENTED_EDGE('',*,*,#3542,.T.);
#3542 = EDGE_CURVE('',#3535,#3543,#3545,.T.);
#3543 = VERTEX_POINT('',#3544);
#3544 = CARTESIAN_POINT('',(98.029411764706,-69.37,25.));
#3545 = CIRCLE('',#3546,2.);
#3546 = AXIS2_PLACEMENT_3D('',#3547,#3548,#3549);
#3547 = CARTESIAN_POINT('',(100.0294117647,-69.37,25.));
#3548 = DIRECTION('',(0.,-1.,2.22044604925E-16));
#3549 = DIRECTION('',(1.,0.,0.));
#3550 = ORIENTED_EDGE('',*,*,#3551,.F.);
#3551 = EDGE_CURVE('',#3552,#3543,#3554,.T.);
#3552 = VERTEX_POINT('',#3553);
#3553 = CARTESIAN_POINT('',(98.029411764706,-69.37,13.));
#3554 = LINE('',#3555,#3556);
#3555 = CARTESIAN_POINT('',(98.029411764706,-69.37,14.));
#3556 = VECTOR('',#3557,1.);
#3557 = DIRECTION('',(0.,0.,1.));
#3558 = ORIENTED_EDGE('',*,*,#3559,.T.);
#3559 = EDGE_CURVE('',#3552,#3533,#3560,.T.);
#3560 = CIRCLE('',#3561,2.);
#3561 = AXIS2_PLACEMENT_3D('',#3562,#3563,#3564);
#3562 = CARTESIAN_POINT('',(100.0294117647,-69.37,13.));
#3563 = DIRECTION('',(0.,-1.,2.22044604925E-16));
#3564 = DIRECTION('',(1.,0.,0.));
#3565 = FACE_BOUND('',#3566,.F.);
#3566 = EDGE_LOOP('',(#3567,#3577,#3586,#3594));
#3567 = ORIENTED_EDGE('',*,*,#3568,.T.);
#3568 = EDGE_CURVE('',#3569,#3571,#3573,.T.);
#3569 = VERTEX_POINT('',#3570);
#3570 = CARTESIAN_POINT('',(110.20588235294,-69.37,13.));
#3571 = VERTEX_POINT('',#3572);
#3572 = CARTESIAN_POINT('',(110.20588235294,-69.37,25.));
#3573 = LINE('',#3574,#3575);
#3574 = CARTESIAN_POINT('',(110.20588235294,-69.37,14.));
#3575 = VECTOR('',#3576,1.);
#3576 = DIRECTION('',(0.,0.,1.));
#3577 = ORIENTED_EDGE('',*,*,#3578,.T.);
#3578 = EDGE_CURVE('',#3571,#3579,#3581,.T.);
#3579 = VERTEX_POINT('',#3580);
#3580 = CARTESIAN_POINT('',(106.20588235294,-69.37,25.));
#3581 = CIRCLE('',#3582,2.);
#3582 = AXIS2_PLACEMENT_3D('',#3583,#3584,#3585);
#3583 = CARTESIAN_POINT('',(108.20588235294,-69.37,25.));
#3584 = DIRECTION('',(0.,-1.,2.22044604925E-16));
#3585 = DIRECTION('',(1.,0.,0.));
#3586 = ORIENTED_EDGE('',*,*,#3587,.F.);
#3587 = EDGE_CURVE('',#3588,#3579,#3590,.T.);
#3588 = VERTEX_POINT('',#3589);
#3589 = CARTESIAN_POINT('',(106.20588235294,-69.37,13.));
#3590 = LINE('',#3591,#3592);
#3591 = CARTESIAN_POINT('',(106.20588235294,-69.37,14.));
#3592 = VECTOR('',#3593,1.);
#3593 = DIRECTION('',(0.,0.,1.));
#3594 = ORIENTED_EDGE('',*,*,#3595,.T.);
#3595 = EDGE_CURVE('',#3588,#3569,#3596,.T.);
#3596 = CIRCLE('',#3597,2.);
#3597 = AXIS2_PLACEMENT_3D('',#3598,#3599,#3600);
#3598 = CARTESIAN_POINT('',(108.20588235294,-69.37,13.));
#3599 = DIRECTION('',(0.,-1.,2.22044604925E-16));
#3600 = DIRECTION('',(1.,0.,0.));
#3601 = FACE_BOUND('',#3602,.F.);
#3602 = EDGE_LOOP('',(#3603,#3613,#3622,#3630));
#3603 = ORIENTED_EDGE('',*,*,#3604,.T.);
#3604 = EDGE_CURVE('',#3605,#3607,#3609,.T.);
#3605 = VERTEX_POINT('',#3606);
#3606 = CARTESIAN_POINT('',(118.38235294117,-69.37,13.));
#3607 = VERTEX_POINT('',#3608);
#3608 = CARTESIAN_POINT('',(118.38235294117,-69.37,25.));
#3609 = LINE('',#3610,#3611);
#3610 = CARTESIAN_POINT('',(118.38235294117,-69.37,14.));
#3611 = VECTOR('',#3612,1.);
#3612 = DIRECTION('',(0.,0.,1.));
#3613 = ORIENTED_EDGE('',*,*,#3614,.T.);
#3614 = EDGE_CURVE('',#3607,#3615,#3617,.T.);
#3615 = VERTEX_POINT('',#3616);
#3616 = CARTESIAN_POINT('',(114.38235294117,-69.37,25.));
#3617 = CIRCLE('',#3618,2.);
#3618 = AXIS2_PLACEMENT_3D('',#3619,#3620,#3621);
#3619 = CARTESIAN_POINT('',(116.38235294117,-69.37,25.));
#3620 = DIRECTION('',(0.,-1.,2.22044604925E-16));
#3621 = DIRECTION('',(1.,0.,0.));
#3622 = ORIENTED_EDGE('',*,*,#3623,.F.);
#3623 = EDGE_CURVE('',#3624,#3615,#3626,.T.);
#3624 = VERTEX_POINT('',#3625);
#3625 = CARTESIAN_POINT('',(114.38235294117,-69.37,13.));
#3626 = LINE('',#3627,#3628);
#3627 = CARTESIAN_POINT('',(114.38235294117,-69.37,14.));
#3628 = VECTOR('',#3629,1.);
#3629 = DIRECTION('',(0.,0.,1.));
#3630 = ORIENTED_EDGE('',*,*,#3631,.T.);
#3631 = EDGE_CURVE('',#3624,#3605,#3632,.T.);
#3632 = CIRCLE('',#3633,2.);
#3633 = AXIS2_PLACEMENT_3D('',#3634,#3635,#3636);
#3634 = CARTESIAN_POINT('',(116.38235294117,-69.37,13.));
#3635 = DIRECTION('',(0.,-1.,2.22044604925E-16));
#3636 = DIRECTION('',(1.,0.,0.));
#3637 = FACE_BOUND('',#3638,.F.);
#3638 = EDGE_LOOP('',(#3639,#3649,#3658,#3666));
#3639 = ORIENTED_EDGE('',*,*,#3640,.T.);
#3640 = EDGE_CURVE('',#3641,#3643,#3645,.T.);
#3641 = VERTEX_POINT('',#3642);
#3642 = CARTESIAN_POINT('',(126.55882352941,-69.37,13.));
#3643 = VERTEX_POINT('',#3644);
#3644 = CARTESIAN_POINT('',(126.55882352941,-69.37,25.));
#3645 = LINE('',#3646,#3647);
#3646 = CARTESIAN_POINT('',(126.55882352941,-69.37,14.));
#3647 = VECTOR('',#3648,1.);
#3648 = DIRECTION('',(0.,0.,1.));
#3649 = ORIENTED_EDGE('',*,*,#3650,.T.);
#3650 = EDGE_CURVE('',#3643,#3651,#3653,.T.);
#3651 = VERTEX_POINT('',#3652);
#3652 = CARTESIAN_POINT('',(122.55882352941,-69.37,25.));
#3653 = CIRCLE('',#3654,2.);
#3654 = AXIS2_PLACEMENT_3D('',#3655,#3656,#3657);
#3655 = CARTESIAN_POINT('',(124.55882352941,-69.37,25.));
#3656 = DIRECTION('',(0.,-1.,2.22044604925E-16));
#3657 = DIRECTION('',(1.,0.,0.));
#3658 = ORIENTED_EDGE('',*,*,#3659,.F.);
#3659 = EDGE_CURVE('',#3660,#3651,#3662,.T.);
#3660 = VERTEX_POINT('',#3661);
#3661 = CARTESIAN_POINT('',(122.55882352941,-69.37,13.));
#3662 = LINE('',#3663,#3664);
#3663 = CARTESIAN_POINT('',(122.55882352941,-69.37,14.));
#3664 = VECTOR('',#3665,1.);
#3665 = DIRECTION('',(0.,0.,1.));
#3666 = ORIENTED_EDGE('',*,*,#3667,.T.);
#3667 = EDGE_CURVE('',#3660,#3641,#3668,.T.);
#3668 = CIRCLE('',#3669,2.);
#3669 = AXIS2_PLACEMENT_3D('',#3670,#3671,#3672);
#3670 = CARTESIAN_POINT('',(124.55882352941,-69.37,13.));
#3671 = DIRECTION('',(0.,-1.,2.22044604925E-16));
#3672 = DIRECTION('',(1.,0.,0.));
#3673 = FACE_BOUND('',#3674,.F.);
#3674 = EDGE_LOOP('',(#3675,#3685,#3694,#3702));
#3675 = ORIENTED_EDGE('',*,*,#3676,.T.);
#3676 = EDGE_CURVE('',#3677,#3679,#3681,.T.);
#3677 = VERTEX_POINT('',#3678);
#3678 = CARTESIAN_POINT('',(134.73529411764,-69.37,13.));
#3679 = VERTEX_POINT('',#3680);
#3680 = CARTESIAN_POINT('',(134.73529411764,-69.37,25.));
#3681 = LINE('',#3682,#3683);
#3682 = CARTESIAN_POINT('',(134.73529411764,-69.37,14.));
#3683 = VECTOR('',#3684,1.);
#3684 = DIRECTION('',(0.,0.,1.));
#3685 = ORIENTED_EDGE('',*,*,#3686,.T.);
#3686 = EDGE_CURVE('',#3679,#3687,#3689,.T.);
#3687 = VERTEX_POINT('',#3688);
#3688 = CARTESIAN_POINT('',(130.73529411764,-69.37,25.));
#3689 = CIRCLE('',#3690,2.);
#3690 = AXIS2_PLACEMENT_3D('',#3691,#3692,#3693);
#3691 = CARTESIAN_POINT('',(132.73529411764,-69.37,25.));
#3692 = DIRECTION('',(0.,-1.,2.22044604925E-16));
#3693 = DIRECTION('',(1.,0.,0.));
#3694 = ORIENTED_EDGE('',*,*,#3695,.F.);
#3695 = EDGE_CURVE('',#3696,#3687,#3698,.T.);
#3696 = VERTEX_POINT('',#3697);
#3697 = CARTESIAN_POINT('',(130.73529411764,-69.37,13.));
#3698 = LINE('',#3699,#3700);
#3699 = CARTESIAN_POINT('',(130.73529411764,-69.37,14.));
#3700 = VECTOR('',#3701,1.);
#3701 = DIRECTION('',(0.,0.,1.));
#3702 = ORIENTED_EDGE('',*,*,#3703,.T.);
#3703 = EDGE_CURVE('',#3696,#3677,#3704,.T.);
#3704 = CIRCLE('',#3705,2.);
#3705 = AXIS2_PLACEMENT_3D('',#3706,#3707,#3708);
#3706 = CARTESIAN_POINT('',(132.73529411764,-69.37,13.));
#3707 = DIRECTION('',(0.,-1.,2.22044604925E-16));
#3708 = DIRECTION('',(1.,0.,0.));
#3709 = FACE_BOUND('',#3710,.F.);
#3710 = EDGE_LOOP('',(#3711,#3721,#3730,#3738));
#3711 = ORIENTED_EDGE('',*,*,#3712,.T.);
#3712 = EDGE_CURVE('',#3713,#3715,#3717,.T.);
#3713 = VERTEX_POINT('',#3714);
#3714 = CARTESIAN_POINT('',(142.91176470588,-69.37,13.));
#3715 = VERTEX_POINT('',#3716);
#3716 = CARTESIAN_POINT('',(142.91176470588,-69.37,25.));
#3717 = LINE('',#3718,#3719);
#3718 = CARTESIAN_POINT('',(142.91176470588,-69.37,14.));
#3719 = VECTOR('',#3720,1.);
#3720 = DIRECTION('',(0.,0.,1.));
#3721 = ORIENTED_EDGE('',*,*,#3722,.T.);
#3722 = EDGE_CURVE('',#3715,#3723,#3725,.T.);
#3723 = VERTEX_POINT('',#3724);
#3724 = CARTESIAN_POINT('',(138.91176470588,-69.37,25.));
#3725 = CIRCLE('',#3726,2.);
#3726 = AXIS2_PLACEMENT_3D('',#3727,#3728,#3729);
#3727 = CARTESIAN_POINT('',(140.91176470588,-69.37,25.));
#3728 = DIRECTION('',(0.,-1.,2.22044604925E-16));
#3729 = DIRECTION('',(1.,0.,0.));
#3730 = ORIENTED_EDGE('',*,*,#3731,.F.);
#3731 = EDGE_CURVE('',#3732,#3723,#3734,.T.);
#3732 = VERTEX_POINT('',#3733);
#3733 = CARTESIAN_POINT('',(138.91176470588,-69.37,13.));
#3734 = LINE('',#3735,#3736);
#3735 = CARTESIAN_POINT('',(138.91176470588,-69.37,14.));
#3736 = VECTOR('',#3737,1.);
#3737 = DIRECTION('',(0.,0.,1.));
#3738 = ORIENTED_EDGE('',*,*,#3739,.T.);
#3739 = EDGE_CURVE('',#3732,#3713,#3740,.T.);
#3740 = CIRCLE('',#3741,2.);
#3741 = AXIS2_PLACEMENT_3D('',#3742,#3743,#3744);
#3742 = CARTESIAN_POINT('',(140.91176470588,-69.37,13.));
#3743 = DIRECTION('',(0.,-1.,2.22044604925E-16));
#3744 = DIRECTION('',(1.,0.,0.));
#3745 = FACE_BOUND('',#3746,.F.);
#3746 = EDGE_LOOP('',(#3747,#3757,#3766,#3774));
#3747 = ORIENTED_EDGE('',*,*,#3748,.T.);
#3748 = EDGE_CURVE('',#3749,#3751,#3753,.T.);
#3749 = VERTEX_POINT('',#3750);
#3750 = CARTESIAN_POINT('',(151.08823529411,-69.37,13.));
#3751 = VERTEX_POINT('',#3752);
#3752 = CARTESIAN_POINT('',(151.08823529411,-69.37,25.));
#3753 = LINE('',#3754,#3755);
#3754 = CARTESIAN_POINT('',(151.08823529411,-69.37,14.));
#3755 = VECTOR('',#3756,1.);
#3756 = DIRECTION('',(0.,0.,1.));
#3757 = ORIENTED_EDGE('',*,*,#3758,.T.);
#3758 = EDGE_CURVE('',#3751,#3759,#3761,.T.);
#3759 = VERTEX_POINT('',#3760);
#3760 = CARTESIAN_POINT('',(147.08823529411,-69.37,25.));
#3761 = CIRCLE('',#3762,2.);
#3762 = AXIS2_PLACEMENT_3D('',#3763,#3764,#3765);
#3763 = CARTESIAN_POINT('',(149.08823529411,-69.37,25.));
#3764 = DIRECTION('',(0.,-1.,2.22044604925E-16));
#3765 = DIRECTION('',(1.,0.,0.));
#3766 = ORIENTED_EDGE('',*,*,#3767,.F.);
#3767 = EDGE_CURVE('',#3768,#3759,#3770,.T.);
#3768 = VERTEX_POINT('',#3769);
#3769 = CARTESIAN_POINT('',(147.08823529411,-69.37,13.));
#3770 = LINE('',#3771,#3772);
#3771 = CARTESIAN_POINT('',(147.08823529411,-69.37,14.));
#3772 = VECTOR('',#3773,1.);
#3773 = DIRECTION('',(0.,0.,1.));
#3774 = ORIENTED_EDGE('',*,*,#3775,.T.);
#3775 = EDGE_CURVE('',#3768,#3749,#3776,.T.);
#3776 = CIRCLE('',#3777,2.);
#3777 = AXIS2_PLACEMENT_3D('',#3778,#3779,#3780);
#3778 = CARTESIAN_POINT('',(149.08823529411,-69.37,13.));
#3779 = DIRECTION('',(0.,-1.,2.22044604925E-16));
#3780 = DIRECTION('',(1.,0.,0.));
#3781 = FACE_BOUND('',#3782,.F.);
#3782 = EDGE_LOOP('',(#3783,#3793,#3802,#3810));
#3783 = ORIENTED_EDGE('',*,*,#3784,.T.);
#3784 = EDGE_CURVE('',#3785,#3787,#3789,.T.);
#3785 = VERTEX_POINT('',#3786);
#3786 = CARTESIAN_POINT('',(159.26470588235,-69.37,13.));
#3787 = VERTEX_POINT('',#3788);
#3788 = CARTESIAN_POINT('',(159.26470588235,-69.37,25.));
#3789 = LINE('',#3790,#3791);
#3790 = CARTESIAN_POINT('',(159.26470588235,-69.37,14.));
#3791 = VECTOR('',#3792,1.);
#3792 = DIRECTION('',(0.,0.,1.));
#3793 = ORIENTED_EDGE('',*,*,#3794,.T.);
#3794 = EDGE_CURVE('',#3787,#3795,#3797,.T.);
#3795 = VERTEX_POINT('',#3796);
#3796 = CARTESIAN_POINT('',(155.26470588235,-69.37,25.));
#3797 = CIRCLE('',#3798,2.);
#3798 = AXIS2_PLACEMENT_3D('',#3799,#3800,#3801);
#3799 = CARTESIAN_POINT('',(157.26470588235,-69.37,25.));
#3800 = DIRECTION('',(0.,-1.,2.22044604925E-16));
#3801 = DIRECTION('',(1.,0.,0.));
#3802 = ORIENTED_EDGE('',*,*,#3803,.F.);
#3803 = EDGE_CURVE('',#3804,#3795,#3806,.T.);
#3804 = VERTEX_POINT('',#3805);
#3805 = CARTESIAN_POINT('',(155.26470588235,-69.37,13.));
#3806 = LINE('',#3807,#3808);
#3807 = CARTESIAN_POINT('',(155.26470588235,-69.37,14.));
#3808 = VECTOR('',#3809,1.);
#3809 = DIRECTION('',(0.,0.,1.));
#3810 = ORIENTED_EDGE('',*,*,#3811,.T.);
#3811 = EDGE_CURVE('',#3804,#3785,#3812,.T.);
#3812 = CIRCLE('',#3813,2.);
#3813 = AXIS2_PLACEMENT_3D('',#3814,#3815,#3816);
#3814 = CARTESIAN_POINT('',(157.26470588235,-69.37,13.));
#3815 = DIRECTION('',(0.,-1.,2.22044604925E-16));
#3816 = DIRECTION('',(1.,0.,0.));
#3817 = FACE_BOUND('',#3818,.F.);
#3818 = EDGE_LOOP('',(#3819,#3829,#3838,#3846));
#3819 = ORIENTED_EDGE('',*,*,#3820,.T.);
#3820 = EDGE_CURVE('',#3821,#3823,#3825,.T.);
#3821 = VERTEX_POINT('',#3822);
#3822 = CARTESIAN_POINT('',(167.44117647058,-69.37,13.));
#3823 = VERTEX_POINT('',#3824);
#3824 = CARTESIAN_POINT('',(167.44117647058,-69.37,25.));
#3825 = LINE('',#3826,#3827);
#3826 = CARTESIAN_POINT('',(167.44117647058,-69.37,14.));
#3827 = VECTOR('',#3828,1.);
#3828 = DIRECTION('',(0.,0.,1.));
#3829 = ORIENTED_EDGE('',*,*,#3830,.T.);
#3830 = EDGE_CURVE('',#3823,#3831,#3833,.T.);
#3831 = VERTEX_POINT('',#3832);
#3832 = CARTESIAN_POINT('',(163.44117647058,-69.37,25.));
#3833 = CIRCLE('',#3834,2.);
#3834 = AXIS2_PLACEMENT_3D('',#3835,#3836,#3837);
#3835 = CARTESIAN_POINT('',(165.44117647058,-69.37,25.));
#3836 = DIRECTION('',(0.,-1.,2.22044604925E-16));
#3837 = DIRECTION('',(1.,0.,0.));
#3838 = ORIENTED_EDGE('',*,*,#3839,.F.);
#3839 = EDGE_CURVE('',#3840,#3831,#3842,.T.);
#3840 = VERTEX_POINT('',#3841);
#3841 = CARTESIAN_POINT('',(163.44117647058,-69.37,13.));
#3842 = LINE('',#3843,#3844);
#3843 = CARTESIAN_POINT('',(163.44117647058,-69.37,14.));
#3844 = VECTOR('',#3845,1.);
#3845 = DIRECTION('',(0.,0.,1.));
#3846 = ORIENTED_EDGE('',*,*,#3847,.T.);
#3847 = EDGE_CURVE('',#3840,#3821,#3848,.T.);
#3848 = CIRCLE('',#3849,2.);
#3849 = AXIS2_PLACEMENT_3D('',#3850,#3851,#3852);
#3850 = CARTESIAN_POINT('',(165.44117647058,-69.37,13.));
#3851 = DIRECTION('',(0.,-1.,2.22044604925E-16));
#3852 = DIRECTION('',(1.,0.,0.));
#3853 = FACE_BOUND('',#3854,.F.);
#3854 = EDGE_LOOP('',(#3855,#3865,#3874,#3882));
#3855 = ORIENTED_EDGE('',*,*,#3856,.T.);
#3856 = EDGE_CURVE('',#3857,#3859,#3861,.T.);
#3857 = VERTEX_POINT('',#3858);
#3858 = CARTESIAN_POINT('',(175.61764705882,-69.37,13.));
#3859 = VERTEX_POINT('',#3860);
#3860 = CARTESIAN_POINT('',(175.61764705882,-69.37,25.));
#3861 = LINE('',#3862,#3863);
#3862 = CARTESIAN_POINT('',(175.61764705882,-69.37,14.));
#3863 = VECTOR('',#3864,1.);
#3864 = DIRECTION('',(0.,0.,1.));
#3865 = ORIENTED_EDGE('',*,*,#3866,.T.);
#3866 = EDGE_CURVE('',#3859,#3867,#3869,.T.);
#3867 = VERTEX_POINT('',#3868);
#3868 = CARTESIAN_POINT('',(171.61764705882,-69.37,25.));
#3869 = CIRCLE('',#3870,2.);
#3870 = AXIS2_PLACEMENT_3D('',#3871,#3872,#3873);
#3871 = CARTESIAN_POINT('',(173.61764705882,-69.37,25.));
#3872 = DIRECTION('',(0.,-1.,2.22044604925E-16));
#3873 = DIRECTION('',(1.,0.,0.));
#3874 = ORIENTED_EDGE('',*,*,#3875,.F.);
#3875 = EDGE_CURVE('',#3876,#3867,#3878,.T.);
#3876 = VERTEX_POINT('',#3877);
#3877 = CARTESIAN_POINT('',(171.61764705882,-69.37,13.));
#3878 = LINE('',#3879,#3880);
#3879 = CARTESIAN_POINT('',(171.61764705882,-69.37,14.));
#3880 = VECTOR('',#3881,1.);
#3881 = DIRECTION('',(0.,0.,1.));
#3882 = ORIENTED_EDGE('',*,*,#3883,.T.);
#3883 = EDGE_CURVE('',#3876,#3857,#3884,.T.);
#3884 = CIRCLE('',#3885,2.);
#3885 = AXIS2_PLACEMENT_3D('',#3886,#3887,#3888);
#3886 = CARTESIAN_POINT('',(173.61764705882,-69.37,13.));
#3887 = DIRECTION('',(0.,-1.,2.22044604925E-16));
#3888 = DIRECTION('',(1.,0.,0.));
#3889 = FACE_BOUND('',#3890,.F.);
#3890 = EDGE_LOOP('',(#3891,#3901,#3910,#3918));
#3891 = ORIENTED_EDGE('',*,*,#3892,.T.);
#3892 = EDGE_CURVE('',#3893,#3895,#3897,.T.);
#3893 = VERTEX_POINT('',#3894);
#3894 = CARTESIAN_POINT('',(183.79411764705,-69.37,13.));
#3895 = VERTEX_POINT('',#3896);
#3896 = CARTESIAN_POINT('',(183.79411764705,-69.37,25.));
#3897 = LINE('',#3898,#3899);
#3898 = CARTESIAN_POINT('',(183.79411764705,-69.37,14.));
#3899 = VECTOR('',#3900,1.);
#3900 = DIRECTION('',(0.,0.,1.));
#3901 = ORIENTED_EDGE('',*,*,#3902,.T.);
#3902 = EDGE_CURVE('',#3895,#3903,#3905,.T.);
#3903 = VERTEX_POINT('',#3904);
#3904 = CARTESIAN_POINT('',(179.79411764705,-69.37,25.));
#3905 = CIRCLE('',#3906,2.);
#3906 = AXIS2_PLACEMENT_3D('',#3907,#3908,#3909);
#3907 = CARTESIAN_POINT('',(181.79411764705,-69.37,25.));
#3908 = DIRECTION('',(0.,-1.,2.22044604925E-16));
#3909 = DIRECTION('',(1.,0.,0.));
#3910 = ORIENTED_EDGE('',*,*,#3911,.F.);
#3911 = EDGE_CURVE('',#3912,#3903,#3914,.T.);
#3912 = VERTEX_POINT('',#3913);
#3913 = CARTESIAN_POINT('',(179.79411764705,-69.37,13.));
#3914 = LINE('',#3915,#3916);
#3915 = CARTESIAN_POINT('',(179.79411764705,-69.37,14.));
#3916 = VECTOR('',#3917,1.);
#3917 = DIRECTION('',(0.,0.,1.));
#3918 = ORIENTED_EDGE('',*,*,#3919,.T.);
#3919 = EDGE_CURVE('',#3912,#3893,#3920,.T.);
#3920 = CIRCLE('',#3921,2.);
#3921 = AXIS2_PLACEMENT_3D('',#3922,#3923,#3924);
#3922 = CARTESIAN_POINT('',(181.79411764705,-69.37,13.));
#3923 = DIRECTION('',(0.,-1.,2.22044604925E-16));
#3924 = DIRECTION('',(1.,0.,0.));
#3925 = FACE_BOUND('',#3926,.F.);
#3926 = EDGE_LOOP('',(#3927,#3937,#3946,#3954));
#3927 = ORIENTED_EDGE('',*,*,#3928,.T.);
#3928 = EDGE_CURVE('',#3929,#3931,#3933,.T.);
#3929 = VERTEX_POINT('',#3930);
#3930 = CARTESIAN_POINT('',(191.97058823529,-69.37,13.));
#3931 = VERTEX_POINT('',#3932);
#3932 = CARTESIAN_POINT('',(191.97058823529,-69.37,25.));
#3933 = LINE('',#3934,#3935);
#3934 = CARTESIAN_POINT('',(191.97058823529,-69.37,14.));
#3935 = VECTOR('',#3936,1.);
#3936 = DIRECTION('',(0.,0.,1.));
#3937 = ORIENTED_EDGE('',*,*,#3938,.T.);
#3938 = EDGE_CURVE('',#3931,#3939,#3941,.T.);
#3939 = VERTEX_POINT('',#3940);
#3940 = CARTESIAN_POINT('',(187.97058823529,-69.37,25.));
#3941 = CIRCLE('',#3942,2.);
#3942 = AXIS2_PLACEMENT_3D('',#3943,#3944,#3945);
#3943 = CARTESIAN_POINT('',(189.97058823529,-69.37,25.));
#3944 = DIRECTION('',(0.,-1.,2.22044604925E-16));
#3945 = DIRECTION('',(1.,0.,0.));
#3946 = ORIENTED_EDGE('',*,*,#3947,.F.);
#3947 = EDGE_CURVE('',#3948,#3939,#3950,.T.);
#3948 = VERTEX_POINT('',#3949);
#3949 = CARTESIAN_POINT('',(187.97058823529,-69.37,13.));
#3950 = LINE('',#3951,#3952);
#3951 = CARTESIAN_POINT('',(187.97058823529,-69.37,14.));
#3952 = VECTOR('',#3953,1.);
#3953 = DIRECTION('',(0.,0.,1.));
#3954 = ORIENTED_EDGE('',*,*,#3955,.T.);
#3955 = EDGE_CURVE('',#3948,#3929,#3956,.T.);
#3956 = CIRCLE('',#3957,2.);
#3957 = AXIS2_PLACEMENT_3D('',#3958,#3959,#3960);
#3958 = CARTESIAN_POINT('',(189.97058823529,-69.37,13.));
#3959 = DIRECTION('',(0.,-1.,2.22044604925E-16));
#3960 = DIRECTION('',(1.,0.,0.));
#3961 = FACE_BOUND('',#3962,.F.);
#3962 = EDGE_LOOP('',(#3963,#3973,#3982,#3990));
#3963 = ORIENTED_EDGE('',*,*,#3964,.T.);
#3964 = EDGE_CURVE('',#3965,#3967,#3969,.T.);
#3965 = VERTEX_POINT('',#3966);
#3966 = CARTESIAN_POINT('',(200.14705882352,-69.37,13.));
#3967 = VERTEX_POINT('',#3968);
#3968 = CARTESIAN_POINT('',(200.14705882352,-69.37,25.));
#3969 = LINE('',#3970,#3971);
#3970 = CARTESIAN_POINT('',(200.14705882352,-69.37,14.));
#3971 = VECTOR('',#3972,1.);
#3972 = DIRECTION('',(0.,0.,1.));
#3973 = ORIENTED_EDGE('',*,*,#3974,.T.);
#3974 = EDGE_CURVE('',#3967,#3975,#3977,.T.);
#3975 = VERTEX_POINT('',#3976);
#3976 = CARTESIAN_POINT('',(196.14705882352,-69.37,25.));
#3977 = CIRCLE('',#3978,2.);
#3978 = AXIS2_PLACEMENT_3D('',#3979,#3980,#3981);
#3979 = CARTESIAN_POINT('',(198.14705882352,-69.37,25.));
#3980 = DIRECTION('',(0.,-1.,2.22044604925E-16));
#3981 = DIRECTION('',(1.,0.,0.));
#3982 = ORIENTED_EDGE('',*,*,#3983,.F.);
#3983 = EDGE_CURVE('',#3984,#3975,#3986,.T.);
#3984 = VERTEX_POINT('',#3985);
#3985 = CARTESIAN_POINT('',(196.14705882352,-69.37,13.));
#3986 = LINE('',#3987,#3988);
#3987 = CARTESIAN_POINT('',(196.14705882352,-69.37,14.));
#3988 = VECTOR('',#3989,1.);
#3989 = DIRECTION('',(0.,0.,1.));
#3990 = ORIENTED_EDGE('',*,*,#3991,.T.);
#3991 = EDGE_CURVE('',#3984,#3965,#3992,.T.);
#3992 = CIRCLE('',#3993,2.);
#3993 = AXIS2_PLACEMENT_3D('',#3994,#3995,#3996);
#3994 = CARTESIAN_POINT('',(198.14705882352,-69.37,13.));
#3995 = DIRECTION('',(0.,-1.,2.22044604925E-16));
#3996 = DIRECTION('',(1.,0.,0.));
#3997 = FACE_BOUND('',#3998,.F.);
#3998 = EDGE_LOOP('',(#3999,#4009,#4018,#4026));
#3999 = ORIENTED_EDGE('',*,*,#4000,.T.);
#4000 = EDGE_CURVE('',#4001,#4003,#4005,.T.);
#4001 = VERTEX_POINT('',#4002);
#4002 = CARTESIAN_POINT('',(208.32352941176,-69.37,13.));
#4003 = VERTEX_POINT('',#4004);
#4004 = CARTESIAN_POINT('',(208.32352941176,-69.37,25.));
#4005 = LINE('',#4006,#4007);
#4006 = CARTESIAN_POINT('',(208.32352941176,-69.37,14.));
#4007 = VECTOR('',#4008,1.);
#4008 = DIRECTION('',(0.,0.,1.));
#4009 = ORIENTED_EDGE('',*,*,#4010,.T.);
#4010 = EDGE_CURVE('',#4003,#4011,#4013,.T.);
#4011 = VERTEX_POINT('',#4012);
#4012 = CARTESIAN_POINT('',(204.32352941176,-69.37,25.));
#4013 = CIRCLE('',#4014,2.);
#4014 = AXIS2_PLACEMENT_3D('',#4015,#4016,#4017);
#4015 = CARTESIAN_POINT('',(206.32352941176,-69.37,25.));
#4016 = DIRECTION('',(0.,-1.,2.22044604925E-16));
#4017 = DIRECTION('',(1.,0.,0.));
#4018 = ORIENTED_EDGE('',*,*,#4019,.F.);
#4019 = EDGE_CURVE('',#4020,#4011,#4022,.T.);
#4020 = VERTEX_POINT('',#4021);
#4021 = CARTESIAN_POINT('',(204.32352941176,-69.37,13.));
#4022 = LINE('',#4023,#4024);
#4023 = CARTESIAN_POINT('',(204.32352941176,-69.37,14.));
#4024 = VECTOR('',#4025,1.);
#4025 = DIRECTION('',(0.,0.,1.));
#4026 = ORIENTED_EDGE('',*,*,#4027,.T.);
#4027 = EDGE_CURVE('',#4020,#4001,#4028,.T.);
#4028 = CIRCLE('',#4029,2.);
#4029 = AXIS2_PLACEMENT_3D('',#4030,#4031,#4032);
#4030 = CARTESIAN_POINT('',(206.32352941176,-69.37,13.));
#4031 = DIRECTION('',(0.,-1.,2.22044604925E-16));
#4032 = DIRECTION('',(1.,0.,0.));
#4033 = FACE_BOUND('',#4034,.F.);
#4034 = EDGE_LOOP('',(#4035,#4045,#4054,#4062));
#4035 = ORIENTED_EDGE('',*,*,#4036,.T.);
#4036 = EDGE_CURVE('',#4037,#4039,#4041,.T.);
#4037 = VERTEX_POINT('',#4038);
#4038 = CARTESIAN_POINT('',(216.5,-69.37,13.));
#4039 = VERTEX_POINT('',#4040);
#4040 = CARTESIAN_POINT('',(216.5,-69.37,25.));
#4041 = LINE('',#4042,#4043);
#4042 = CARTESIAN_POINT('',(216.5,-69.37,14.));
#4043 = VECTOR('',#4044,1.);
#4044 = DIRECTION('',(0.,0.,1.));
#4045 = ORIENTED_EDGE('',*,*,#4046,.T.);
#4046 = EDGE_CURVE('',#4039,#4047,#4049,.T.);
#4047 = VERTEX_POINT('',#4048);
#4048 = CARTESIAN_POINT('',(212.5,-69.37,25.));
#4049 = CIRCLE('',#4050,2.);
#4050 = AXIS2_PLACEMENT_3D('',#4051,#4052,#4053);
#4051 = CARTESIAN_POINT('',(214.5,-69.37,25.));
#4052 = DIRECTION('',(0.,-1.,2.22044604925E-16));
#4053 = DIRECTION('',(1.,0.,0.));
#4054 = ORIENTED_EDGE('',*,*,#4055,.F.);
#4055 = EDGE_CURVE('',#4056,#4047,#4058,.T.);
#4056 = VERTEX_POINT('',#4057);
#4057 = CARTESIAN_POINT('',(212.5,-69.37,13.));
#4058 = LINE('',#4059,#4060);
#4059 = CARTESIAN_POINT('',(212.5,-69.37,14.));
#4060 = VECTOR('',#4061,1.);
#4061 = DIRECTION('',(0.,0.,1.));
#4062 = ORIENTED_EDGE('',*,*,#4063,.T.);
#4063 = EDGE_CURVE('',#4056,#4037,#4064,.T.);
#4064 = CIRCLE('',#4065,2.);
#4065 = AXIS2_PLACEMENT_3D('',#4066,#4067,#4068);
#4066 = CARTESIAN_POINT('',(214.5,-69.37,13.));
#4067 = DIRECTION('',(0.,-1.,2.22044604925E-16));
#4068 = DIRECTION('',(1.,0.,0.));
#4069 = FACE_BOUND('',#4070,.F.);
#4070 = EDGE_LOOP('',(#4071));
#4071 = ORIENTED_EDGE('',*,*,#4072,.T.);
#4072 = EDGE_CURVE('',#4073,#4073,#4075,.T.);
#4073 = VERTEX_POINT('',#4074);
#4074 = CARTESIAN_POINT('',(75.55,-69.37,6.));
#4075 = CIRCLE('',#4076,1.);
#4076 = AXIS2_PLACEMENT_3D('',#4077,#4078,#4079);
#4077 = CARTESIAN_POINT('',(74.55,-69.37,6.));
#4078 = DIRECTION('',(0.,-1.,2.22044604925E-16));
#4079 = DIRECTION('',(1.,0.,0.));
#4080 = FACE_BOUND('',#4081,.F.);
#4081 = EDGE_LOOP('',(#4082));
#4082 = ORIENTED_EDGE('',*,*,#4083,.T.);
#4083 = EDGE_CURVE('',#4084,#4084,#4086,.T.);
#4084 = VERTEX_POINT('',#4085);
#4085 = CARTESIAN_POINT('',(241.5,-69.37,6.));
#4086 = CIRCLE('',#4087,1.);
#4087 = AXIS2_PLACEMENT_3D('',#4088,#4089,#4090);
#4088 = CARTESIAN_POINT('',(240.5,-69.37,6.));
#4089 = DIRECTION('',(0.,-1.,2.22044604925E-16));
#4090 = DIRECTION('',(1.,0.,0.));
#4091 = PLANE('',#4092);
#4092 = AXIS2_PLACEMENT_3D('',#4093,#4094,#4095);
#4093 = CARTESIAN_POINT('',(70.25,-69.37,3.));
#4094 = DIRECTION('',(0.,1.,0.));
#4095 = DIRECTION('',(1.,0.,0.));
#4096 = ADVANCED_FACE('',(#4097),#4115,.T.);
#4097 = FACE_BOUND('',#4098,.T.);
#4098 = EDGE_LOOP('',(#4099,#4106,#4107,#4114));
#4099 = ORIENTED_EDGE('',*,*,#4100,.F.);
#4100 = EDGE_CURVE('',#541,#2198,#4101,.T.);
#4101 = CIRCLE('',#4102,2.);
#4102 = AXIS2_PLACEMENT_3D('',#4103,#4104,#4105);
#4103 = CARTESIAN_POINT('',(245.5,-124.62,35.));
#4104 = DIRECTION('',(0.,-1.,0.));
#4105 = DIRECTION('',(0.,0.,1.));
#4106 = ORIENTED_EDGE('',*,*,#540,.T.);
#4107 = ORIENTED_EDGE('',*,*,#4108,.T.);
#4108 = EDGE_CURVE('',#533,#2206,#4109,.T.);
#4109 = CIRCLE('',#4110,2.);
#4110 = AXIS2_PLACEMENT_3D('',#4111,#4112,#4113);
#4111 = CARTESIAN_POINT('',(245.5,-68.62,35.));
#4112 = DIRECTION('',(0.,-1.,0.));
#4113 = DIRECTION('',(0.,0.,1.));
#4114 = ORIENTED_EDGE('',*,*,#2205,.F.);
#4115 = CYLINDRICAL_SURFACE('',#4116,2.);
#4116 = AXIS2_PLACEMENT_3D('',#4117,#4118,#4119);
#4117 = CARTESIAN_POINT('',(245.5,-126.62,35.));
#4118 = DIRECTION('',(0.,1.,0.));
#4119 = DIRECTION('',(0.,0.,1.));
#4120 = ADVANCED_FACE('',(#4121),#4132,.F.);
#4121 = FACE_BOUND('',#4122,.F.);
#4122 = EDGE_LOOP('',(#4123,#4124,#4125,#4126));
#4123 = ORIENTED_EDGE('',*,*,#596,.F.);
#4124 = ORIENTED_EDGE('',*,*,#3399,.T.);
#4125 = ORIENTED_EDGE('',*,*,#1413,.T.);
#4126 = ORIENTED_EDGE('',*,*,#4127,.F.);
#4127 = EDGE_CURVE('',#589,#1406,#4128,.T.);
#4128 = LINE('',#4129,#4130);
#4129 = CARTESIAN_POINT('',(247.5,-95.61999999999,18.));
#4130 = VECTOR('',#4131,1.);
#4131 = DIRECTION('',(-1.,-0.,-0.));
#4132 = CYLINDRICAL_SURFACE('',#4133,10.);
#4133 = AXIS2_PLACEMENT_3D('',#4134,#4135,#4136);
#4134 = CARTESIAN_POINT('',(247.5,-85.62,18.000004508024));
#4135 = DIRECTION('',(1.,0.,0.));
#4136 = DIRECTION('',(0.,1.,0.));
#4137 = ADVANCED_FACE('',(#4138),#4149,.F.);
#4138 = FACE_BOUND('',#4139,.F.);
#4139 = EDGE_LOOP('',(#4140,#4141,#4142,#4143));
#4140 = ORIENTED_EDGE('',*,*,#588,.F.);
#4141 = ORIENTED_EDGE('',*,*,#4127,.T.);
#4142 = ORIENTED_EDGE('',*,*,#1405,.T.);
#4143 = ORIENTED_EDGE('',*,*,#4144,.F.);
#4144 = EDGE_CURVE('',#581,#1398,#4145,.T.);
#4145 = LINE('',#4146,#4147);
#4146 = CARTESIAN_POINT('',(247.5,-95.61999999999,3.));
#4147 = VECTOR('',#4148,1.);
#4148 = DIRECTION('',(-1.,-0.,-0.));
#4149 = PLANE('',#4150);
#4150 = AXIS2_PLACEMENT_3D('',#4151,#4152,#4153);
#4151 = CARTESIAN_POINT('',(247.5,-95.61999999999,18.));
#4152 = DIRECTION('',(0.,-1.,0.));
#4153 = DIRECTION('',(0.,0.,-1.));
#4154 = ADVANCED_FACE('',(#4155),#4166,.F.);
#4155 = FACE_BOUND('',#4156,.F.);
#4156 = EDGE_LOOP('',(#4157,#4158,#4159,#4160));
#4157 = ORIENTED_EDGE('',*,*,#580,.T.);
#4158 = ORIENTED_EDGE('',*,*,#4144,.T.);
#4159 = ORIENTED_EDGE('',*,*,#1397,.T.);
#4160 = ORIENTED_EDGE('',*,*,#4161,.F.);
#4161 = EDGE_CURVE('',#573,#1390,#4162,.T.);
#4162 = LINE('',#4163,#4164);
#4163 = CARTESIAN_POINT('',(247.5,-104.12,3.));
#4164 = VECTOR('',#4165,1.);
#4165 = DIRECTION('',(-1.,-0.,-0.));
#4166 = PLANE('',#4167);
#4167 = AXIS2_PLACEMENT_3D('',#4168,#4169,#4170);
#4168 = CARTESIAN_POINT('',(157.5,-96.62,3.));
#4169 = DIRECTION('',(0.,0.,1.));
#4170 = DIRECTION('',(1.,0.,0.));
#4171 = ADVANCED_FACE('',(#4172),#4183,.F.);
#4172 = FACE_BOUND('',#4173,.F.);
#4173 = EDGE_LOOP('',(#4174,#4175,#4176,#4177));
#4174 = ORIENTED_EDGE('',*,*,#572,.F.);
#4175 = ORIENTED_EDGE('',*,*,#4161,.T.);
#4176 = ORIENTED_EDGE('',*,*,#1389,.T.);
#4177 = ORIENTED_EDGE('',*,*,#4178,.F.);
#4178 = EDGE_CURVE('',#564,#1381,#4179,.T.);
#4179 = LINE('',#4180,#4181);
#4180 = CARTESIAN_POINT('',(247.5,-104.12,18.));
#4181 = VECTOR('',#4182,1.);
#4182 = DIRECTION('',(-1.,-0.,-0.));
#4183 = PLANE('',#4184);
#4184 = AXIS2_PLACEMENT_3D('',#4185,#4186,#4187);
#4185 = CARTESIAN_POINT('',(247.5,-104.12,3.));
#4186 = DIRECTION('',(0.,1.,0.));
#4187 = DIRECTION('',(0.,0.,1.));
#4188 = ADVANCED_FACE('',(#4189),#4195,.F.);
#4189 = FACE_BOUND('',#4190,.F.);
#4190 = EDGE_LOOP('',(#4191,#4192,#4193,#4194));
#4191 = ORIENTED_EDGE('',*,*,#563,.F.);
#4192 = ORIENTED_EDGE('',*,*,#4178,.T.);
#4193 = ORIENTED_EDGE('',*,*,#1380,.T.);
#4194 = ORIENTED_EDGE('',*,*,#645,.F.);
#4195 = CYLINDRICAL_SURFACE('',#4196,6.5);
#4196 = AXIS2_PLACEMENT_3D('',#4197,#4198,#4199);
#4197 = CARTESIAN_POINT('',(247.5,-110.62,17.999999412767));
#4198 = DIRECTION('',(1.,0.,0.));
#4199 = DIRECTION('',(0.,1.,0.));
#4200 = ADVANCED_FACE('',(#4201),#4212,.T.);
#4201 = FACE_BOUND('',#4202,.F.);
#4202 = EDGE_LOOP('',(#4203,#4204,#4205));
#4203 = ORIENTED_EDGE('',*,*,#4100,.F.);
#4204 = ORIENTED_EDGE('',*,*,#619,.T.);
#4205 = ORIENTED_EDGE('',*,*,#4206,.F.);
#4206 = EDGE_CURVE('',#2198,#620,#4207,.T.);
#4207 = CIRCLE('',#4208,2.);
#4208 = AXIS2_PLACEMENT_3D('',#4209,#4210,#4211);
#4209 = CARTESIAN_POINT('',(245.5,-124.62,35.));
#4210 = DIRECTION('',(1.,0.,-0.));
#4211 = DIRECTION('',(0.,0.,1.));
#4212 = SPHERICAL_SURFACE('',#4213,2.);
#4213 = AXIS2_PLACEMENT_3D('',#4214,#4215,#4216);
#4214 = CARTESIAN_POINT('',(245.5,-124.62,35.));
#4215 = DIRECTION('',(-1.,-0.,-0.));
#4216 = DIRECTION('',(0.,0.,1.));
#4217 = ADVANCED_FACE('',(#4218),#4224,.T.);
#4218 = FACE_BOUND('',#4219,.T.);
#4219 = EDGE_LOOP('',(#4220,#4221,#4222,#4223));
#4220 = ORIENTED_EDGE('',*,*,#2162,.F.);
#4221 = ORIENTED_EDGE('',*,*,#670,.T.);
#4222 = ORIENTED_EDGE('',*,*,#4206,.F.);
#4223 = ORIENTED_EDGE('',*,*,#2197,.F.);
#4224 = CYLINDRICAL_SURFACE('',#4225,2.);
#4225 = AXIS2_PLACEMENT_3D('',#4226,#4227,#4228);
#4226 = CARTESIAN_POINT('',(67.5,-124.62,35.));
#4227 = DIRECTION('',(1.,0.,0.));
#4228 = DIRECTION('',(0.,0.,1.));
#4229 = ADVANCED_FACE('',(#4230),#4249,.F.);
#4230 = FACE_BOUND('',#4231,.T.);
#4231 = EDGE_LOOP('',(#4232,#4240,#4241,#4242));
#4232 = ORIENTED_EDGE('',*,*,#4233,.F.);
#4233 = EDGE_CURVE('',#680,#4234,#4236,.T.);
#4234 = VERTEX_POINT('',#4235);
#4235 = CARTESIAN_POINT('',(72.65,-125.62,6.));
#4236 = LINE('',#4237,#4238);
#4237 = CARTESIAN_POINT('',(72.65,-126.62,6.));
#4238 = VECTOR('',#4239,1.);
#4239 = DIRECTION('',(0.,1.,-2.22044604925E-16));
#4240 = ORIENTED_EDGE('',*,*,#679,.T.);
#4241 = ORIENTED_EDGE('',*,*,#4233,.T.);
#4242 = ORIENTED_EDGE('',*,*,#4243,.F.);
#4243 = EDGE_CURVE('',#4234,#4234,#4244,.T.);
#4244 = CIRCLE('',#4245,1.9);
#4245 = AXIS2_PLACEMENT_3D('',#4246,#4247,#4248);
#4246 = CARTESIAN_POINT('',(74.55,-125.62,6.));
#4247 = DIRECTION('',(0.,-1.,2.22044604925E-16));
#4248 = DIRECTION('',(-1.,0.,0.));
#4249 = CYLINDRICAL_SURFACE('',#4250,1.9);
#4250 = AXIS2_PLACEMENT_3D('',#4251,#4252,#4253);
#4251 = CARTESIAN_POINT('',(74.55,-126.62,6.));
#4252 = DIRECTION('',(0.,1.,-2.22044604925E-16));
#4253 = DIRECTION('',(-1.,0.,0.));
#4254 = ADVANCED_FACE('',(#4255),#4274,.F.);
#4255 = FACE_BOUND('',#4256,.T.);
#4256 = EDGE_LOOP('',(#4257,#4265,#4266,#4267));
#4257 = ORIENTED_EDGE('',*,*,#4258,.F.);
#4258 = EDGE_CURVE('',#691,#4259,#4261,.T.);
#4259 = VERTEX_POINT('',#4260);
#4260 = CARTESIAN_POINT('',(238.6,-125.62,6.));
#4261 = LINE('',#4262,#4263);
#4262 = CARTESIAN_POINT('',(238.6,-126.62,6.));
#4263 = VECTOR('',#4264,1.);
#4264 = DIRECTION('',(0.,1.,-2.22044604925E-16));
#4265 = ORIENTED_EDGE('',*,*,#690,.T.);
#4266 = ORIENTED_EDGE('',*,*,#4258,.T.);
#4267 = ORIENTED_EDGE('',*,*,#4268,.F.);
#4268 = EDGE_CURVE('',#4259,#4259,#4269,.T.);
#4269 = CIRCLE('',#4270,1.9);
#4270 = AXIS2_PLACEMENT_3D('',#4271,#4272,#4273);
#4271 = CARTESIAN_POINT('',(240.5,-125.62,6.));
#4272 = DIRECTION('',(0.,-1.,2.22044604925E-16));
#4273 = DIRECTION('',(-1.,0.,0.));
#4274 = CYLINDRICAL_SURFACE('',#4275,1.9);
#4275 = AXIS2_PLACEMENT_3D('',#4276,#4277,#4278);
#4276 = CARTESIAN_POINT('',(240.5,-126.62,6.));
#4277 = DIRECTION('',(0.,1.,-2.22044604925E-16));
#4278 = DIRECTION('',(-1.,0.,0.));
#4279 = ADVANCED_FACE('',(#4280),#4296,.F.);
#4280 = FACE_BOUND('',#4281,.F.);
#4281 = EDGE_LOOP('',(#4282,#4283,#4289,#4290));
#4282 = ORIENTED_EDGE('',*,*,#701,.F.);
#4283 = ORIENTED_EDGE('',*,*,#4284,.T.);
#4284 = EDGE_CURVE('',#702,#2067,#4285,.T.);
#4285 = LINE('',#4286,#4287);
#4286 = CARTESIAN_POINT('',(77.5,-126.62,25.));
#4287 = VECTOR('',#4288,1.);
#4288 = DIRECTION('',(0.,1.,-2.22044604925E-16));
#4289 = ORIENTED_EDGE('',*,*,#2066,.T.);
#4290 = ORIENTED_EDGE('',*,*,#4291,.F.);
#4291 = EDGE_CURVE('',#704,#2069,#4292,.T.);
#4292 = LINE('',#4293,#4294);
#4293 = CARTESIAN_POINT('',(73.5,-126.62,25.));
#4294 = VECTOR('',#4295,1.);
#4295 = DIRECTION('',(0.,1.,-2.22044604925E-16));
#4296 = CYLINDRICAL_SURFACE('',#4297,2.);
#4297 = AXIS2_PLACEMENT_3D('',#4298,#4299,#4300);
#4298 = CARTESIAN_POINT('',(75.5,-126.62,25.));
#4299 = DIRECTION('',(0.,-1.,2.22044604925E-16));
#4300 = DIRECTION('',(1.,0.,0.));
#4301 = ADVANCED_FACE('',(#4302),#4313,.T.);
#4302 = FACE_BOUND('',#4303,.T.);
#4303 = EDGE_LOOP('',(#4304,#4305,#4306,#4307));
#4304 = ORIENTED_EDGE('',*,*,#712,.F.);
#4305 = ORIENTED_EDGE('',*,*,#4284,.T.);
#4306 = ORIENTED_EDGE('',*,*,#2077,.T.);
#4307 = ORIENTED_EDGE('',*,*,#4308,.F.);
#4308 = EDGE_CURVE('',#713,#2078,#4309,.T.);
#4309 = LINE('',#4310,#4311);
#4310 = CARTESIAN_POINT('',(77.5,-126.62,13.));
#4311 = VECTOR('',#4312,1.);
#4312 = DIRECTION('',(0.,1.,-2.22044604925E-16));
#4313 = PLANE('',#4314);
#4314 = AXIS2_PLACEMENT_3D('',#4315,#4316,#4317);
#4315 = CARTESIAN_POINT('',(77.5,-126.62,25.));
#4316 = DIRECTION('',(-1.,0.,0.));
#4317 = DIRECTION('',(0.,-2.22044604925E-16,-1.));
#4318 = ADVANCED_FACE('',(#4319),#4330,.F.);
#4319 = FACE_BOUND('',#4320,.F.);
#4320 = EDGE_LOOP('',(#4321,#4322,#4323,#4324));
#4321 = ORIENTED_EDGE('',*,*,#729,.F.);
#4322 = ORIENTED_EDGE('',*,*,#4291,.T.);
#4323 = ORIENTED_EDGE('',*,*,#2094,.T.);
#4324 = ORIENTED_EDGE('',*,*,#4325,.F.);
#4325 = EDGE_CURVE('',#721,#2086,#4326,.T.);
#4326 = LINE('',#4327,#4328);
#4327 = CARTESIAN_POINT('',(73.5,-126.62,13.));
#4328 = VECTOR('',#4329,1.);
#4329 = DIRECTION('',(0.,1.,-2.22044604925E-16));
#4330 = PLANE('',#4331);
#4331 = AXIS2_PLACEMENT_3D('',#4332,#4333,#4334);
#4332 = CARTESIAN_POINT('',(73.5,-126.62,25.));
#4333 = DIRECTION('',(-1.,0.,0.));
#4334 = DIRECTION('',(0.,-2.22044604925E-16,-1.));
#4335 = ADVANCED_FACE('',(#4336),#4342,.F.);
#4336 = FACE_BOUND('',#4337,.F.);
#4337 = EDGE_LOOP('',(#4338,#4339,#4340,#4341));
#4338 = ORIENTED_EDGE('',*,*,#720,.F.);
#4339 = ORIENTED_EDGE('',*,*,#4325,.T.);
#4340 = ORIENTED_EDGE('',*,*,#2085,.T.);
#4341 = ORIENTED_EDGE('',*,*,#4308,.F.);
#4342 = CYLINDRICAL_SURFACE('',#4343,2.);
#4343 = AXIS2_PLACEMENT_3D('',#4344,#4345,#4346);
#4344 = CARTESIAN_POINT('',(75.5,-126.62,13.));
#4345 = DIRECTION('',(0.,-1.,2.22044604925E-16));
#4346 = DIRECTION('',(1.,0.,0.));
#4347 = ADVANCED_FACE('',(#4348),#4364,.F.);
#4348 = FACE_BOUND('',#4349,.F.);
#4349 = EDGE_LOOP('',(#4350,#4351,#4357,#4358));
#4350 = ORIENTED_EDGE('',*,*,#737,.F.);
#4351 = ORIENTED_EDGE('',*,*,#4352,.T.);
#4352 = EDGE_CURVE('',#738,#2031,#4353,.T.);
#4353 = LINE('',#4354,#4355);
#4354 = CARTESIAN_POINT('',(85.676470588235,-126.62,25.));
#4355 = VECTOR('',#4356,1.);
#4356 = DIRECTION('',(0.,1.,-2.22044604925E-16));
#4357 = ORIENTED_EDGE('',*,*,#2030,.T.);
#4358 = ORIENTED_EDGE('',*,*,#4359,.F.);
#4359 = EDGE_CURVE('',#740,#2033,#4360,.T.);
#4360 = LINE('',#4361,#4362);
#4361 = CARTESIAN_POINT('',(81.676470588235,-126.62,25.));
#4362 = VECTOR('',#4363,1.);
#4363 = DIRECTION('',(0.,1.,-2.22044604925E-16));
#4364 = CYLINDRICAL_SURFACE('',#4365,2.);
#4365 = AXIS2_PLACEMENT_3D('',#4366,#4367,#4368);
#4366 = CARTESIAN_POINT('',(83.676470588235,-126.62,25.));
#4367 = DIRECTION('',(0.,-1.,2.22044604925E-16));
#4368 = DIRECTION('',(1.,0.,0.));
#4369 = ADVANCED_FACE('',(#4370),#4381,.T.);
#4370 = FACE_BOUND('',#4371,.T.);
#4371 = EDGE_LOOP('',(#4372,#4373,#4374,#4375));
#4372 = ORIENTED_EDGE('',*,*,#748,.F.);
#4373 = ORIENTED_EDGE('',*,*,#4352,.T.);
#4374 = ORIENTED_EDGE('',*,*,#2041,.T.);
#4375 = ORIENTED_EDGE('',*,*,#4376,.F.);
#4376 = EDGE_CURVE('',#749,#2042,#4377,.T.);
#4377 = LINE('',#4378,#4379);
#4378 = CARTESIAN_POINT('',(85.676470588235,-126.62,13.));
#4379 = VECTOR('',#4380,1.);
#4380 = DIRECTION('',(0.,1.,-2.22044604925E-16));
#4381 = PLANE('',#4382);
#4382 = AXIS2_PLACEMENT_3D('',#4383,#4384,#4385);
#4383 = CARTESIAN_POINT('',(85.676470588235,-126.62,25.));
#4384 = DIRECTION('',(-1.,0.,0.));
#4385 = DIRECTION('',(0.,-2.22044604925E-16,-1.));
#4386 = ADVANCED_FACE('',(#4387),#4398,.F.);
#4387 = FACE_BOUND('',#4388,.F.);
#4388 = EDGE_LOOP('',(#4389,#4390,#4391,#4392));
#4389 = ORIENTED_EDGE('',*,*,#765,.F.);
#4390 = ORIENTED_EDGE('',*,*,#4359,.T.);
#4391 = ORIENTED_EDGE('',*,*,#2058,.T.);
#4392 = ORIENTED_EDGE('',*,*,#4393,.F.);
#4393 = EDGE_CURVE('',#757,#2050,#4394,.T.);
#4394 = LINE('',#4395,#4396);
#4395 = CARTESIAN_POINT('',(81.676470588235,-126.62,13.));
#4396 = VECTOR('',#4397,1.);
#4397 = DIRECTION('',(0.,1.,-2.22044604925E-16));
#4398 = PLANE('',#4399);
#4399 = AXIS2_PLACEMENT_3D('',#4400,#4401,#4402);
#4400 = CARTESIAN_POINT('',(81.676470588235,-126.62,25.));
#4401 = DIRECTION('',(-1.,0.,0.));
#4402 = DIRECTION('',(0.,-2.22044604925E-16,-1.));
#4403 = ADVANCED_FACE('',(#4404),#4410,.F.);
#4404 = FACE_BOUND('',#4405,.F.);
#4405 = EDGE_LOOP('',(#4406,#4407,#4408,#4409));
#4406 = ORIENTED_EDGE('',*,*,#756,.F.);
#4407 = ORIENTED_EDGE('',*,*,#4393,.T.);
#4408 = ORIENTED_EDGE('',*,*,#2049,.T.);
#4409 = ORIENTED_EDGE('',*,*,#4376,.F.);
#4410 = CYLINDRICAL_SURFACE('',#4411,2.);
#4411 = AXIS2_PLACEMENT_3D('',#4412,#4413,#4414);
#4412 = CARTESIAN_POINT('',(83.676470588235,-126.62,13.));
#4413 = DIRECTION('',(0.,-1.,2.22044604925E-16));
#4414 = DIRECTION('',(1.,0.,0.));
#4415 = ADVANCED_FACE('',(#4416),#4432,.F.);
#4416 = FACE_BOUND('',#4417,.F.);
#4417 = EDGE_LOOP('',(#4418,#4419,#4425,#4426));
#4418 = ORIENTED_EDGE('',*,*,#773,.F.);
#4419 = ORIENTED_EDGE('',*,*,#4420,.T.);
#4420 = EDGE_CURVE('',#774,#1995,#4421,.T.);
#4421 = LINE('',#4422,#4423);
#4422 = CARTESIAN_POINT('',(93.852941176471,-126.62,25.));
#4423 = VECTOR('',#4424,1.);
#4424 = DIRECTION('',(0.,1.,-2.22044604925E-16));
#4425 = ORIENTED_EDGE('',*,*,#1994,.T.);
#4426 = ORIENTED_EDGE('',*,*,#4427,.F.);
#4427 = EDGE_CURVE('',#776,#1997,#4428,.T.);
#4428 = LINE('',#4429,#4430);
#4429 = CARTESIAN_POINT('',(89.852941176471,-126.62,25.));
#4430 = VECTOR('',#4431,1.);
#4431 = DIRECTION('',(0.,1.,-2.22044604925E-16));
#4432 = CYLINDRICAL_SURFACE('',#4433,2.);
#4433 = AXIS2_PLACEMENT_3D('',#4434,#4435,#4436);
#4434 = CARTESIAN_POINT('',(91.852941176471,-126.62,25.));
#4435 = DIRECTION('',(0.,-1.,2.22044604925E-16));
#4436 = DIRECTION('',(1.,0.,0.));
#4437 = ADVANCED_FACE('',(#4438),#4449,.T.);
#4438 = FACE_BOUND('',#4439,.T.);
#4439 = EDGE_LOOP('',(#4440,#4441,#4442,#4443));
#4440 = ORIENTED_EDGE('',*,*,#784,.F.);
#4441 = ORIENTED_EDGE('',*,*,#4420,.T.);
#4442 = ORIENTED_EDGE('',*,*,#2005,.T.);
#4443 = ORIENTED_EDGE('',*,*,#4444,.F.);
#4444 = EDGE_CURVE('',#785,#2006,#4445,.T.);
#4445 = LINE('',#4446,#4447);
#4446 = CARTESIAN_POINT('',(93.852941176471,-126.62,13.));
#4447 = VECTOR('',#4448,1.);
#4448 = DIRECTION('',(0.,1.,-2.22044604925E-16));
#4449 = PLANE('',#4450);
#4450 = AXIS2_PLACEMENT_3D('',#4451,#4452,#4453);
#4451 = CARTESIAN_POINT('',(93.852941176471,-126.62,25.));
#4452 = DIRECTION('',(-1.,0.,0.));
#4453 = DIRECTION('',(0.,-2.22044604925E-16,-1.));
#4454 = ADVANCED_FACE('',(#4455),#4466,.F.);
#4455 = FACE_BOUND('',#4456,.F.);
#4456 = EDGE_LOOP('',(#4457,#4458,#4459,#4460));
#4457 = ORIENTED_EDGE('',*,*,#801,.F.);
#4458 = ORIENTED_EDGE('',*,*,#4427,.T.);
#4459 = ORIENTED_EDGE('',*,*,#2022,.T.);
#4460 = ORIENTED_EDGE('',*,*,#4461,.F.);
#4461 = EDGE_CURVE('',#793,#2014,#4462,.T.);
#4462 = LINE('',#4463,#4464);
#4463 = CARTESIAN_POINT('',(89.852941176471,-126.62,13.));
#4464 = VECTOR('',#4465,1.);
#4465 = DIRECTION('',(0.,1.,-2.22044604925E-16));
#4466 = PLANE('',#4467);
#4467 = AXIS2_PLACEMENT_3D('',#4468,#4469,#4470);
#4468 = CARTESIAN_POINT('',(89.852941176471,-126.62,25.));
#4469 = DIRECTION('',(-1.,0.,0.));
#4470 = DIRECTION('',(0.,-2.22044604925E-16,-1.));
#4471 = ADVANCED_FACE('',(#4472),#4478,.F.);
#4472 = FACE_BOUND('',#4473,.F.);
#4473 = EDGE_LOOP('',(#4474,#4475,#4476,#4477));
#4474 = ORIENTED_EDGE('',*,*,#792,.F.);
#4475 = ORIENTED_EDGE('',*,*,#4461,.T.);
#4476 = ORIENTED_EDGE('',*,*,#2013,.T.);
#4477 = ORIENTED_EDGE('',*,*,#4444,.F.);
#4478 = CYLINDRICAL_SURFACE('',#4479,2.);
#4479 = AXIS2_PLACEMENT_3D('',#4480,#4481,#4482);
#4480 = CARTESIAN_POINT('',(91.852941176471,-126.62,13.));
#4481 = DIRECTION('',(0.,-1.,2.22044604925E-16));
#4482 = DIRECTION('',(1.,0.,0.));
#4483 = ADVANCED_FACE('',(#4484),#4500,.F.);
#4484 = FACE_BOUND('',#4485,.F.);
#4485 = EDGE_LOOP('',(#4486,#4487,#4493,#4494));
#4486 = ORIENTED_EDGE('',*,*,#809,.F.);
#4487 = ORIENTED_EDGE('',*,*,#4488,.T.);
#4488 = EDGE_CURVE('',#810,#1959,#4489,.T.);
#4489 = LINE('',#4490,#4491);
#4490 = CARTESIAN_POINT('',(102.0294117647,-126.62,25.));
#4491 = VECTOR('',#4492,1.);
#4492 = DIRECTION('',(0.,1.,-2.22044604925E-16));
#4493 = ORIENTED_EDGE('',*,*,#1958,.T.);
#4494 = ORIENTED_EDGE('',*,*,#4495,.F.);
#4495 = EDGE_CURVE('',#812,#1961,#4496,.T.);
#4496 = LINE('',#4497,#4498);
#4497 = CARTESIAN_POINT('',(98.029411764706,-126.62,25.));
#4498 = VECTOR('',#4499,1.);
#4499 = DIRECTION('',(0.,1.,-2.22044604925E-16));
#4500 = CYLINDRICAL_SURFACE('',#4501,2.);
#4501 = AXIS2_PLACEMENT_3D('',#4502,#4503,#4504);
#4502 = CARTESIAN_POINT('',(100.0294117647,-126.62,25.));
#4503 = DIRECTION('',(0.,-1.,2.22044604925E-16));
#4504 = DIRECTION('',(1.,0.,0.));
#4505 = ADVANCED_FACE('',(#4506),#4517,.T.);
#4506 = FACE_BOUND('',#4507,.T.);
#4507 = EDGE_LOOP('',(#4508,#4509,#4510,#4511));
#4508 = ORIENTED_EDGE('',*,*,#820,.F.);
#4509 = ORIENTED_EDGE('',*,*,#4488,.T.);
#4510 = ORIENTED_EDGE('',*,*,#1969,.T.);
#4511 = ORIENTED_EDGE('',*,*,#4512,.F.);
#4512 = EDGE_CURVE('',#821,#1970,#4513,.T.);
#4513 = LINE('',#4514,#4515);
#4514 = CARTESIAN_POINT('',(102.0294117647,-126.62,13.));
#4515 = VECTOR('',#4516,1.);
#4516 = DIRECTION('',(0.,1.,-2.22044604925E-16));
#4517 = PLANE('',#4518);
#4518 = AXIS2_PLACEMENT_3D('',#4519,#4520,#4521);
#4519 = CARTESIAN_POINT('',(102.0294117647,-126.62,25.));
#4520 = DIRECTION('',(-1.,0.,0.));
#4521 = DIRECTION('',(0.,-2.22044604925E-16,-1.));
#4522 = ADVANCED_FACE('',(#4523),#4534,.F.);
#4523 = FACE_BOUND('',#4524,.F.);
#4524 = EDGE_LOOP('',(#4525,#4526,#4527,#4528));
#4525 = ORIENTED_EDGE('',*,*,#837,.F.);
#4526 = ORIENTED_EDGE('',*,*,#4495,.T.);
#4527 = ORIENTED_EDGE('',*,*,#1986,.T.);
#4528 = ORIENTED_EDGE('',*,*,#4529,.F.);
#4529 = EDGE_CURVE('',#829,#1978,#4530,.T.);
#4530 = LINE('',#4531,#4532);
#4531 = CARTESIAN_POINT('',(98.029411764706,-126.62,13.));
#4532 = VECTOR('',#4533,1.);
#4533 = DIRECTION('',(0.,1.,-2.22044604925E-16));
#4534 = PLANE('',#4535);
#4535 = AXIS2_PLACEMENT_3D('',#4536,#4537,#4538);
#4536 = CARTESIAN_POINT('',(98.029411764706,-126.62,25.));
#4537 = DIRECTION('',(-1.,0.,0.));
#4538 = DIRECTION('',(0.,-2.22044604925E-16,-1.));
#4539 = ADVANCED_FACE('',(#4540),#4546,.F.);
#4540 = FACE_BOUND('',#4541,.F.);
#4541 = EDGE_LOOP('',(#4542,#4543,#4544,#4545));
#4542 = ORIENTED_EDGE('',*,*,#828,.F.);
#4543 = ORIENTED_EDGE('',*,*,#4529,.T.);
#4544 = ORIENTED_EDGE('',*,*,#1977,.T.);
#4545 = ORIENTED_EDGE('',*,*,#4512,.F.);
#4546 = CYLINDRICAL_SURFACE('',#4547,2.);
#4547 = AXIS2_PLACEMENT_3D('',#4548,#4549,#4550);
#4548 = CARTESIAN_POINT('',(100.0294117647,-126.62,13.));
#4549 = DIRECTION('',(0.,-1.,2.22044604925E-16));
#4550 = DIRECTION('',(1.,0.,0.));
#4551 = ADVANCED_FACE('',(#4552),#4568,.F.);
#4552 = FACE_BOUND('',#4553,.F.);
#4553 = EDGE_LOOP('',(#4554,#4555,#4561,#4562));
#4554 = ORIENTED_EDGE('',*,*,#845,.F.);
#4555 = ORIENTED_EDGE('',*,*,#4556,.T.);
#4556 = EDGE_CURVE('',#846,#1923,#4557,.T.);
#4557 = LINE('',#4558,#4559);
#4558 = CARTESIAN_POINT('',(110.20588235294,-126.62,25.));
#4559 = VECTOR('',#4560,1.);
#4560 = DIRECTION('',(0.,1.,-2.22044604925E-16));
#4561 = ORIENTED_EDGE('',*,*,#1922,.T.);
#4562 = ORIENTED_EDGE('',*,*,#4563,.F.);
#4563 = EDGE_CURVE('',#848,#1925,#4564,.T.);
#4564 = LINE('',#4565,#4566);
#4565 = CARTESIAN_POINT('',(106.20588235294,-126.62,25.));
#4566 = VECTOR('',#4567,1.);
#4567 = DIRECTION('',(0.,1.,-2.22044604925E-16));
#4568 = CYLINDRICAL_SURFACE('',#4569,2.);
#4569 = AXIS2_PLACEMENT_3D('',#4570,#4571,#4572);
#4570 = CARTESIAN_POINT('',(108.20588235294,-126.62,25.));
#4571 = DIRECTION('',(0.,-1.,2.22044604925E-16));
#4572 = DIRECTION('',(1.,0.,0.));
#4573 = ADVANCED_FACE('',(#4574),#4585,.T.);
#4574 = FACE_BOUND('',#4575,.T.);
#4575 = EDGE_LOOP('',(#4576,#4577,#4578,#4579));
#4576 = ORIENTED_EDGE('',*,*,#856,.F.);
#4577 = ORIENTED_EDGE('',*,*,#4556,.T.);
#4578 = ORIENTED_EDGE('',*,*,#1933,.T.);
#4579 = ORIENTED_EDGE('',*,*,#4580,.F.);
#4580 = EDGE_CURVE('',#857,#1934,#4581,.T.);
#4581 = LINE('',#4582,#4583);
#4582 = CARTESIAN_POINT('',(110.20588235294,-126.62,13.));
#4583 = VECTOR('',#4584,1.);
#4584 = DIRECTION('',(0.,1.,-2.22044604925E-16));
#4585 = PLANE('',#4586);
#4586 = AXIS2_PLACEMENT_3D('',#4587,#4588,#4589);
#4587 = CARTESIAN_POINT('',(110.20588235294,-126.62,25.));
#4588 = DIRECTION('',(-1.,0.,0.));
#4589 = DIRECTION('',(0.,-2.22044604925E-16,-1.));
#4590 = ADVANCED_FACE('',(#4591),#4602,.F.);
#4591 = FACE_BOUND('',#4592,.F.);
#4592 = EDGE_LOOP('',(#4593,#4594,#4595,#4596));
#4593 = ORIENTED_EDGE('',*,*,#873,.F.);
#4594 = ORIENTED_EDGE('',*,*,#4563,.T.);
#4595 = ORIENTED_EDGE('',*,*,#1950,.T.);
#4596 = ORIENTED_EDGE('',*,*,#4597,.F.);
#4597 = EDGE_CURVE('',#865,#1942,#4598,.T.);
#4598 = LINE('',#4599,#4600);
#4599 = CARTESIAN_POINT('',(106.20588235294,-126.62,13.));
#4600 = VECTOR('',#4601,1.);
#4601 = DIRECTION('',(0.,1.,-2.22044604925E-16));
#4602 = PLANE('',#4603);
#4603 = AXIS2_PLACEMENT_3D('',#4604,#4605,#4606);
#4604 = CARTESIAN_POINT('',(106.20588235294,-126.62,25.));
#4605 = DIRECTION('',(-1.,0.,0.));
#4606 = DIRECTION('',(0.,-2.22044604925E-16,-1.));
#4607 = ADVANCED_FACE('',(#4608),#4614,.F.);
#4608 = FACE_BOUND('',#4609,.F.);
#4609 = EDGE_LOOP('',(#4610,#4611,#4612,#4613));
#4610 = ORIENTED_EDGE('',*,*,#864,.F.);
#4611 = ORIENTED_EDGE('',*,*,#4597,.T.);
#4612 = ORIENTED_EDGE('',*,*,#1941,.T.);
#4613 = ORIENTED_EDGE('',*,*,#4580,.F.);
#4614 = CYLINDRICAL_SURFACE('',#4615,2.);
#4615 = AXIS2_PLACEMENT_3D('',#4616,#4617,#4618);
#4616 = CARTESIAN_POINT('',(108.20588235294,-126.62,13.));
#4617 = DIRECTION('',(0.,-1.,2.22044604925E-16));
#4618 = DIRECTION('',(1.,0.,0.));
#4619 = ADVANCED_FACE('',(#4620),#4636,.F.);
#4620 = FACE_BOUND('',#4621,.F.);
#4621 = EDGE_LOOP('',(#4622,#4623,#4629,#4630));
#4622 = ORIENTED_EDGE('',*,*,#881,.F.);
#4623 = ORIENTED_EDGE('',*,*,#4624,.T.);
#4624 = EDGE_CURVE('',#882,#1887,#4625,.T.);
#4625 = LINE('',#4626,#4627);
#4626 = CARTESIAN_POINT('',(118.38235294117,-126.62,25.));
#4627 = VECTOR('',#4628,1.);
#4628 = DIRECTION('',(0.,1.,-2.22044604925E-16));
#4629 = ORIENTED_EDGE('',*,*,#1886,.T.);
#4630 = ORIENTED_EDGE('',*,*,#4631,.F.);
#4631 = EDGE_CURVE('',#884,#1889,#4632,.T.);
#4632 = LINE('',#4633,#4634);
#4633 = CARTESIAN_POINT('',(114.38235294117,-126.62,25.));
#4634 = VECTOR('',#4635,1.);
#4635 = DIRECTION('',(0.,1.,-2.22044604925E-16));
#4636 = CYLINDRICAL_SURFACE('',#4637,2.);
#4637 = AXIS2_PLACEMENT_3D('',#4638,#4639,#4640);
#4638 = CARTESIAN_POINT('',(116.38235294117,-126.62,25.));
#4639 = DIRECTION('',(0.,-1.,2.22044604925E-16));
#4640 = DIRECTION('',(1.,0.,0.));
#4641 = ADVANCED_FACE('',(#4642),#4653,.T.);
#4642 = FACE_BOUND('',#4643,.T.);
#4643 = EDGE_LOOP('',(#4644,#4645,#4646,#4647));
#4644 = ORIENTED_EDGE('',*,*,#892,.F.);
#4645 = ORIENTED_EDGE('',*,*,#4624,.T.);
#4646 = ORIENTED_EDGE('',*,*,#1897,.T.);
#4647 = ORIENTED_EDGE('',*,*,#4648,.F.);
#4648 = EDGE_CURVE('',#893,#1898,#4649,.T.);
#4649 = LINE('',#4650,#4651);
#4650 = CARTESIAN_POINT('',(118.38235294117,-126.62,13.));
#4651 = VECTOR('',#4652,1.);
#4652 = DIRECTION('',(0.,1.,-2.22044604925E-16));
#4653 = PLANE('',#4654);
#4654 = AXIS2_PLACEMENT_3D('',#4655,#4656,#4657);
#4655 = CARTESIAN_POINT('',(118.38235294117,-126.62,25.));
#4656 = DIRECTION('',(-1.,0.,0.));
#4657 = DIRECTION('',(0.,-2.22044604925E-16,-1.));
#4658 = ADVANCED_FACE('',(#4659),#4670,.F.);
#4659 = FACE_BOUND('',#4660,.F.);
#4660 = EDGE_LOOP('',(#4661,#4662,#4663,#4664));
#4661 = ORIENTED_EDGE('',*,*,#909,.F.);
#4662 = ORIENTED_EDGE('',*,*,#4631,.T.);
#4663 = ORIENTED_EDGE('',*,*,#1914,.T.);
#4664 = ORIENTED_EDGE('',*,*,#4665,.F.);
#4665 = EDGE_CURVE('',#901,#1906,#4666,.T.);
#4666 = LINE('',#4667,#4668);
#4667 = CARTESIAN_POINT('',(114.38235294117,-126.62,13.));
#4668 = VECTOR('',#4669,1.);
#4669 = DIRECTION('',(0.,1.,-2.22044604925E-16));
#4670 = PLANE('',#4671);
#4671 = AXIS2_PLACEMENT_3D('',#4672,#4673,#4674);
#4672 = CARTESIAN_POINT('',(114.38235294117,-126.62,25.));
#4673 = DIRECTION('',(-1.,0.,0.));
#4674 = DIRECTION('',(0.,-2.22044604925E-16,-1.));
#4675 = ADVANCED_FACE('',(#4676),#4682,.F.);
#4676 = FACE_BOUND('',#4677,.F.);
#4677 = EDGE_LOOP('',(#4678,#4679,#4680,#4681));
#4678 = ORIENTED_EDGE('',*,*,#900,.F.);
#4679 = ORIENTED_EDGE('',*,*,#4665,.T.);
#4680 = ORIENTED_EDGE('',*,*,#1905,.T.);
#4681 = ORIENTED_EDGE('',*,*,#4648,.F.);
#4682 = CYLINDRICAL_SURFACE('',#4683,2.);
#4683 = AXIS2_PLACEMENT_3D('',#4684,#4685,#4686);
#4684 = CARTESIAN_POINT('',(116.38235294117,-126.62,13.));
#4685 = DIRECTION('',(0.,-1.,2.22044604925E-16));
#4686 = DIRECTION('',(1.,0.,0.));
#4687 = ADVANCED_FACE('',(#4688),#4704,.F.);
#4688 = FACE_BOUND('',#4689,.F.);
#4689 = EDGE_LOOP('',(#4690,#4691,#4697,#4698));
#4690 = ORIENTED_EDGE('',*,*,#917,.F.);
#4691 = ORIENTED_EDGE('',*,*,#4692,.T.);
#4692 = EDGE_CURVE('',#918,#1851,#4693,.T.);
#4693 = LINE('',#4694,#4695);
#4694 = CARTESIAN_POINT('',(126.55882352941,-126.62,25.));
#4695 = VECTOR('',#4696,1.);
#4696 = DIRECTION('',(0.,1.,-2.22044604925E-16));
#4697 = ORIENTED_EDGE('',*,*,#1850,.T.);
#4698 = ORIENTED_EDGE('',*,*,#4699,.F.);
#4699 = EDGE_CURVE('',#920,#1853,#4700,.T.);
#4700 = LINE('',#4701,#4702);
#4701 = CARTESIAN_POINT('',(122.55882352941,-126.62,25.));
#4702 = VECTOR('',#4703,1.);
#4703 = DIRECTION('',(0.,1.,-2.22044604925E-16));
#4704 = CYLINDRICAL_SURFACE('',#4705,2.);
#4705 = AXIS2_PLACEMENT_3D('',#4706,#4707,#4708);
#4706 = CARTESIAN_POINT('',(124.55882352941,-126.62,25.));
#4707 = DIRECTION('',(0.,-1.,2.22044604925E-16));
#4708 = DIRECTION('',(1.,0.,0.));
#4709 = ADVANCED_FACE('',(#4710),#4721,.T.);
#4710 = FACE_BOUND('',#4711,.T.);
#4711 = EDGE_LOOP('',(#4712,#4713,#4714,#4715));
#4712 = ORIENTED_EDGE('',*,*,#928,.F.);
#4713 = ORIENTED_EDGE('',*,*,#4692,.T.);
#4714 = ORIENTED_EDGE('',*,*,#1861,.T.);
#4715 = ORIENTED_EDGE('',*,*,#4716,.F.);
#4716 = EDGE_CURVE('',#929,#1862,#4717,.T.);
#4717 = LINE('',#4718,#4719);
#4718 = CARTESIAN_POINT('',(126.55882352941,-126.62,13.));
#4719 = VECTOR('',#4720,1.);
#4720 = DIRECTION('',(0.,1.,-2.22044604925E-16));
#4721 = PLANE('',#4722);
#4722 = AXIS2_PLACEMENT_3D('',#4723,#4724,#4725);
#4723 = CARTESIAN_POINT('',(126.55882352941,-126.62,25.));
#4724 = DIRECTION('',(-1.,0.,0.));
#4725 = DIRECTION('',(0.,-2.22044604925E-16,-1.));
#4726 = ADVANCED_FACE('',(#4727),#4738,.F.);
#4727 = FACE_BOUND('',#4728,.F.);
#4728 = EDGE_LOOP('',(#4729,#4730,#4731,#4732));
#4729 = ORIENTED_EDGE('',*,*,#945,.F.);
#4730 = ORIENTED_EDGE('',*,*,#4699,.T.);
#4731 = ORIENTED_EDGE('',*,*,#1878,.T.);
#4732 = ORIENTED_EDGE('',*,*,#4733,.F.);
#4733 = EDGE_CURVE('',#937,#1870,#4734,.T.);
#4734 = LINE('',#4735,#4736);
#4735 = CARTESIAN_POINT('',(122.55882352941,-126.62,13.));
#4736 = VECTOR('',#4737,1.);
#4737 = DIRECTION('',(0.,1.,-2.22044604925E-16));
#4738 = PLANE('',#4739);
#4739 = AXIS2_PLACEMENT_3D('',#4740,#4741,#4742);
#4740 = CARTESIAN_POINT('',(122.55882352941,-126.62,25.));
#4741 = DIRECTION('',(-1.,0.,0.));
#4742 = DIRECTION('',(0.,-2.22044604925E-16,-1.));
#4743 = ADVANCED_FACE('',(#4744),#4750,.F.);
#4744 = FACE_BOUND('',#4745,.F.);
#4745 = EDGE_LOOP('',(#4746,#4747,#4748,#4749));
#4746 = ORIENTED_EDGE('',*,*,#936,.F.);
#4747 = ORIENTED_EDGE('',*,*,#4733,.T.);
#4748 = ORIENTED_EDGE('',*,*,#1869,.T.);
#4749 = ORIENTED_EDGE('',*,*,#4716,.F.);
#4750 = CYLINDRICAL_SURFACE('',#4751,2.);
#4751 = AXIS2_PLACEMENT_3D('',#4752,#4753,#4754);
#4752 = CARTESIAN_POINT('',(124.55882352941,-126.62,13.));
#4753 = DIRECTION('',(0.,-1.,2.22044604925E-16));
#4754 = DIRECTION('',(1.,0.,0.));
#4755 = ADVANCED_FACE('',(#4756),#4772,.F.);
#4756 = FACE_BOUND('',#4757,.F.);
#4757 = EDGE_LOOP('',(#4758,#4759,#4765,#4766));
#4758 = ORIENTED_EDGE('',*,*,#953,.F.);
#4759 = ORIENTED_EDGE('',*,*,#4760,.T.);
#4760 = EDGE_CURVE('',#954,#1815,#4761,.T.);
#4761 = LINE('',#4762,#4763);
#4762 = CARTESIAN_POINT('',(134.73529411764,-126.62,25.));
#4763 = VECTOR('',#4764,1.);
#4764 = DIRECTION('',(0.,1.,-2.22044604925E-16));
#4765 = ORIENTED_EDGE('',*,*,#1814,.T.);
#4766 = ORIENTED_EDGE('',*,*,#4767,.F.);
#4767 = EDGE_CURVE('',#956,#1817,#4768,.T.);
#4768 = LINE('',#4769,#4770);
#4769 = CARTESIAN_POINT('',(130.73529411764,-126.62,25.));
#4770 = VECTOR('',#4771,1.);
#4771 = DIRECTION('',(0.,1.,-2.22044604925E-16));
#4772 = CYLINDRICAL_SURFACE('',#4773,2.);
#4773 = AXIS2_PLACEMENT_3D('',#4774,#4775,#4776);
#4774 = CARTESIAN_POINT('',(132.73529411764,-126.62,25.));
#4775 = DIRECTION('',(0.,-1.,2.22044604925E-16));
#4776 = DIRECTION('',(1.,0.,0.));
#4777 = ADVANCED_FACE('',(#4778),#4789,.T.);
#4778 = FACE_BOUND('',#4779,.T.);
#4779 = EDGE_LOOP('',(#4780,#4781,#4782,#4783));
#4780 = ORIENTED_EDGE('',*,*,#964,.F.);
#4781 = ORIENTED_EDGE('',*,*,#4760,.T.);
#4782 = ORIENTED_EDGE('',*,*,#1825,.T.);
#4783 = ORIENTED_EDGE('',*,*,#4784,.F.);
#4784 = EDGE_CURVE('',#965,#1826,#4785,.T.);
#4785 = LINE('',#4786,#4787);
#4786 = CARTESIAN_POINT('',(134.73529411764,-126.62,13.));
#4787 = VECTOR('',#4788,1.);
#4788 = DIRECTION('',(0.,1.,-2.22044604925E-16));
#4789 = PLANE('',#4790);
#4790 = AXIS2_PLACEMENT_3D('',#4791,#4792,#4793);
#4791 = CARTESIAN_POINT('',(134.73529411764,-126.62,25.));
#4792 = DIRECTION('',(-1.,0.,0.));
#4793 = DIRECTION('',(0.,-2.22044604925E-16,-1.));
#4794 = ADVANCED_FACE('',(#4795),#4806,.F.);
#4795 = FACE_BOUND('',#4796,.F.);
#4796 = EDGE_LOOP('',(#4797,#4798,#4799,#4800));
#4797 = ORIENTED_EDGE('',*,*,#981,.F.);
#4798 = ORIENTED_EDGE('',*,*,#4767,.T.);
#4799 = ORIENTED_EDGE('',*,*,#1842,.T.);
#4800 = ORIENTED_EDGE('',*,*,#4801,.F.);
#4801 = EDGE_CURVE('',#973,#1834,#4802,.T.);
#4802 = LINE('',#4803,#4804);
#4803 = CARTESIAN_POINT('',(130.73529411764,-126.62,13.));
#4804 = VECTOR('',#4805,1.);
#4805 = DIRECTION('',(0.,1.,-2.22044604925E-16));
#4806 = PLANE('',#4807);
#4807 = AXIS2_PLACEMENT_3D('',#4808,#4809,#4810);
#4808 = CARTESIAN_POINT('',(130.73529411764,-126.62,25.));
#4809 = DIRECTION('',(-1.,0.,0.));
#4810 = DIRECTION('',(0.,-2.22044604925E-16,-1.));
#4811 = ADVANCED_FACE('',(#4812),#4818,.F.);
#4812 = FACE_BOUND('',#4813,.F.);
#4813 = EDGE_LOOP('',(#4814,#4815,#4816,#4817));
#4814 = ORIENTED_EDGE('',*,*,#972,.F.);
#4815 = ORIENTED_EDGE('',*,*,#4801,.T.);
#4816 = ORIENTED_EDGE('',*,*,#1833,.T.);
#4817 = ORIENTED_EDGE('',*,*,#4784,.F.);
#4818 = CYLINDRICAL_SURFACE('',#4819,2.);
#4819 = AXIS2_PLACEMENT_3D('',#4820,#4821,#4822);
#4820 = CARTESIAN_POINT('',(132.73529411764,-126.62,13.));
#4821 = DIRECTION('',(0.,-1.,2.22044604925E-16));
#4822 = DIRECTION('',(1.,0.,0.));
#4823 = ADVANCED_FACE('',(#4824),#4840,.F.);
#4824 = FACE_BOUND('',#4825,.F.);
#4825 = EDGE_LOOP('',(#4826,#4827,#4833,#4834));
#4826 = ORIENTED_EDGE('',*,*,#989,.F.);
#4827 = ORIENTED_EDGE('',*,*,#4828,.T.);
#4828 = EDGE_CURVE('',#990,#1779,#4829,.T.);
#4829 = LINE('',#4830,#4831);
#4830 = CARTESIAN_POINT('',(142.91176470588,-126.62,25.));
#4831 = VECTOR('',#4832,1.);
#4832 = DIRECTION('',(0.,1.,-2.22044604925E-16));
#4833 = ORIENTED_EDGE('',*,*,#1778,.T.);
#4834 = ORIENTED_EDGE('',*,*,#4835,.F.);
#4835 = EDGE_CURVE('',#992,#1781,#4836,.T.);
#4836 = LINE('',#4837,#4838);
#4837 = CARTESIAN_POINT('',(138.91176470588,-126.62,25.));
#4838 = VECTOR('',#4839,1.);
#4839 = DIRECTION('',(0.,1.,-2.22044604925E-16));
#4840 = CYLINDRICAL_SURFACE('',#4841,2.);
#4841 = AXIS2_PLACEMENT_3D('',#4842,#4843,#4844);
#4842 = CARTESIAN_POINT('',(140.91176470588,-126.62,25.));
#4843 = DIRECTION('',(0.,-1.,2.22044604925E-16));
#4844 = DIRECTION('',(1.,0.,0.));
#4845 = ADVANCED_FACE('',(#4846),#4857,.T.);
#4846 = FACE_BOUND('',#4847,.T.);
#4847 = EDGE_LOOP('',(#4848,#4849,#4850,#4851));
#4848 = ORIENTED_EDGE('',*,*,#1000,.F.);
#4849 = ORIENTED_EDGE('',*,*,#4828,.T.);
#4850 = ORIENTED_EDGE('',*,*,#1789,.T.);
#4851 = ORIENTED_EDGE('',*,*,#4852,.F.);
#4852 = EDGE_CURVE('',#1001,#1790,#4853,.T.);
#4853 = LINE('',#4854,#4855);
#4854 = CARTESIAN_POINT('',(142.91176470588,-126.62,13.));
#4855 = VECTOR('',#4856,1.);
#4856 = DIRECTION('',(0.,1.,-2.22044604925E-16));
#4857 = PLANE('',#4858);
#4858 = AXIS2_PLACEMENT_3D('',#4859,#4860,#4861);
#4859 = CARTESIAN_POINT('',(142.91176470588,-126.62,25.));
#4860 = DIRECTION('',(-1.,0.,0.));
#4861 = DIRECTION('',(0.,-2.22044604925E-16,-1.));
#4862 = ADVANCED_FACE('',(#4863),#4874,.F.);
#4863 = FACE_BOUND('',#4864,.F.);
#4864 = EDGE_LOOP('',(#4865,#4866,#4867,#4868));
#4865 = ORIENTED_EDGE('',*,*,#1017,.F.);
#4866 = ORIENTED_EDGE('',*,*,#4835,.T.);
#4867 = ORIENTED_EDGE('',*,*,#1806,.T.);
#4868 = ORIENTED_EDGE('',*,*,#4869,.F.);
#4869 = EDGE_CURVE('',#1009,#1798,#4870,.T.);
#4870 = LINE('',#4871,#4872);
#4871 = CARTESIAN_POINT('',(138.91176470588,-126.62,13.));
#4872 = VECTOR('',#4873,1.);
#4873 = DIRECTION('',(0.,1.,-2.22044604925E-16));
#4874 = PLANE('',#4875);
#4875 = AXIS2_PLACEMENT_3D('',#4876,#4877,#4878);
#4876 = CARTESIAN_POINT('',(138.91176470588,-126.62,25.));
#4877 = DIRECTION('',(-1.,0.,0.));
#4878 = DIRECTION('',(0.,-2.22044604925E-16,-1.));
#4879 = ADVANCED_FACE('',(#4880),#4886,.F.);
#4880 = FACE_BOUND('',#4881,.F.);
#4881 = EDGE_LOOP('',(#4882,#4883,#4884,#4885));
#4882 = ORIENTED_EDGE('',*,*,#1008,.F.);
#4883 = ORIENTED_EDGE('',*,*,#4869,.T.);
#4884 = ORIENTED_EDGE('',*,*,#1797,.T.);
#4885 = ORIENTED_EDGE('',*,*,#4852,.F.);
#4886 = CYLINDRICAL_SURFACE('',#4887,2.);
#4887 = AXIS2_PLACEMENT_3D('',#4888,#4889,#4890);
#4888 = CARTESIAN_POINT('',(140.91176470588,-126.62,13.));
#4889 = DIRECTION('',(0.,-1.,2.22044604925E-16));
#4890 = DIRECTION('',(1.,0.,0.));
#4891 = ADVANCED_FACE('',(#4892),#4908,.F.);
#4892 = FACE_BOUND('',#4893,.F.);
#4893 = EDGE_LOOP('',(#4894,#4895,#4901,#4902));
#4894 = ORIENTED_EDGE('',*,*,#1025,.F.);
#4895 = ORIENTED_EDGE('',*,*,#4896,.T.);
#4896 = EDGE_CURVE('',#1026,#1743,#4897,.T.);
#4897 = LINE('',#4898,#4899);
#4898 = CARTESIAN_POINT('',(151.08823529411,-126.62,25.));
#4899 = VECTOR('',#4900,1.);
#4900 = DIRECTION('',(0.,1.,-2.22044604925E-16));
#4901 = ORIENTED_EDGE('',*,*,#1742,.T.);
#4902 = ORIENTED_EDGE('',*,*,#4903,.F.);
#4903 = EDGE_CURVE('',#1028,#1745,#4904,.T.);
#4904 = LINE('',#4905,#4906);
#4905 = CARTESIAN_POINT('',(147.08823529411,-126.62,25.));
#4906 = VECTOR('',#4907,1.);
#4907 = DIRECTION('',(0.,1.,-2.22044604925E-16));
#4908 = CYLINDRICAL_SURFACE('',#4909,2.);
#4909 = AXIS2_PLACEMENT_3D('',#4910,#4911,#4912);
#4910 = CARTESIAN_POINT('',(149.08823529411,-126.62,25.));
#4911 = DIRECTION('',(0.,-1.,2.22044604925E-16));
#4912 = DIRECTION('',(1.,0.,0.));
#4913 = ADVANCED_FACE('',(#4914),#4925,.T.);
#4914 = FACE_BOUND('',#4915,.T.);
#4915 = EDGE_LOOP('',(#4916,#4917,#4918,#4919));
#4916 = ORIENTED_EDGE('',*,*,#1036,.F.);
#4917 = ORIENTED_EDGE('',*,*,#4896,.T.);
#4918 = ORIENTED_EDGE('',*,*,#1753,.T.);
#4919 = ORIENTED_EDGE('',*,*,#4920,.F.);
#4920 = EDGE_CURVE('',#1037,#1754,#4921,.T.);
#4921 = LINE('',#4922,#4923);
#4922 = CARTESIAN_POINT('',(151.08823529411,-126.62,13.));
#4923 = VECTOR('',#4924,1.);
#4924 = DIRECTION('',(0.,1.,-2.22044604925E-16));
#4925 = PLANE('',#4926);
#4926 = AXIS2_PLACEMENT_3D('',#4927,#4928,#4929);
#4927 = CARTESIAN_POINT('',(151.08823529411,-126.62,25.));
#4928 = DIRECTION('',(-1.,0.,0.));
#4929 = DIRECTION('',(0.,-2.22044604925E-16,-1.));
#4930 = ADVANCED_FACE('',(#4931),#4942,.F.);
#4931 = FACE_BOUND('',#4932,.F.);
#4932 = EDGE_LOOP('',(#4933,#4934,#4935,#4936));
#4933 = ORIENTED_EDGE('',*,*,#1053,.F.);
#4934 = ORIENTED_EDGE('',*,*,#4903,.T.);
#4935 = ORIENTED_EDGE('',*,*,#1770,.T.);
#4936 = ORIENTED_EDGE('',*,*,#4937,.F.);
#4937 = EDGE_CURVE('',#1045,#1762,#4938,.T.);
#4938 = LINE('',#4939,#4940);
#4939 = CARTESIAN_POINT('',(147.08823529411,-126.62,13.));
#4940 = VECTOR('',#4941,1.);
#4941 = DIRECTION('',(0.,1.,-2.22044604925E-16));
#4942 = PLANE('',#4943);
#4943 = AXIS2_PLACEMENT_3D('',#4944,#4945,#4946);
#4944 = CARTESIAN_POINT('',(147.08823529411,-126.62,25.));
#4945 = DIRECTION('',(-1.,0.,0.));
#4946 = DIRECTION('',(0.,-2.22044604925E-16,-1.));
#4947 = ADVANCED_FACE('',(#4948),#4954,.F.);
#4948 = FACE_BOUND('',#4949,.F.);
#4949 = EDGE_LOOP('',(#4950,#4951,#4952,#4953));
#4950 = ORIENTED_EDGE('',*,*,#1044,.F.);
#4951 = ORIENTED_EDGE('',*,*,#4937,.T.);
#4952 = ORIENTED_EDGE('',*,*,#1761,.T.);
#4953 = ORIENTED_EDGE('',*,*,#4920,.F.);
#4954 = CYLINDRICAL_SURFACE('',#4955,2.);
#4955 = AXIS2_PLACEMENT_3D('',#4956,#4957,#4958);
#4956 = CARTESIAN_POINT('',(149.08823529411,-126.62,13.));
#4957 = DIRECTION('',(0.,-1.,2.22044604925E-16));
#4958 = DIRECTION('',(1.,0.,0.));
#4959 = ADVANCED_FACE('',(#4960),#4976,.F.);
#4960 = FACE_BOUND('',#4961,.F.);
#4961 = EDGE_LOOP('',(#4962,#4963,#4969,#4970));
#4962 = ORIENTED_EDGE('',*,*,#1061,.F.);
#4963 = ORIENTED_EDGE('',*,*,#4964,.T.);
#4964 = EDGE_CURVE('',#1062,#1707,#4965,.T.);
#4965 = LINE('',#4966,#4967);
#4966 = CARTESIAN_POINT('',(159.26470588235,-126.62,25.));
#4967 = VECTOR('',#4968,1.);
#4968 = DIRECTION('',(0.,1.,-2.22044604925E-16));
#4969 = ORIENTED_EDGE('',*,*,#1706,.T.);
#4970 = ORIENTED_EDGE('',*,*,#4971,.F.);
#4971 = EDGE_CURVE('',#1064,#1709,#4972,.T.);
#4972 = LINE('',#4973,#4974);
#4973 = CARTESIAN_POINT('',(155.26470588235,-126.62,25.));
#4974 = VECTOR('',#4975,1.);
#4975 = DIRECTION('',(0.,1.,-2.22044604925E-16));
#4976 = CYLINDRICAL_SURFACE('',#4977,2.);
#4977 = AXIS2_PLACEMENT_3D('',#4978,#4979,#4980);
#4978 = CARTESIAN_POINT('',(157.26470588235,-126.62,25.));
#4979 = DIRECTION('',(0.,-1.,2.22044604925E-16));
#4980 = DIRECTION('',(1.,0.,0.));
#4981 = ADVANCED_FACE('',(#4982),#4993,.T.);
#4982 = FACE_BOUND('',#4983,.T.);
#4983 = EDGE_LOOP('',(#4984,#4985,#4986,#4987));
#4984 = ORIENTED_EDGE('',*,*,#1072,.F.);
#4985 = ORIENTED_EDGE('',*,*,#4964,.T.);
#4986 = ORIENTED_EDGE('',*,*,#1717,.T.);
#4987 = ORIENTED_EDGE('',*,*,#4988,.F.);
#4988 = EDGE_CURVE('',#1073,#1718,#4989,.T.);
#4989 = LINE('',#4990,#4991);
#4990 = CARTESIAN_POINT('',(159.26470588235,-126.62,13.));
#4991 = VECTOR('',#4992,1.);
#4992 = DIRECTION('',(0.,1.,-2.22044604925E-16));
#4993 = PLANE('',#4994);
#4994 = AXIS2_PLACEMENT_3D('',#4995,#4996,#4997);
#4995 = CARTESIAN_POINT('',(159.26470588235,-126.62,25.));
#4996 = DIRECTION('',(-1.,0.,0.));
#4997 = DIRECTION('',(0.,-2.22044604925E-16,-1.));
#4998 = ADVANCED_FACE('',(#4999),#5010,.F.);
#4999 = FACE_BOUND('',#5000,.F.);
#5000 = EDGE_LOOP('',(#5001,#5002,#5003,#5004));
#5001 = ORIENTED_EDGE('',*,*,#1089,.F.);
#5002 = ORIENTED_EDGE('',*,*,#4971,.T.);
#5003 = ORIENTED_EDGE('',*,*,#1734,.T.);
#5004 = ORIENTED_EDGE('',*,*,#5005,.F.);
#5005 = EDGE_CURVE('',#1081,#1726,#5006,.T.);
#5006 = LINE('',#5007,#5008);
#5007 = CARTESIAN_POINT('',(155.26470588235,-126.62,13.));
#5008 = VECTOR('',#5009,1.);
#5009 = DIRECTION('',(0.,1.,-2.22044604925E-16));
#5010 = PLANE('',#5011);
#5011 = AXIS2_PLACEMENT_3D('',#5012,#5013,#5014);
#5012 = CARTESIAN_POINT('',(155.26470588235,-126.62,25.));
#5013 = DIRECTION('',(-1.,0.,0.));
#5014 = DIRECTION('',(0.,-2.22044604925E-16,-1.));
#5015 = ADVANCED_FACE('',(#5016),#5022,.F.);
#5016 = FACE_BOUND('',#5017,.F.);
#5017 = EDGE_LOOP('',(#5018,#5019,#5020,#5021));
#5018 = ORIENTED_EDGE('',*,*,#1080,.F.);
#5019 = ORIENTED_EDGE('',*,*,#5005,.T.);
#5020 = ORIENTED_EDGE('',*,*,#1725,.T.);
#5021 = ORIENTED_EDGE('',*,*,#4988,.F.);
#5022 = CYLINDRICAL_SURFACE('',#5023,2.);
#5023 = AXIS2_PLACEMENT_3D('',#5024,#5025,#5026);
#5024 = CARTESIAN_POINT('',(157.26470588235,-126.62,13.));
#5025 = DIRECTION('',(0.,-1.,2.22044604925E-16));
#5026 = DIRECTION('',(1.,0.,0.));
#5027 = ADVANCED_FACE('',(#5028),#5044,.F.);
#5028 = FACE_BOUND('',#5029,.F.);
#5029 = EDGE_LOOP('',(#5030,#5031,#5037,#5038));
#5030 = ORIENTED_EDGE('',*,*,#1097,.F.);
#5031 = ORIENTED_EDGE('',*,*,#5032,.T.);
#5032 = EDGE_CURVE('',#1098,#1671,#5033,.T.);
#5033 = LINE('',#5034,#5035);
#5034 = CARTESIAN_POINT('',(167.44117647058,-126.62,25.));
#5035 = VECTOR('',#5036,1.);
#5036 = DIRECTION('',(0.,1.,-2.22044604925E-16));
#5037 = ORIENTED_EDGE('',*,*,#1670,.T.);
#5038 = ORIENTED_EDGE('',*,*,#5039,.F.);
#5039 = EDGE_CURVE('',#1100,#1673,#5040,.T.);
#5040 = LINE('',#5041,#5042);
#5041 = CARTESIAN_POINT('',(163.44117647058,-126.62,25.));
#5042 = VECTOR('',#5043,1.);
#5043 = DIRECTION('',(0.,1.,-2.22044604925E-16));
#5044 = CYLINDRICAL_SURFACE('',#5045,2.);
#5045 = AXIS2_PLACEMENT_3D('',#5046,#5047,#5048);
#5046 = CARTESIAN_POINT('',(165.44117647058,-126.62,25.));
#5047 = DIRECTION('',(0.,-1.,2.22044604925E-16));
#5048 = DIRECTION('',(1.,0.,0.));
#5049 = ADVANCED_FACE('',(#5050),#5061,.T.);
#5050 = FACE_BOUND('',#5051,.T.);
#5051 = EDGE_LOOP('',(#5052,#5053,#5054,#5055));
#5052 = ORIENTED_EDGE('',*,*,#1108,.F.);
#5053 = ORIENTED_EDGE('',*,*,#5032,.T.);
#5054 = ORIENTED_EDGE('',*,*,#1681,.T.);
#5055 = ORIENTED_EDGE('',*,*,#5056,.F.);
#5056 = EDGE_CURVE('',#1109,#1682,#5057,.T.);
#5057 = LINE('',#5058,#5059);
#5058 = CARTESIAN_POINT('',(167.44117647058,-126.62,13.));
#5059 = VECTOR('',#5060,1.);
#5060 = DIRECTION('',(0.,1.,-2.22044604925E-16));
#5061 = PLANE('',#5062);
#5062 = AXIS2_PLACEMENT_3D('',#5063,#5064,#5065);
#5063 = CARTESIAN_POINT('',(167.44117647058,-126.62,25.));
#5064 = DIRECTION('',(-1.,0.,0.));
#5065 = DIRECTION('',(0.,-2.22044604925E-16,-1.));
#5066 = ADVANCED_FACE('',(#5067),#5078,.F.);
#5067 = FACE_BOUND('',#5068,.F.);
#5068 = EDGE_LOOP('',(#5069,#5070,#5071,#5072));
#5069 = ORIENTED_EDGE('',*,*,#1125,.F.);
#5070 = ORIENTED_EDGE('',*,*,#5039,.T.);
#5071 = ORIENTED_EDGE('',*,*,#1698,.T.);
#5072 = ORIENTED_EDGE('',*,*,#5073,.F.);
#5073 = EDGE_CURVE('',#1117,#1690,#5074,.T.);
#5074 = LINE('',#5075,#5076);
#5075 = CARTESIAN_POINT('',(163.44117647058,-126.62,13.));
#5076 = VECTOR('',#5077,1.);
#5077 = DIRECTION('',(0.,1.,-2.22044604925E-16));
#5078 = PLANE('',#5079);
#5079 = AXIS2_PLACEMENT_3D('',#5080,#5081,#5082);
#5080 = CARTESIAN_POINT('',(163.44117647058,-126.62,25.));
#5081 = DIRECTION('',(-1.,0.,0.));
#5082 = DIRECTION('',(0.,-2.22044604925E-16,-1.));
#5083 = ADVANCED_FACE('',(#5084),#5090,.F.);
#5084 = FACE_BOUND('',#5085,.F.);
#5085 = EDGE_LOOP('',(#5086,#5087,#5088,#5089));
#5086 = ORIENTED_EDGE('',*,*,#1116,.F.);
#5087 = ORIENTED_EDGE('',*,*,#5073,.T.);
#5088 = ORIENTED_EDGE('',*,*,#1689,.T.);
#5089 = ORIENTED_EDGE('',*,*,#5056,.F.);
#5090 = CYLINDRICAL_SURFACE('',#5091,2.);
#5091 = AXIS2_PLACEMENT_3D('',#5092,#5093,#5094);
#5092 = CARTESIAN_POINT('',(165.44117647058,-126.62,13.));
#5093 = DIRECTION('',(0.,-1.,2.22044604925E-16));
#5094 = DIRECTION('',(1.,0.,0.));
#5095 = ADVANCED_FACE('',(#5096),#5112,.F.);
#5096 = FACE_BOUND('',#5097,.F.);
#5097 = EDGE_LOOP('',(#5098,#5099,#5105,#5106));
#5098 = ORIENTED_EDGE('',*,*,#1133,.F.);
#5099 = ORIENTED_EDGE('',*,*,#5100,.T.);
#5100 = EDGE_CURVE('',#1134,#1635,#5101,.T.);
#5101 = LINE('',#5102,#5103);
#5102 = CARTESIAN_POINT('',(175.61764705882,-126.62,25.));
#5103 = VECTOR('',#5104,1.);
#5104 = DIRECTION('',(0.,1.,-2.22044604925E-16));
#5105 = ORIENTED_EDGE('',*,*,#1634,.T.);
#5106 = ORIENTED_EDGE('',*,*,#5107,.F.);
#5107 = EDGE_CURVE('',#1136,#1637,#5108,.T.);
#5108 = LINE('',#5109,#5110);
#5109 = CARTESIAN_POINT('',(171.61764705882,-126.62,25.));
#5110 = VECTOR('',#5111,1.);
#5111 = DIRECTION('',(0.,1.,-2.22044604925E-16));
#5112 = CYLINDRICAL_SURFACE('',#5113,2.);
#5113 = AXIS2_PLACEMENT_3D('',#5114,#5115,#5116);
#5114 = CARTESIAN_POINT('',(173.61764705882,-126.62,25.));
#5115 = DIRECTION('',(0.,-1.,2.22044604925E-16));
#5116 = DIRECTION('',(1.,0.,0.));
#5117 = ADVANCED_FACE('',(#5118),#5129,.T.);
#5118 = FACE_BOUND('',#5119,.T.);
#5119 = EDGE_LOOP('',(#5120,#5121,#5122,#5123));
#5120 = ORIENTED_EDGE('',*,*,#1144,.F.);
#5121 = ORIENTED_EDGE('',*,*,#5100,.T.);
#5122 = ORIENTED_EDGE('',*,*,#1645,.T.);
#5123 = ORIENTED_EDGE('',*,*,#5124,.F.);
#5124 = EDGE_CURVE('',#1145,#1646,#5125,.T.);
#5125 = LINE('',#5126,#5127);
#5126 = CARTESIAN_POINT('',(175.61764705882,-126.62,13.));
#5127 = VECTOR('',#5128,1.);
#5128 = DIRECTION('',(0.,1.,-2.22044604925E-16));
#5129 = PLANE('',#5130);
#5130 = AXIS2_PLACEMENT_3D('',#5131,#5132,#5133);
#5131 = CARTESIAN_POINT('',(175.61764705882,-126.62,25.));
#5132 = DIRECTION('',(-1.,0.,0.));
#5133 = DIRECTION('',(0.,-2.22044604925E-16,-1.));
#5134 = ADVANCED_FACE('',(#5135),#5146,.F.);
#5135 = FACE_BOUND('',#5136,.F.);
#5136 = EDGE_LOOP('',(#5137,#5138,#5139,#5140));
#5137 = ORIENTED_EDGE('',*,*,#1161,.F.);
#5138 = ORIENTED_EDGE('',*,*,#5107,.T.);
#5139 = ORIENTED_EDGE('',*,*,#1662,.T.);
#5140 = ORIENTED_EDGE('',*,*,#5141,.F.);
#5141 = EDGE_CURVE('',#1153,#1654,#5142,.T.);
#5142 = LINE('',#5143,#5144);
#5143 = CARTESIAN_POINT('',(171.61764705882,-126.62,13.));
#5144 = VECTOR('',#5145,1.);
#5145 = DIRECTION('',(0.,1.,-2.22044604925E-16));
#5146 = PLANE('',#5147);
#5147 = AXIS2_PLACEMENT_3D('',#5148,#5149,#5150);
#5148 = CARTESIAN_POINT('',(171.61764705882,-126.62,25.));
#5149 = DIRECTION('',(-1.,0.,0.));
#5150 = DIRECTION('',(0.,-2.22044604925E-16,-1.));
#5151 = ADVANCED_FACE('',(#5152),#5158,.F.);
#5152 = FACE_BOUND('',#5153,.F.);
#5153 = EDGE_LOOP('',(#5154,#5155,#5156,#5157));
#5154 = ORIENTED_EDGE('',*,*,#1152,.F.);
#5155 = ORIENTED_EDGE('',*,*,#5141,.T.);
#5156 = ORIENTED_EDGE('',*,*,#1653,.T.);
#5157 = ORIENTED_EDGE('',*,*,#5124,.F.);
#5158 = CYLINDRICAL_SURFACE('',#5159,2.);
#5159 = AXIS2_PLACEMENT_3D('',#5160,#5161,#5162);
#5160 = CARTESIAN_POINT('',(173.61764705882,-126.62,13.));
#5161 = DIRECTION('',(0.,-1.,2.22044604925E-16));
#5162 = DIRECTION('',(1.,0.,0.));
#5163 = ADVANCED_FACE('',(#5164),#5180,.F.);
#5164 = FACE_BOUND('',#5165,.F.);
#5165 = EDGE_LOOP('',(#5166,#5167,#5173,#5174));
#5166 = ORIENTED_EDGE('',*,*,#1169,.F.);
#5167 = ORIENTED_EDGE('',*,*,#5168,.T.);
#5168 = EDGE_CURVE('',#1170,#1599,#5169,.T.);
#5169 = LINE('',#5170,#5171);
#5170 = CARTESIAN_POINT('',(183.79411764705,-126.62,25.));
#5171 = VECTOR('',#5172,1.);
#5172 = DIRECTION('',(0.,1.,-2.22044604925E-16));
#5173 = ORIENTED_EDGE('',*,*,#1598,.T.);
#5174 = ORIENTED_EDGE('',*,*,#5175,.F.);
#5175 = EDGE_CURVE('',#1172,#1601,#5176,.T.);
#5176 = LINE('',#5177,#5178);
#5177 = CARTESIAN_POINT('',(179.79411764705,-126.62,25.));
#5178 = VECTOR('',#5179,1.);
#5179 = DIRECTION('',(0.,1.,-2.22044604925E-16));
#5180 = CYLINDRICAL_SURFACE('',#5181,2.);
#5181 = AXIS2_PLACEMENT_3D('',#5182,#5183,#5184);
#5182 = CARTESIAN_POINT('',(181.79411764705,-126.62,25.));
#5183 = DIRECTION('',(0.,-1.,2.22044604925E-16));
#5184 = DIRECTION('',(1.,0.,0.));
#5185 = ADVANCED_FACE('',(#5186),#5197,.T.);
#5186 = FACE_BOUND('',#5187,.T.);
#5187 = EDGE_LOOP('',(#5188,#5189,#5190,#5191));
#5188 = ORIENTED_EDGE('',*,*,#1180,.F.);
#5189 = ORIENTED_EDGE('',*,*,#5168,.T.);
#5190 = ORIENTED_EDGE('',*,*,#1609,.T.);
#5191 = ORIENTED_EDGE('',*,*,#5192,.F.);
#5192 = EDGE_CURVE('',#1181,#1610,#5193,.T.);
#5193 = LINE('',#5194,#5195);
#5194 = CARTESIAN_POINT('',(183.79411764705,-126.62,13.));
#5195 = VECTOR('',#5196,1.);
#5196 = DIRECTION('',(0.,1.,-2.22044604925E-16));
#5197 = PLANE('',#5198);
#5198 = AXIS2_PLACEMENT_3D('',#5199,#5200,#5201);
#5199 = CARTESIAN_POINT('',(183.79411764705,-126.62,25.));
#5200 = DIRECTION('',(-1.,0.,0.));
#5201 = DIRECTION('',(0.,-2.22044604925E-16,-1.));
#5202 = ADVANCED_FACE('',(#5203),#5214,.F.);
#5203 = FACE_BOUND('',#5204,.F.);
#5204 = EDGE_LOOP('',(#5205,#5206,#5207,#5208));
#5205 = ORIENTED_EDGE('',*,*,#1197,.F.);
#5206 = ORIENTED_EDGE('',*,*,#5175,.T.);
#5207 = ORIENTED_EDGE('',*,*,#1626,.T.);
#5208 = ORIENTED_EDGE('',*,*,#5209,.F.);
#5209 = EDGE_CURVE('',#1189,#1618,#5210,.T.);
#5210 = LINE('',#5211,#5212);
#5211 = CARTESIAN_POINT('',(179.79411764705,-126.62,13.));
#5212 = VECTOR('',#5213,1.);
#5213 = DIRECTION('',(0.,1.,-2.22044604925E-16));
#5214 = PLANE('',#5215);
#5215 = AXIS2_PLACEMENT_3D('',#5216,#5217,#5218);
#5216 = CARTESIAN_POINT('',(179.79411764705,-126.62,25.));
#5217 = DIRECTION('',(-1.,0.,0.));
#5218 = DIRECTION('',(0.,-2.22044604925E-16,-1.));
#5219 = ADVANCED_FACE('',(#5220),#5226,.F.);
#5220 = FACE_BOUND('',#5221,.F.);
#5221 = EDGE_LOOP('',(#5222,#5223,#5224,#5225));
#5222 = ORIENTED_EDGE('',*,*,#1188,.F.);
#5223 = ORIENTED_EDGE('',*,*,#5209,.T.);
#5224 = ORIENTED_EDGE('',*,*,#1617,.T.);
#5225 = ORIENTED_EDGE('',*,*,#5192,.F.);
#5226 = CYLINDRICAL_SURFACE('',#5227,2.);
#5227 = AXIS2_PLACEMENT_3D('',#5228,#5229,#5230);
#5228 = CARTESIAN_POINT('',(181.79411764705,-126.62,13.));
#5229 = DIRECTION('',(0.,-1.,2.22044604925E-16));
#5230 = DIRECTION('',(1.,0.,0.));
#5231 = ADVANCED_FACE('',(#5232),#5248,.F.);
#5232 = FACE_BOUND('',#5233,.F.);
#5233 = EDGE_LOOP('',(#5234,#5235,#5241,#5242));
#5234 = ORIENTED_EDGE('',*,*,#1205,.F.);
#5235 = ORIENTED_EDGE('',*,*,#5236,.T.);
#5236 = EDGE_CURVE('',#1206,#1563,#5237,.T.);
#5237 = LINE('',#5238,#5239);
#5238 = CARTESIAN_POINT('',(191.97058823529,-126.62,25.));
#5239 = VECTOR('',#5240,1.);
#5240 = DIRECTION('',(0.,1.,-2.22044604925E-16));
#5241 = ORIENTED_EDGE('',*,*,#1562,.T.);
#5242 = ORIENTED_EDGE('',*,*,#5243,.F.);
#5243 = EDGE_CURVE('',#1208,#1565,#5244,.T.);
#5244 = LINE('',#5245,#5246);
#5245 = CARTESIAN_POINT('',(187.97058823529,-126.62,25.));
#5246 = VECTOR('',#5247,1.);
#5247 = DIRECTION('',(0.,1.,-2.22044604925E-16));
#5248 = CYLINDRICAL_SURFACE('',#5249,2.);
#5249 = AXIS2_PLACEMENT_3D('',#5250,#5251,#5252);
#5250 = CARTESIAN_POINT('',(189.97058823529,-126.62,25.));
#5251 = DIRECTION('',(0.,-1.,2.22044604925E-16));
#5252 = DIRECTION('',(1.,0.,0.));
#5253 = ADVANCED_FACE('',(#5254),#5265,.T.);
#5254 = FACE_BOUND('',#5255,.T.);
#5255 = EDGE_LOOP('',(#5256,#5257,#5258,#5259));
#5256 = ORIENTED_EDGE('',*,*,#1216,.F.);
#5257 = ORIENTED_EDGE('',*,*,#5236,.T.);
#5258 = ORIENTED_EDGE('',*,*,#1573,.T.);
#5259 = ORIENTED_EDGE('',*,*,#5260,.F.);
#5260 = EDGE_CURVE('',#1217,#1574,#5261,.T.);
#5261 = LINE('',#5262,#5263);
#5262 = CARTESIAN_POINT('',(191.97058823529,-126.62,13.));
#5263 = VECTOR('',#5264,1.);
#5264 = DIRECTION('',(0.,1.,-2.22044604925E-16));
#5265 = PLANE('',#5266);
#5266 = AXIS2_PLACEMENT_3D('',#5267,#5268,#5269);
#5267 = CARTESIAN_POINT('',(191.97058823529,-126.62,25.));
#5268 = DIRECTION('',(-1.,0.,0.));
#5269 = DIRECTION('',(0.,-2.22044604925E-16,-1.));
#5270 = ADVANCED_FACE('',(#5271),#5282,.F.);
#5271 = FACE_BOUND('',#5272,.F.);
#5272 = EDGE_LOOP('',(#5273,#5274,#5275,#5276));
#5273 = ORIENTED_EDGE('',*,*,#1233,.F.);
#5274 = ORIENTED_EDGE('',*,*,#5243,.T.);
#5275 = ORIENTED_EDGE('',*,*,#1590,.T.);
#5276 = ORIENTED_EDGE('',*,*,#5277,.F.);
#5277 = EDGE_CURVE('',#1225,#1582,#5278,.T.);
#5278 = LINE('',#5279,#5280);
#5279 = CARTESIAN_POINT('',(187.97058823529,-126.62,13.));
#5280 = VECTOR('',#5281,1.);
#5281 = DIRECTION('',(0.,1.,-2.22044604925E-16));
#5282 = PLANE('',#5283);
#5283 = AXIS2_PLACEMENT_3D('',#5284,#5285,#5286);
#5284 = CARTESIAN_POINT('',(187.97058823529,-126.62,25.));
#5285 = DIRECTION('',(-1.,0.,0.));
#5286 = DIRECTION('',(0.,-2.22044604925E-16,-1.));
#5287 = ADVANCED_FACE('',(#5288),#5294,.F.);
#5288 = FACE_BOUND('',#5289,.F.);
#5289 = EDGE_LOOP('',(#5290,#5291,#5292,#5293));
#5290 = ORIENTED_EDGE('',*,*,#1224,.F.);
#5291 = ORIENTED_EDGE('',*,*,#5277,.T.);
#5292 = ORIENTED_EDGE('',*,*,#1581,.T.);
#5293 = ORIENTED_EDGE('',*,*,#5260,.F.);
#5294 = CYLINDRICAL_SURFACE('',#5295,2.);
#5295 = AXIS2_PLACEMENT_3D('',#5296,#5297,#5298);
#5296 = CARTESIAN_POINT('',(189.97058823529,-126.62,13.));
#5297 = DIRECTION('',(0.,-1.,2.22044604925E-16));
#5298 = DIRECTION('',(1.,0.,0.));
#5299 = ADVANCED_FACE('',(#5300),#5316,.F.);
#5300 = FACE_BOUND('',#5301,.F.);
#5301 = EDGE_LOOP('',(#5302,#5303,#5309,#5310));
#5302 = ORIENTED_EDGE('',*,*,#1241,.F.);
#5303 = ORIENTED_EDGE('',*,*,#5304,.T.);
#5304 = EDGE_CURVE('',#1242,#1527,#5305,.T.);
#5305 = LINE('',#5306,#5307);
#5306 = CARTESIAN_POINT('',(200.14705882352,-126.62,25.));
#5307 = VECTOR('',#5308,1.);
#5308 = DIRECTION('',(0.,1.,-2.22044604925E-16));
#5309 = ORIENTED_EDGE('',*,*,#1526,.T.);
#5310 = ORIENTED_EDGE('',*,*,#5311,.F.);
#5311 = EDGE_CURVE('',#1244,#1529,#5312,.T.);
#5312 = LINE('',#5313,#5314);
#5313 = CARTESIAN_POINT('',(196.14705882352,-126.62,25.));
#5314 = VECTOR('',#5315,1.);
#5315 = DIRECTION('',(0.,1.,-2.22044604925E-16));
#5316 = CYLINDRICAL_SURFACE('',#5317,2.);
#5317 = AXIS2_PLACEMENT_3D('',#5318,#5319,#5320);
#5318 = CARTESIAN_POINT('',(198.14705882352,-126.62,25.));
#5319 = DIRECTION('',(0.,-1.,2.22044604925E-16));
#5320 = DIRECTION('',(1.,0.,0.));
#5321 = ADVANCED_FACE('',(#5322),#5333,.T.);
#5322 = FACE_BOUND('',#5323,.T.);
#5323 = EDGE_LOOP('',(#5324,#5325,#5326,#5327));
#5324 = ORIENTED_EDGE('',*,*,#1252,.F.);
#5325 = ORIENTED_EDGE('',*,*,#5304,.T.);
#5326 = ORIENTED_EDGE('',*,*,#1537,.T.);
#5327 = ORIENTED_EDGE('',*,*,#5328,.F.);
#5328 = EDGE_CURVE('',#1253,#1538,#5329,.T.);
#5329 = LINE('',#5330,#5331);
#5330 = CARTESIAN_POINT('',(200.14705882352,-126.62,13.));
#5331 = VECTOR('',#5332,1.);
#5332 = DIRECTION('',(0.,1.,-2.22044604925E-16));
#5333 = PLANE('',#5334);
#5334 = AXIS2_PLACEMENT_3D('',#5335,#5336,#5337);
#5335 = CARTESIAN_POINT('',(200.14705882352,-126.62,25.));
#5336 = DIRECTION('',(-1.,0.,0.));
#5337 = DIRECTION('',(0.,-2.22044604925E-16,-1.));
#5338 = ADVANCED_FACE('',(#5339),#5350,.F.);
#5339 = FACE_BOUND('',#5340,.F.);
#5340 = EDGE_LOOP('',(#5341,#5342,#5343,#5344));
#5341 = ORIENTED_EDGE('',*,*,#1269,.F.);
#5342 = ORIENTED_EDGE('',*,*,#5311,.T.);
#5343 = ORIENTED_EDGE('',*,*,#1554,.T.);
#5344 = ORIENTED_EDGE('',*,*,#5345,.F.);
#5345 = EDGE_CURVE('',#1261,#1546,#5346,.T.);
#5346 = LINE('',#5347,#5348);
#5347 = CARTESIAN_POINT('',(196.14705882352,-126.62,13.));
#5348 = VECTOR('',#5349,1.);
#5349 = DIRECTION('',(0.,1.,-2.22044604925E-16));
#5350 = PLANE('',#5351);
#5351 = AXIS2_PLACEMENT_3D('',#5352,#5353,#5354);
#5352 = CARTESIAN_POINT('',(196.14705882352,-126.62,25.));
#5353 = DIRECTION('',(-1.,0.,0.));
#5354 = DIRECTION('',(0.,-2.22044604925E-16,-1.));
#5355 = ADVANCED_FACE('',(#5356),#5362,.F.);
#5356 = FACE_BOUND('',#5357,.F.);
#5357 = EDGE_LOOP('',(#5358,#5359,#5360,#5361));
#5358 = ORIENTED_EDGE('',*,*,#1260,.F.);
#5359 = ORIENTED_EDGE('',*,*,#5345,.T.);
#5360 = ORIENTED_EDGE('',*,*,#1545,.T.);
#5361 = ORIENTED_EDGE('',*,*,#5328,.F.);
#5362 = CYLINDRICAL_SURFACE('',#5363,2.);
#5363 = AXIS2_PLACEMENT_3D('',#5364,#5365,#5366);
#5364 = CARTESIAN_POINT('',(198.14705882352,-126.62,13.));
#5365 = DIRECTION('',(0.,-1.,2.22044604925E-16));
#5366 = DIRECTION('',(1.,0.,0.));
#5367 = ADVANCED_FACE('',(#5368),#5384,.F.);
#5368 = FACE_BOUND('',#5369,.F.);
#5369 = EDGE_LOOP('',(#5370,#5371,#5377,#5378));
#5370 = ORIENTED_EDGE('',*,*,#1277,.F.);
#5371 = ORIENTED_EDGE('',*,*,#5372,.T.);
#5372 = EDGE_CURVE('',#1278,#1491,#5373,.T.);
#5373 = LINE('',#5374,#5375);
#5374 = CARTESIAN_POINT('',(208.32352941176,-126.62,25.));
#5375 = VECTOR('',#5376,1.);
#5376 = DIRECTION('',(0.,1.,-2.22044604925E-16));
#5377 = ORIENTED_EDGE('',*,*,#1490,.T.);
#5378 = ORIENTED_EDGE('',*,*,#5379,.F.);
#5379 = EDGE_CURVE('',#1280,#1493,#5380,.T.);
#5380 = LINE('',#5381,#5382);
#5381 = CARTESIAN_POINT('',(204.32352941176,-126.62,25.));
#5382 = VECTOR('',#5383,1.);
#5383 = DIRECTION('',(0.,1.,-2.22044604925E-16));
#5384 = CYLINDRICAL_SURFACE('',#5385,2.);
#5385 = AXIS2_PLACEMENT_3D('',#5386,#5387,#5388);
#5386 = CARTESIAN_POINT('',(206.32352941176,-126.62,25.));
#5387 = DIRECTION('',(0.,-1.,2.22044604925E-16));
#5388 = DIRECTION('',(1.,0.,0.));
#5389 = ADVANCED_FACE('',(#5390),#5401,.T.);
#5390 = FACE_BOUND('',#5391,.T.);
#5391 = EDGE_LOOP('',(#5392,#5393,#5394,#5395));
#5392 = ORIENTED_EDGE('',*,*,#1288,.F.);
#5393 = ORIENTED_EDGE('',*,*,#5372,.T.);
#5394 = ORIENTED_EDGE('',*,*,#1501,.T.);
#5395 = ORIENTED_EDGE('',*,*,#5396,.F.);
#5396 = EDGE_CURVE('',#1289,#1502,#5397,.T.);
#5397 = LINE('',#5398,#5399);
#5398 = CARTESIAN_POINT('',(208.32352941176,-126.62,13.));
#5399 = VECTOR('',#5400,1.);
#5400 = DIRECTION('',(0.,1.,-2.22044604925E-16));
#5401 = PLANE('',#5402);
#5402 = AXIS2_PLACEMENT_3D('',#5403,#5404,#5405);
#5403 = CARTESIAN_POINT('',(208.32352941176,-126.62,25.));
#5404 = DIRECTION('',(-1.,0.,0.));
#5405 = DIRECTION('',(0.,-2.22044604925E-16,-1.));
#5406 = ADVANCED_FACE('',(#5407),#5418,.F.);
#5407 = FACE_BOUND('',#5408,.F.);
#5408 = EDGE_LOOP('',(#5409,#5410,#5411,#5412));
#5409 = ORIENTED_EDGE('',*,*,#1305,.F.);
#5410 = ORIENTED_EDGE('',*,*,#5379,.T.);
#5411 = ORIENTED_EDGE('',*,*,#1518,.T.);
#5412 = ORIENTED_EDGE('',*,*,#5413,.F.);
#5413 = EDGE_CURVE('',#1297,#1510,#5414,.T.);
#5414 = LINE('',#5415,#5416);
#5415 = CARTESIAN_POINT('',(204.32352941176,-126.62,13.));
#5416 = VECTOR('',#5417,1.);
#5417 = DIRECTION('',(0.,1.,-2.22044604925E-16));
#5418 = PLANE('',#5419);
#5419 = AXIS2_PLACEMENT_3D('',#5420,#5421,#5422);
#5420 = CARTESIAN_POINT('',(204.32352941176,-126.62,25.));
#5421 = DIRECTION('',(-1.,0.,0.));
#5422 = DIRECTION('',(0.,-2.22044604925E-16,-1.));
#5423 = ADVANCED_FACE('',(#5424),#5430,.F.);
#5424 = FACE_BOUND('',#5425,.F.);
#5425 = EDGE_LOOP('',(#5426,#5427,#5428,#5429));
#5426 = ORIENTED_EDGE('',*,*,#1296,.F.);
#5427 = ORIENTED_EDGE('',*,*,#5413,.T.);
#5428 = ORIENTED_EDGE('',*,*,#1509,.T.);
#5429 = ORIENTED_EDGE('',*,*,#5396,.F.);
#5430 = CYLINDRICAL_SURFACE('',#5431,2.);
#5431 = AXIS2_PLACEMENT_3D('',#5432,#5433,#5434);
#5432 = CARTESIAN_POINT('',(206.32352941176,-126.62,13.));
#5433 = DIRECTION('',(0.,-1.,2.22044604925E-16));
#5434 = DIRECTION('',(1.,0.,0.));
#5435 = ADVANCED_FACE('',(#5436),#5452,.F.);
#5436 = FACE_BOUND('',#5437,.F.);
#5437 = EDGE_LOOP('',(#5438,#5439,#5445,#5446));
#5438 = ORIENTED_EDGE('',*,*,#1313,.F.);
#5439 = ORIENTED_EDGE('',*,*,#5440,.T.);
#5440 = EDGE_CURVE('',#1314,#1455,#5441,.T.);
#5441 = LINE('',#5442,#5443);
#5442 = CARTESIAN_POINT('',(216.5,-126.62,25.));
#5443 = VECTOR('',#5444,1.);
#5444 = DIRECTION('',(0.,1.,-2.22044604925E-16));
#5445 = ORIENTED_EDGE('',*,*,#1454,.T.);
#5446 = ORIENTED_EDGE('',*,*,#5447,.F.);
#5447 = EDGE_CURVE('',#1316,#1457,#5448,.T.);
#5448 = LINE('',#5449,#5450);
#5449 = CARTESIAN_POINT('',(212.5,-126.62,25.));
#5450 = VECTOR('',#5451,1.);
#5451 = DIRECTION('',(0.,1.,-2.22044604925E-16));
#5452 = CYLINDRICAL_SURFACE('',#5453,2.);
#5453 = AXIS2_PLACEMENT_3D('',#5454,#5455,#5456);
#5454 = CARTESIAN_POINT('',(214.5,-126.62,25.));
#5455 = DIRECTION('',(0.,-1.,2.22044604925E-16));
#5456 = DIRECTION('',(1.,0.,0.));
#5457 = ADVANCED_FACE('',(#5458),#5469,.T.);
#5458 = FACE_BOUND('',#5459,.T.);
#5459 = EDGE_LOOP('',(#5460,#5461,#5462,#5463));
#5460 = ORIENTED_EDGE('',*,*,#1324,.F.);
#5461 = ORIENTED_EDGE('',*,*,#5440,.T.);
#5462 = ORIENTED_EDGE('',*,*,#1465,.T.);
#5463 = ORIENTED_EDGE('',*,*,#5464,.F.);
#5464 = EDGE_CURVE('',#1325,#1466,#5465,.T.);
#5465 = LINE('',#5466,#5467);
#5466 = CARTESIAN_POINT('',(216.5,-126.62,13.));
#5467 = VECTOR('',#5468,1.);
#5468 = DIRECTION('',(0.,1.,-2.22044604925E-16));
#5469 = PLANE('',#5470);
#5470 = AXIS2_PLACEMENT_3D('',#5471,#5472,#5473);
#5471 = CARTESIAN_POINT('',(216.5,-126.62,25.));
#5472 = DIRECTION('',(-1.,0.,0.));
#5473 = DIRECTION('',(0.,-2.22044604925E-16,-1.));
#5474 = ADVANCED_FACE('',(#5475),#5486,.F.);
#5475 = FACE_BOUND('',#5476,.F.);
#5476 = EDGE_LOOP('',(#5477,#5478,#5479,#5480));
#5477 = ORIENTED_EDGE('',*,*,#1341,.F.);
#5478 = ORIENTED_EDGE('',*,*,#5447,.T.);
#5479 = ORIENTED_EDGE('',*,*,#1482,.T.);
#5480 = ORIENTED_EDGE('',*,*,#5481,.F.);
#5481 = EDGE_CURVE('',#1333,#1474,#5482,.T.);
#5482 = LINE('',#5483,#5484);
#5483 = CARTESIAN_POINT('',(212.5,-126.62,13.));
#5484 = VECTOR('',#5485,1.);
#5485 = DIRECTION('',(0.,1.,-2.22044604925E-16));
#5486 = PLANE('',#5487);
#5487 = AXIS2_PLACEMENT_3D('',#5488,#5489,#5490);
#5488 = CARTESIAN_POINT('',(212.5,-126.62,25.));
#5489 = DIRECTION('',(-1.,0.,0.));
#5490 = DIRECTION('',(0.,-2.22044604925E-16,-1.));
#5491 = ADVANCED_FACE('',(#5492),#5498,.F.);
#5492 = FACE_BOUND('',#5493,.F.);
#5493 = EDGE_LOOP('',(#5494,#5495,#5496,#5497));
#5494 = ORIENTED_EDGE('',*,*,#1332,.F.);
#5495 = ORIENTED_EDGE('',*,*,#5481,.T.);
#5496 = ORIENTED_EDGE('',*,*,#1473,.T.);
#5497 = ORIENTED_EDGE('',*,*,#5464,.F.);
#5498 = CYLINDRICAL_SURFACE('',#5499,2.);
#5499 = AXIS2_PLACEMENT_3D('',#5500,#5501,#5502);
#5500 = CARTESIAN_POINT('',(214.5,-126.62,13.));
#5501 = DIRECTION('',(0.,-1.,2.22044604925E-16));
#5502 = DIRECTION('',(1.,0.,0.));
#5503 = ADVANCED_FACE('',(#5504,#5510,#5521,#5557,#5593,#5604,#5640,
    #5651,#5662,#5673,#5709),#5745,.F.);
#5504 = FACE_BOUND('',#5505,.F.);
#5505 = EDGE_LOOP('',(#5506,#5507,#5508,#5509));
#5506 = ORIENTED_EDGE('',*,*,#2132,.F.);
#5507 = ORIENTED_EDGE('',*,*,#1437,.F.);
#5508 = ORIENTED_EDGE('',*,*,#1364,.F.);
#5509 = ORIENTED_EDGE('',*,*,#3414,.F.);
#5510 = FACE_BOUND('',#5511,.F.);
#5511 = EDGE_LOOP('',(#5512));
#5512 = ORIENTED_EDGE('',*,*,#5513,.F.);
#5513 = EDGE_CURVE('',#5514,#5514,#5516,.T.);
#5514 = VERTEX_POINT('',#5515);
#5515 = CARTESIAN_POINT('',(82.802628,-110.843498,34.5));
#5516 = CIRCLE('',#5517,2.);
#5517 = AXIS2_PLACEMENT_3D('',#5518,#5519,#5520);
#5518 = CARTESIAN_POINT('',(80.802628,-110.843498,34.5));
#5519 = DIRECTION('',(0.,0.,1.));
#5520 = DIRECTION('',(1.,0.,0.));
#5521 = FACE_BOUND('',#5522,.F.);
#5522 = EDGE_LOOP('',(#5523,#5534,#5542,#5551));
#5523 = ORIENTED_EDGE('',*,*,#5524,.F.);
#5524 = EDGE_CURVE('',#5525,#5527,#5529,.T.);
#5525 = VERTEX_POINT('',#5526);
#5526 = CARTESIAN_POINT('',(87.5,-116.1663345811,34.5));
#5527 = VERTEX_POINT('',#5528);
#5528 = CARTESIAN_POINT('',(87.5,-120.1663345811,34.5));
#5529 = CIRCLE('',#5530,2.);
#5530 = AXIS2_PLACEMENT_3D('',#5531,#5532,#5533);
#5531 = CARTESIAN_POINT('',(87.5,-118.1663345811,34.5));
#5532 = DIRECTION('',(0.,0.,1.));
#5533 = DIRECTION('',(1.,0.,0.));
#5534 = ORIENTED_EDGE('',*,*,#5535,.T.);
#5535 = EDGE_CURVE('',#5525,#5536,#5538,.T.);
#5536 = VERTEX_POINT('',#5537);
#5537 = CARTESIAN_POINT('',(205.5,-116.1663345811,34.5));
#5538 = LINE('',#5539,#5540);
#5539 = CARTESIAN_POINT('',(122.5,-116.1663345811,34.5));
#5540 = VECTOR('',#5541,1.);
#5541 = DIRECTION('',(1.,0.,0.));
#5542 = ORIENTED_EDGE('',*,*,#5543,.F.);
#5543 = EDGE_CURVE('',#5544,#5536,#5546,.T.);
#5544 = VERTEX_POINT('',#5545);
#5545 = CARTESIAN_POINT('',(205.5,-120.1663345811,34.5));
#5546 = CIRCLE('',#5547,2.);
#5547 = AXIS2_PLACEMENT_3D('',#5548,#5549,#5550);
#5548 = CARTESIAN_POINT('',(205.5,-118.1663345811,34.5));
#5549 = DIRECTION('',(0.,0.,1.));
#5550 = DIRECTION('',(1.,0.,0.));
#5551 = ORIENTED_EDGE('',*,*,#5552,.F.);
#5552 = EDGE_CURVE('',#5527,#5544,#5553,.T.);
#5553 = LINE('',#5554,#5555);
#5554 = CARTESIAN_POINT('',(122.5,-120.1663345811,34.5));
#5555 = VECTOR('',#5556,1.);
#5556 = DIRECTION('',(1.,0.,0.));
#5557 = FACE_BOUND('',#5558,.F.);
#5558 = EDGE_LOOP('',(#5559,#5570,#5578,#5587));
#5559 = ORIENTED_EDGE('',*,*,#5560,.F.);
#5560 = EDGE_CURVE('',#5561,#5563,#5565,.T.);
#5561 = VERTEX_POINT('',#5562);
#5562 = CARTESIAN_POINT('',(87.5,-108.1663345811,34.5));
#5563 = VERTEX_POINT('',#5564);
#5564 = CARTESIAN_POINT('',(87.5,-112.1663345811,34.5));
#5565 = CIRCLE('',#5566,2.);
#5566 = AXIS2_PLACEMENT_3D('',#5567,#5568,#5569);
#5567 = CARTESIAN_POINT('',(87.5,-110.1663345811,34.5));
#5568 = DIRECTION('',(0.,0.,1.));
#5569 = DIRECTION('',(1.,0.,0.));
#5570 = ORIENTED_EDGE('',*,*,#5571,.T.);
#5571 = EDGE_CURVE('',#5561,#5572,#5574,.T.);
#5572 = VERTEX_POINT('',#5573);
#5573 = CARTESIAN_POINT('',(205.5,-108.1663345811,34.5));
#5574 = LINE('',#5575,#5576);
#5575 = CARTESIAN_POINT('',(122.5,-108.1663345811,34.5));
#5576 = VECTOR('',#5577,1.);
#5577 = DIRECTION('',(1.,0.,0.));
#5578 = ORIENTED_EDGE('',*,*,#5579,.F.);
#5579 = EDGE_CURVE('',#5580,#5572,#5582,.T.);
#5580 = VERTEX_POINT('',#5581);
#5581 = CARTESIAN_POINT('',(205.5,-112.1663345811,34.5));
#5582 = CIRCLE('',#5583,2.);
#5583 = AXIS2_PLACEMENT_3D('',#5584,#5585,#5586);
#5584 = CARTESIAN_POINT('',(205.5,-110.1663345811,34.5));
#5585 = DIRECTION('',(0.,0.,1.));
#5586 = DIRECTION('',(1.,0.,0.));
#5587 = ORIENTED_EDGE('',*,*,#5588,.F.);
#5588 = EDGE_CURVE('',#5563,#5580,#5589,.T.);
#5589 = LINE('',#5590,#5591);
#5590 = CARTESIAN_POINT('',(122.5,-112.1663345811,34.5));
#5591 = VECTOR('',#5592,1.);
#5592 = DIRECTION('',(1.,0.,0.));
#5593 = FACE_BOUND('',#5594,.F.);
#5594 = EDGE_LOOP('',(#5595));
#5595 = ORIENTED_EDGE('',*,*,#5596,.F.);
#5596 = EDGE_CURVE('',#5597,#5597,#5599,.T.);
#5597 = VERTEX_POINT('',#5598);
#5598 = CARTESIAN_POINT('',(82.802628,-105.843498,34.5));
#5599 = CIRCLE('',#5600,2.);
#5600 = AXIS2_PLACEMENT_3D('',#5601,#5602,#5603);
#5601 = CARTESIAN_POINT('',(80.802628,-105.843498,34.5));
#5602 = DIRECTION('',(0.,0.,1.));
#5603 = DIRECTION('',(1.,0.,0.));
#5604 = FACE_BOUND('',#5605,.F.);
#5605 = EDGE_LOOP('',(#5606,#5617,#5625,#5634));
#5606 = ORIENTED_EDGE('',*,*,#5607,.F.);
#5607 = EDGE_CURVE('',#5608,#5610,#5612,.T.);
#5608 = VERTEX_POINT('',#5609);
#5609 = CARTESIAN_POINT('',(87.5,-100.1663345811,34.5));
#5610 = VERTEX_POINT('',#5611);
#5611 = CARTESIAN_POINT('',(87.5,-104.1663345811,34.5));
#5612 = CIRCLE('',#5613,2.);
#5613 = AXIS2_PLACEMENT_3D('',#5614,#5615,#5616);
#5614 = CARTESIAN_POINT('',(87.5,-102.1663345811,34.5));
#5615 = DIRECTION('',(0.,0.,1.));
#5616 = DIRECTION('',(1.,0.,0.));
#5617 = ORIENTED_EDGE('',*,*,#5618,.T.);
#5618 = EDGE_CURVE('',#5608,#5619,#5621,.T.);
#5619 = VERTEX_POINT('',#5620);
#5620 = CARTESIAN_POINT('',(144.5,-100.1663345811,34.5));
#5621 = LINE('',#5622,#5623);
#5622 = CARTESIAN_POINT('',(122.5,-100.1663345811,34.5));
#5623 = VECTOR('',#5624,1.);
#5624 = DIRECTION('',(1.,0.,0.));
#5625 = ORIENTED_EDGE('',*,*,#5626,.F.);
#5626 = EDGE_CURVE('',#5627,#5619,#5629,.T.);
#5627 = VERTEX_POINT('',#5628);
#5628 = CARTESIAN_POINT('',(144.5,-104.1663345811,34.5));
#5629 = CIRCLE('',#5630,2.);
#5630 = AXIS2_PLACEMENT_3D('',#5631,#5632,#5633);
#5631 = CARTESIAN_POINT('',(144.5,-102.1663345811,34.5));
#5632 = DIRECTION('',(0.,0.,1.));
#5633 = DIRECTION('',(1.,0.,0.));
#5634 = ORIENTED_EDGE('',*,*,#5635,.F.);
#5635 = EDGE_CURVE('',#5610,#5627,#5636,.T.);
#5636 = LINE('',#5637,#5638);
#5637 = CARTESIAN_POINT('',(122.5,-104.1663345811,34.5));
#5638 = VECTOR('',#5639,1.);
#5639 = DIRECTION('',(1.,0.,0.));
#5640 = FACE_BOUND('',#5641,.F.);
#5641 = EDGE_LOOP('',(#5642));
#5642 = ORIENTED_EDGE('',*,*,#5643,.T.);
#5643 = EDGE_CURVE('',#5644,#5644,#5646,.T.);
#5644 = VERTEX_POINT('',#5645);
#5645 = CARTESIAN_POINT('',(233.5,-96.62,34.5));
#5646 = CIRCLE('',#5647,4.);
#5647 = AXIS2_PLACEMENT_3D('',#5648,#5649,#5650);
#5648 = CARTESIAN_POINT('',(229.5,-96.62,34.5));
#5649 = DIRECTION('',(0.,0.,-1.));
#5650 = DIRECTION('',(1.,0.,0.));
#5651 = FACE_BOUND('',#5652,.F.);
#5652 = EDGE_LOOP('',(#5653));
#5653 = ORIENTED_EDGE('',*,*,#5654,.F.);
#5654 = EDGE_CURVE('',#5655,#5655,#5657,.T.);
#5655 = VERTEX_POINT('',#5656);
#5656 = CARTESIAN_POINT('',(82.802628,-87.283585,34.5));
#5657 = CIRCLE('',#5658,2.);
#5658 = AXIS2_PLACEMENT_3D('',#5659,#5660,#5661);
#5659 = CARTESIAN_POINT('',(80.802628,-87.283585,34.5));
#5660 = DIRECTION('',(0.,0.,1.));
#5661 = DIRECTION('',(1.,0.,0.));
#5662 = FACE_BOUND('',#5663,.F.);
#5663 = EDGE_LOOP('',(#5664));
#5664 = ORIENTED_EDGE('',*,*,#5665,.F.);
#5665 = EDGE_CURVE('',#5666,#5666,#5668,.T.);
#5666 = VERTEX_POINT('',#5667);
#5667 = CARTESIAN_POINT('',(82.802628,-82.283585,34.5));
#5668 = CIRCLE('',#5669,2.);
#5669 = AXIS2_PLACEMENT_3D('',#5670,#5671,#5672);
#5670 = CARTESIAN_POINT('',(80.802628,-82.283585,34.5));
#5671 = DIRECTION('',(0.,0.,1.));
#5672 = DIRECTION('',(1.,0.,0.));
#5673 = FACE_BOUND('',#5674,.F.);
#5674 = EDGE_LOOP('',(#5675,#5686,#5694,#5703));
#5675 = ORIENTED_EDGE('',*,*,#5676,.F.);
#5676 = EDGE_CURVE('',#5677,#5679,#5681,.T.);
#5677 = VERTEX_POINT('',#5678);
#5678 = CARTESIAN_POINT('',(87.5,-79.62,34.5));
#5679 = VERTEX_POINT('',#5680);
#5680 = CARTESIAN_POINT('',(87.5,-83.62,34.5));
#5681 = CIRCLE('',#5682,2.);
#5682 = AXIS2_PLACEMENT_3D('',#5683,#5684,#5685);
#5683 = CARTESIAN_POINT('',(87.5,-81.62,34.5));
#5684 = DIRECTION('',(0.,0.,1.));
#5685 = DIRECTION('',(1.,0.,0.));
#5686 = ORIENTED_EDGE('',*,*,#5687,.T.);
#5687 = EDGE_CURVE('',#5677,#5688,#5690,.T.);
#5688 = VERTEX_POINT('',#5689);
#5689 = CARTESIAN_POINT('',(205.5,-79.62,34.5));
#5690 = LINE('',#5691,#5692);
#5691 = CARTESIAN_POINT('',(122.5,-79.62,34.5));
#5692 = VECTOR('',#5693,1.);
#5693 = DIRECTION('',(1.,0.,0.));
#5694 = ORIENTED_EDGE('',*,*,#5695,.F.);
#5695 = EDGE_CURVE('',#5696,#5688,#5698,.T.);
#5696 = VERTEX_POINT('',#5697);
#5697 = CARTESIAN_POINT('',(205.5,-83.62,34.5));
#5698 = CIRCLE('',#5699,2.);
#5699 = AXIS2_PLACEMENT_3D('',#5700,#5701,#5702);
#5700 = CARTESIAN_POINT('',(205.5,-81.62,34.5));
#5701 = DIRECTION('',(0.,0.,1.));
#5702 = DIRECTION('',(1.,0.,0.));
#5703 = ORIENTED_EDGE('',*,*,#5704,.F.);
#5704 = EDGE_CURVE('',#5679,#5696,#5705,.T.);
#5705 = LINE('',#5706,#5707);
#5706 = CARTESIAN_POINT('',(122.5,-83.62,34.5));
#5707 = VECTOR('',#5708,1.);
#5708 = DIRECTION('',(1.,0.,0.));
#5709 = FACE_BOUND('',#5710,.F.);
#5710 = EDGE_LOOP('',(#5711,#5722,#5730,#5739));
#5711 = ORIENTED_EDGE('',*,*,#5712,.F.);
#5712 = EDGE_CURVE('',#5713,#5715,#5717,.T.);
#5713 = VERTEX_POINT('',#5714);
#5714 = CARTESIAN_POINT('',(87.5,-71.62,34.5));
#5715 = VERTEX_POINT('',#5716);
#5716 = CARTESIAN_POINT('',(87.5,-75.62,34.5));
#5717 = CIRCLE('',#5718,2.);
#5718 = AXIS2_PLACEMENT_3D('',#5719,#5720,#5721);
#5719 = CARTESIAN_POINT('',(87.5,-73.62,34.5));
#5720 = DIRECTION('',(0.,0.,1.));
#5721 = DIRECTION('',(1.,0.,0.));
#5722 = ORIENTED_EDGE('',*,*,#5723,.T.);
#5723 = EDGE_CURVE('',#5713,#5724,#5726,.T.);
#5724 = VERTEX_POINT('',#5725);
#5725 = CARTESIAN_POINT('',(205.5,-71.62,34.5));
#5726 = LINE('',#5727,#5728);
#5727 = CARTESIAN_POINT('',(122.5,-71.62,34.5));
#5728 = VECTOR('',#5729,1.);
#5729 = DIRECTION('',(1.,0.,0.));
#5730 = ORIENTED_EDGE('',*,*,#5731,.F.);
#5731 = EDGE_CURVE('',#5732,#5724,#5734,.T.);
#5732 = VERTEX_POINT('',#5733);
#5733 = CARTESIAN_POINT('',(205.5,-75.62,34.5));
#5734 = CIRCLE('',#5735,2.);
#5735 = AXIS2_PLACEMENT_3D('',#5736,#5737,#5738);
#5736 = CARTESIAN_POINT('',(205.5,-73.62,34.5));
#5737 = DIRECTION('',(0.,0.,1.));
#5738 = DIRECTION('',(1.,0.,0.));
#5739 = ORIENTED_EDGE('',*,*,#5740,.F.);
#5740 = EDGE_CURVE('',#5715,#5732,#5741,.T.);
#5741 = LINE('',#5742,#5743);
#5742 = CARTESIAN_POINT('',(122.5,-75.62,34.5));
#5743 = VECTOR('',#5744,1.);
#5744 = DIRECTION('',(1.,0.,0.));
#5745 = PLANE('',#5746);
#5746 = AXIS2_PLACEMENT_3D('',#5747,#5748,#5749);
#5747 = CARTESIAN_POINT('',(157.5,-96.62,34.5));
#5748 = DIRECTION('',(0.,0.,1.));
#5749 = DIRECTION('',(1.,0.,0.));
#5750 = ADVANCED_FACE('',(#5751),#5770,.F.);
#5751 = FACE_BOUND('',#5752,.T.);
#5752 = EDGE_LOOP('',(#5753,#5761,#5768,#5769));
#5753 = ORIENTED_EDGE('',*,*,#5754,.F.);
#5754 = EDGE_CURVE('',#5755,#2103,#5757,.T.);
#5755 = VERTEX_POINT('',#5756);
#5756 = CARTESIAN_POINT('',(239.5,-125.62,6.));
#5757 = LINE('',#5758,#5759);
#5758 = CARTESIAN_POINT('',(239.5,-125.62,6.));
#5759 = VECTOR('',#5760,1.);
#5760 = DIRECTION('',(5.551115123126E-17,1.,-2.22044604925E-16));
#5761 = ORIENTED_EDGE('',*,*,#5762,.T.);
#5762 = EDGE_CURVE('',#5755,#5755,#5763,.T.);
#5763 = CIRCLE('',#5764,1.);
#5764 = AXIS2_PLACEMENT_3D('',#5765,#5766,#5767);
#5765 = CARTESIAN_POINT('',(240.5,-125.62,6.));
#5766 = DIRECTION('',(0.,-1.,2.22044604925E-16));
#5767 = DIRECTION('',(-1.,0.,0.));
#5768 = ORIENTED_EDGE('',*,*,#5754,.T.);
#5769 = ORIENTED_EDGE('',*,*,#2102,.T.);
#5770 = CYLINDRICAL_SURFACE('',#5771,1.);
#5771 = AXIS2_PLACEMENT_3D('',#5772,#5773,#5774);
#5772 = CARTESIAN_POINT('',(240.5,-125.62,6.));
#5773 = DIRECTION('',(0.,1.,-2.22044604925E-16));
#5774 = DIRECTION('',(-1.,0.,0.));
#5775 = ADVANCED_FACE('',(#5776),#5795,.F.);
#5776 = FACE_BOUND('',#5777,.T.);
#5777 = EDGE_LOOP('',(#5778,#5786,#5793,#5794));
#5778 = ORIENTED_EDGE('',*,*,#5779,.F.);
#5779 = EDGE_CURVE('',#5780,#2114,#5782,.T.);
#5780 = VERTEX_POINT('',#5781);
#5781 = CARTESIAN_POINT('',(73.55,-125.62,6.));
#5782 = LINE('',#5783,#5784);
#5783 = CARTESIAN_POINT('',(73.55,-125.62,6.));
#5784 = VECTOR('',#5785,1.);
#5785 = DIRECTION('',(5.551115123126E-17,1.,-2.22044604925E-16));
#5786 = ORIENTED_EDGE('',*,*,#5787,.T.);
#5787 = EDGE_CURVE('',#5780,#5780,#5788,.T.);
#5788 = CIRCLE('',#5789,1.);
#5789 = AXIS2_PLACEMENT_3D('',#5790,#5791,#5792);
#5790 = CARTESIAN_POINT('',(74.55,-125.62,6.));
#5791 = DIRECTION('',(0.,-1.,2.22044604925E-16));
#5792 = DIRECTION('',(-1.,0.,0.));
#5793 = ORIENTED_EDGE('',*,*,#5779,.T.);
#5794 = ORIENTED_EDGE('',*,*,#2113,.T.);
#5795 = CYLINDRICAL_SURFACE('',#5796,1.);
#5796 = AXIS2_PLACEMENT_3D('',#5797,#5798,#5799);
#5797 = CARTESIAN_POINT('',(74.55,-125.62,6.));
#5798 = DIRECTION('',(0.,1.,-2.22044604925E-16));
#5799 = DIRECTION('',(-1.,0.,0.));
#5800 = ADVANCED_FACE('',(#5801),#5813,.T.);
#5801 = FACE_BOUND('',#5802,.T.);
#5802 = EDGE_LOOP('',(#5803,#5804,#5811,#5812));
#5803 = ORIENTED_EDGE('',*,*,#2213,.F.);
#5804 = ORIENTED_EDGE('',*,*,#5805,.T.);
#5805 = EDGE_CURVE('',#2206,#2687,#5806,.T.);
#5806 = CIRCLE('',#5807,2.);
#5807 = AXIS2_PLACEMENT_3D('',#5808,#5809,#5810);
#5808 = CARTESIAN_POINT('',(245.5,-68.62,35.));
#5809 = DIRECTION('',(-1.,0.,0.));
#5810 = DIRECTION('',(0.,0.,1.));
#5811 = ORIENTED_EDGE('',*,*,#2686,.T.);
#5812 = ORIENTED_EDGE('',*,*,#2179,.T.);
#5813 = CYLINDRICAL_SURFACE('',#5814,2.);
#5814 = AXIS2_PLACEMENT_3D('',#5815,#5816,#5817);
#5815 = CARTESIAN_POINT('',(247.5,-68.62,35.));
#5816 = DIRECTION('',(-1.,0.,0.));
#5817 = DIRECTION('',(0.,0.,1.));
#5818 = ADVANCED_FACE('',(#5819),#5844,.F.);
#5819 = FACE_BOUND('',#5820,.F.);
#5820 = EDGE_LOOP('',(#5821,#5829,#5837,#5843));
#5821 = ORIENTED_EDGE('',*,*,#5822,.T.);
#5822 = EDGE_CURVE('',#2222,#5823,#5825,.T.);
#5823 = VERTEX_POINT('',#5824);
#5824 = CARTESIAN_POINT('',(76.5307999,-113.62,36.));
#5825 = LINE('',#5826,#5827);
#5826 = CARTESIAN_POINT('',(76.5307999,-113.62,37.));
#5827 = VECTOR('',#5828,1.);
#5828 = DIRECTION('',(-0.,-0.,-1.));
#5829 = ORIENTED_EDGE('',*,*,#5830,.T.);
#5830 = EDGE_CURVE('',#5823,#5831,#5833,.T.);
#5831 = VERTEX_POINT('',#5832);
#5832 = CARTESIAN_POINT('',(74.5307999,-113.62,36.));
#5833 = LINE('',#5834,#5835);
#5834 = CARTESIAN_POINT('',(76.5307999,-113.62,36.));
#5835 = VECTOR('',#5836,1.);
#5836 = DIRECTION('',(-1.,0.,0.));
#5837 = ORIENTED_EDGE('',*,*,#5838,.F.);
#5838 = EDGE_CURVE('',#2224,#5831,#5839,.T.);
#5839 = LINE('',#5840,#5841);
#5840 = CARTESIAN_POINT('',(74.5307999,-113.62,37.));
#5841 = VECTOR('',#5842,1.);
#5842 = DIRECTION('',(-0.,-0.,-1.));
#5843 = ORIENTED_EDGE('',*,*,#2221,.F.);
#5844 = PLANE('',#5845);
#5845 = AXIS2_PLACEMENT_3D('',#5846,#5847,#5848);
#5846 = CARTESIAN_POINT('',(76.5307999,-113.62,37.));
#5847 = DIRECTION('',(0.,1.,0.));
#5848 = DIRECTION('',(-1.,0.,0.));
#5849 = ADVANCED_FACE('',(#5850),#5868,.F.);
#5850 = FACE_BOUND('',#5851,.F.);
#5851 = EDGE_LOOP('',(#5852,#5853,#5861,#5867));
#5852 = ORIENTED_EDGE('',*,*,#5838,.T.);
#5853 = ORIENTED_EDGE('',*,*,#5854,.T.);
#5854 = EDGE_CURVE('',#5831,#5855,#5857,.T.);
#5855 = VERTEX_POINT('',#5856);
#5856 = CARTESIAN_POINT('',(74.5307999,-116.62,36.));
#5857 = LINE('',#5858,#5859);
#5858 = CARTESIAN_POINT('',(74.5307999,-113.62,36.));
#5859 = VECTOR('',#5860,1.);
#5860 = DIRECTION('',(0.,-1.,0.));
#5861 = ORIENTED_EDGE('',*,*,#5862,.F.);
#5862 = EDGE_CURVE('',#2304,#5855,#5863,.T.);
#5863 = LINE('',#5864,#5865);
#5864 = CARTESIAN_POINT('',(74.5307999,-116.62,37.));
#5865 = VECTOR('',#5866,1.);
#5866 = DIRECTION('',(-0.,-0.,-1.));
#5867 = ORIENTED_EDGE('',*,*,#2311,.F.);
#5868 = PLANE('',#5869);
#5869 = AXIS2_PLACEMENT_3D('',#5870,#5871,#5872);
#5870 = CARTESIAN_POINT('',(74.5307999,-113.62,37.));
#5871 = DIRECTION('',(-1.,0.,0.));
#5872 = DIRECTION('',(0.,-1.,0.));
#5873 = ADVANCED_FACE('',(#5874),#5892,.F.);
#5874 = FACE_BOUND('',#5875,.F.);
#5875 = EDGE_LOOP('',(#5876,#5877,#5885,#5891));
#5876 = ORIENTED_EDGE('',*,*,#5862,.T.);
#5877 = ORIENTED_EDGE('',*,*,#5878,.T.);
#5878 = EDGE_CURVE('',#5855,#5879,#5881,.T.);
#5879 = VERTEX_POINT('',#5880);
#5880 = CARTESIAN_POINT('',(71.5307999,-116.62,36.));
#5881 = LINE('',#5882,#5883);
#5882 = CARTESIAN_POINT('',(74.5307999,-116.62,36.));
#5883 = VECTOR('',#5884,1.);
#5884 = DIRECTION('',(-1.,0.,0.));
#5885 = ORIENTED_EDGE('',*,*,#5886,.F.);
#5886 = EDGE_CURVE('',#2296,#5879,#5887,.T.);
#5887 = LINE('',#5888,#5889);
#5888 = CARTESIAN_POINT('',(71.5307999,-116.62,37.));
#5889 = VECTOR('',#5890,1.);
#5890 = DIRECTION('',(-0.,-0.,-1.));
#5891 = ORIENTED_EDGE('',*,*,#2303,.F.);
#5892 = PLANE('',#5893);
#5893 = AXIS2_PLACEMENT_3D('',#5894,#5895,#5896);
#5894 = CARTESIAN_POINT('',(74.5307999,-116.62,37.));
#5895 = DIRECTION('',(0.,1.,0.));
#5896 = DIRECTION('',(-1.,0.,0.));
#5897 = ADVANCED_FACE('',(#5898),#5916,.F.);
#5898 = FACE_BOUND('',#5899,.F.);
#5899 = EDGE_LOOP('',(#5900,#5901,#5909,#5915));
#5900 = ORIENTED_EDGE('',*,*,#5886,.T.);
#5901 = ORIENTED_EDGE('',*,*,#5902,.T.);
#5902 = EDGE_CURVE('',#5879,#5903,#5905,.T.);
#5903 = VERTEX_POINT('',#5904);
#5904 = CARTESIAN_POINT('',(71.5307999,-118.62,36.));
#5905 = LINE('',#5906,#5907);
#5906 = CARTESIAN_POINT('',(71.5307999,-116.62,36.));
#5907 = VECTOR('',#5908,1.);
#5908 = DIRECTION('',(0.,-1.,0.));
#5909 = ORIENTED_EDGE('',*,*,#5910,.F.);
#5910 = EDGE_CURVE('',#2288,#5903,#5911,.T.);
#5911 = LINE('',#5912,#5913);
#5912 = CARTESIAN_POINT('',(71.5307999,-118.62,37.));
#5913 = VECTOR('',#5914,1.);
#5914 = DIRECTION('',(-0.,-0.,-1.));
#5915 = ORIENTED_EDGE('',*,*,#2295,.F.);
#5916 = PLANE('',#5917);
#5917 = AXIS2_PLACEMENT_3D('',#5918,#5919,#5920);
#5918 = CARTESIAN_POINT('',(71.5307999,-116.62,37.));
#5919 = DIRECTION('',(-1.,0.,0.));
#5920 = DIRECTION('',(0.,-1.,0.));
#5921 = ADVANCED_FACE('',(#5922),#5940,.F.);
#5922 = FACE_BOUND('',#5923,.F.);
#5923 = EDGE_LOOP('',(#5924,#5925,#5933,#5939));
#5924 = ORIENTED_EDGE('',*,*,#5910,.T.);
#5925 = ORIENTED_EDGE('',*,*,#5926,.T.);
#5926 = EDGE_CURVE('',#5903,#5927,#5929,.T.);
#5927 = VERTEX_POINT('',#5928);
#5928 = CARTESIAN_POINT('',(74.5307999,-118.62,36.));
#5929 = LINE('',#5930,#5931);
#5930 = CARTESIAN_POINT('',(71.5307999,-118.62,36.));
#5931 = VECTOR('',#5932,1.);
#5932 = DIRECTION('',(1.,0.,0.));
#5933 = ORIENTED_EDGE('',*,*,#5934,.F.);
#5934 = EDGE_CURVE('',#2280,#5927,#5935,.T.);
#5935 = LINE('',#5936,#5937);
#5936 = CARTESIAN_POINT('',(74.5307999,-118.62,37.));
#5937 = VECTOR('',#5938,1.);
#5938 = DIRECTION('',(-0.,-0.,-1.));
#5939 = ORIENTED_EDGE('',*,*,#2287,.F.);
#5940 = PLANE('',#5941);
#5941 = AXIS2_PLACEMENT_3D('',#5942,#5943,#5944);
#5942 = CARTESIAN_POINT('',(71.5307999,-118.62,37.));
#5943 = DIRECTION('',(0.,-1.,0.));
#5944 = DIRECTION('',(1.,0.,0.));
#5945 = ADVANCED_FACE('',(#5946),#5964,.F.);
#5946 = FACE_BOUND('',#5947,.F.);
#5947 = EDGE_LOOP('',(#5948,#5949,#5957,#5963));
#5948 = ORIENTED_EDGE('',*,*,#5934,.T.);
#5949 = ORIENTED_EDGE('',*,*,#5950,.T.);
#5950 = EDGE_CURVE('',#5927,#5951,#5953,.T.);
#5951 = VERTEX_POINT('',#5952);
#5952 = CARTESIAN_POINT('',(74.5307999,-121.62,36.));
#5953 = LINE('',#5954,#5955);
#5954 = CARTESIAN_POINT('',(74.5307999,-118.62,36.));
#5955 = VECTOR('',#5956,1.);
#5956 = DIRECTION('',(0.,-1.,0.));
#5957 = ORIENTED_EDGE('',*,*,#5958,.F.);
#5958 = EDGE_CURVE('',#2272,#5951,#5959,.T.);
#5959 = LINE('',#5960,#5961);
#5960 = CARTESIAN_POINT('',(74.5307999,-121.62,37.));
#5961 = VECTOR('',#5962,1.);
#5962 = DIRECTION('',(-0.,-0.,-1.));
#5963 = ORIENTED_EDGE('',*,*,#2279,.F.);
#5964 = PLANE('',#5965);
#5965 = AXIS2_PLACEMENT_3D('',#5966,#5967,#5968);
#5966 = CARTESIAN_POINT('',(74.5307999,-118.62,37.));
#5967 = DIRECTION('',(-1.,0.,0.));
#5968 = DIRECTION('',(0.,-1.,0.));
#5969 = ADVANCED_FACE('',(#5970),#5988,.F.);
#5970 = FACE_BOUND('',#5971,.F.);
#5971 = EDGE_LOOP('',(#5972,#5973,#5981,#5987));
#5972 = ORIENTED_EDGE('',*,*,#5958,.T.);
#5973 = ORIENTED_EDGE('',*,*,#5974,.T.);
#5974 = EDGE_CURVE('',#5951,#5975,#5977,.T.);
#5975 = VERTEX_POINT('',#5976);
#5976 = CARTESIAN_POINT('',(76.5307999,-121.62,36.));
#5977 = LINE('',#5978,#5979);
#5978 = CARTESIAN_POINT('',(74.5307999,-121.62,36.));
#5979 = VECTOR('',#5980,1.);
#5980 = DIRECTION('',(1.,0.,0.));
#5981 = ORIENTED_EDGE('',*,*,#5982,.F.);
#5982 = EDGE_CURVE('',#2264,#5975,#5983,.T.);
#5983 = LINE('',#5984,#5985);
#5984 = CARTESIAN_POINT('',(76.5307999,-121.62,37.));
#5985 = VECTOR('',#5986,1.);
#5986 = DIRECTION('',(-0.,-0.,-1.));
#5987 = ORIENTED_EDGE('',*,*,#2271,.F.);
#5988 = PLANE('',#5989);
#5989 = AXIS2_PLACEMENT_3D('',#5990,#5991,#5992);
#5990 = CARTESIAN_POINT('',(74.5307999,-121.62,37.));
#5991 = DIRECTION('',(0.,-1.,0.));
#5992 = DIRECTION('',(1.,0.,0.));
#5993 = ADVANCED_FACE('',(#5994),#6012,.T.);
#5994 = FACE_BOUND('',#5995,.T.);
#5995 = EDGE_LOOP('',(#5996,#6004,#6010,#6011));
#5996 = ORIENTED_EDGE('',*,*,#5997,.T.);
#5997 = EDGE_CURVE('',#2256,#5998,#6000,.T.);
#5998 = VERTEX_POINT('',#5999);
#5999 = CARTESIAN_POINT('',(76.5307999,-118.62,36.));
#6000 = LINE('',#6001,#6002);
#6001 = CARTESIAN_POINT('',(76.5307999,-118.62,37.));
#6002 = VECTOR('',#6003,1.);
#6003 = DIRECTION('',(-0.,-0.,-1.));
#6004 = ORIENTED_EDGE('',*,*,#6005,.T.);
#6005 = EDGE_CURVE('',#5998,#5975,#6006,.T.);
#6006 = LINE('',#6007,#6008);
#6007 = CARTESIAN_POINT('',(76.5307999,-118.62,36.));
#6008 = VECTOR('',#6009,1.);
#6009 = DIRECTION('',(0.,-1.,0.));
#6010 = ORIENTED_EDGE('',*,*,#5982,.F.);
#6011 = ORIENTED_EDGE('',*,*,#2263,.F.);
#6012 = PLANE('',#6013);
#6013 = AXIS2_PLACEMENT_3D('',#6014,#6015,#6016);
#6014 = CARTESIAN_POINT('',(76.5307999,-118.62,37.));
#6015 = DIRECTION('',(-1.,0.,0.));
#6016 = DIRECTION('',(0.,-1.,0.));
#6017 = ADVANCED_FACE('',(#6018),#6036,.F.);
#6018 = FACE_BOUND('',#6019,.F.);
#6019 = EDGE_LOOP('',(#6020,#6021,#6029,#6035));
#6020 = ORIENTED_EDGE('',*,*,#5997,.T.);
#6021 = ORIENTED_EDGE('',*,*,#6022,.T.);
#6022 = EDGE_CURVE('',#5998,#6023,#6025,.T.);
#6023 = VERTEX_POINT('',#6024);
#6024 = CARTESIAN_POINT('',(79.5307999,-118.62,36.));
#6025 = LINE('',#6026,#6027);
#6026 = CARTESIAN_POINT('',(76.5307999,-118.62,36.));
#6027 = VECTOR('',#6028,1.);
#6028 = DIRECTION('',(1.,0.,0.));
#6029 = ORIENTED_EDGE('',*,*,#6030,.F.);
#6030 = EDGE_CURVE('',#2248,#6023,#6031,.T.);
#6031 = LINE('',#6032,#6033);
#6032 = CARTESIAN_POINT('',(79.5307999,-118.62,37.));
#6033 = VECTOR('',#6034,1.);
#6034 = DIRECTION('',(-0.,-0.,-1.));
#6035 = ORIENTED_EDGE('',*,*,#2255,.F.);
#6036 = PLANE('',#6037);
#6037 = AXIS2_PLACEMENT_3D('',#6038,#6039,#6040);
#6038 = CARTESIAN_POINT('',(76.5307999,-118.62,37.));
#6039 = DIRECTION('',(0.,-1.,0.));
#6040 = DIRECTION('',(1.,0.,0.));
#6041 = ADVANCED_FACE('',(#6042),#6060,.F.);
#6042 = FACE_BOUND('',#6043,.F.);
#6043 = EDGE_LOOP('',(#6044,#6045,#6053,#6059));
#6044 = ORIENTED_EDGE('',*,*,#6030,.T.);
#6045 = ORIENTED_EDGE('',*,*,#6046,.T.);
#6046 = EDGE_CURVE('',#6023,#6047,#6049,.T.);
#6047 = VERTEX_POINT('',#6048);
#6048 = CARTESIAN_POINT('',(79.5307999,-116.62,36.));
#6049 = LINE('',#6050,#6051);
#6050 = CARTESIAN_POINT('',(79.5307999,-118.62,36.));
#6051 = VECTOR('',#6052,1.);
#6052 = DIRECTION('',(0.,1.,0.));
#6053 = ORIENTED_EDGE('',*,*,#6054,.F.);
#6054 = EDGE_CURVE('',#2240,#6047,#6055,.T.);
#6055 = LINE('',#6056,#6057);
#6056 = CARTESIAN_POINT('',(79.5307999,-116.62,37.));
#6057 = VECTOR('',#6058,1.);
#6058 = DIRECTION('',(-0.,-0.,-1.));
#6059 = ORIENTED_EDGE('',*,*,#2247,.F.);
#6060 = PLANE('',#6061);
#6061 = AXIS2_PLACEMENT_3D('',#6062,#6063,#6064);
#6062 = CARTESIAN_POINT('',(79.5307999,-118.62,37.));
#6063 = DIRECTION('',(1.,0.,0.));
#6064 = DIRECTION('',(0.,1.,0.));
#6065 = ADVANCED_FACE('',(#6066),#6084,.F.);
#6066 = FACE_BOUND('',#6067,.F.);
#6067 = EDGE_LOOP('',(#6068,#6069,#6077,#6083));
#6068 = ORIENTED_EDGE('',*,*,#6054,.T.);
#6069 = ORIENTED_EDGE('',*,*,#6070,.T.);
#6070 = EDGE_CURVE('',#6047,#6071,#6073,.T.);
#6071 = VERTEX_POINT('',#6072);
#6072 = CARTESIAN_POINT('',(76.5307999,-116.62,36.));
#6073 = LINE('',#6074,#6075);
#6074 = CARTESIAN_POINT('',(79.5307999,-116.62,36.));
#6075 = VECTOR('',#6076,1.);
#6076 = DIRECTION('',(-1.,0.,0.));
#6077 = ORIENTED_EDGE('',*,*,#6078,.F.);
#6078 = EDGE_CURVE('',#2232,#6071,#6079,.T.);
#6079 = LINE('',#6080,#6081);
#6080 = CARTESIAN_POINT('',(76.5307999,-116.62,37.));
#6081 = VECTOR('',#6082,1.);
#6082 = DIRECTION('',(-0.,-0.,-1.));
#6083 = ORIENTED_EDGE('',*,*,#2239,.F.);
#6084 = PLANE('',#6085);
#6085 = AXIS2_PLACEMENT_3D('',#6086,#6087,#6088);
#6086 = CARTESIAN_POINT('',(79.5307999,-116.62,37.));
#6087 = DIRECTION('',(0.,1.,0.));
#6088 = DIRECTION('',(-1.,0.,0.));
#6089 = ADVANCED_FACE('',(#6090),#6101,.T.);
#6090 = FACE_BOUND('',#6091,.T.);
#6091 = EDGE_LOOP('',(#6092,#6093,#6099,#6100));
#6092 = ORIENTED_EDGE('',*,*,#5822,.T.);
#6093 = ORIENTED_EDGE('',*,*,#6094,.T.);
#6094 = EDGE_CURVE('',#5823,#6071,#6095,.T.);
#6095 = LINE('',#6096,#6097);
#6096 = CARTESIAN_POINT('',(76.5307999,-113.62,36.));
#6097 = VECTOR('',#6098,1.);
#6098 = DIRECTION('',(0.,-1.,0.));
#6099 = ORIENTED_EDGE('',*,*,#6078,.F.);
#6100 = ORIENTED_EDGE('',*,*,#2231,.F.);
#6101 = PLANE('',#6102);
#6102 = AXIS2_PLACEMENT_3D('',#6103,#6104,#6105);
#6103 = CARTESIAN_POINT('',(76.5307999,-113.62,37.));
#6104 = DIRECTION('',(-1.,0.,0.));
#6105 = DIRECTION('',(0.,-1.,0.));
#6106 = ADVANCED_FACE('',(#6107),#6118,.F.);
#6107 = FACE_BOUND('',#6108,.F.);
#6108 = EDGE_LOOP('',(#6109,#6110,#6116,#6117));
#6109 = ORIENTED_EDGE('',*,*,#2319,.F.);
#6110 = ORIENTED_EDGE('',*,*,#6111,.T.);
#6111 = EDGE_CURVE('',#2320,#5514,#6112,.T.);
#6112 = LINE('',#6113,#6114);
#6113 = CARTESIAN_POINT('',(82.802628,-110.843498,37.));
#6114 = VECTOR('',#6115,1.);
#6115 = DIRECTION('',(-0.,-0.,-1.));
#6116 = ORIENTED_EDGE('',*,*,#5513,.T.);
#6117 = ORIENTED_EDGE('',*,*,#6111,.F.);
#6118 = CYLINDRICAL_SURFACE('',#6119,2.);
#6119 = AXIS2_PLACEMENT_3D('',#6120,#6121,#6122);
#6120 = CARTESIAN_POINT('',(80.802628,-110.843498,37.));
#6121 = DIRECTION('',(0.,0.,1.));
#6122 = DIRECTION('',(1.,0.,0.));
#6123 = ADVANCED_FACE('',(#6124),#6140,.F.);
#6124 = FACE_BOUND('',#6125,.F.);
#6125 = EDGE_LOOP('',(#6126,#6127,#6133,#6134));
#6126 = ORIENTED_EDGE('',*,*,#2330,.F.);
#6127 = ORIENTED_EDGE('',*,*,#6128,.T.);
#6128 = EDGE_CURVE('',#2331,#5525,#6129,.T.);
#6129 = LINE('',#6130,#6131);
#6130 = CARTESIAN_POINT('',(87.5,-116.1663345811,37.));
#6131 = VECTOR('',#6132,1.);
#6132 = DIRECTION('',(-0.,-0.,-1.));
#6133 = ORIENTED_EDGE('',*,*,#5524,.T.);
#6134 = ORIENTED_EDGE('',*,*,#6135,.F.);
#6135 = EDGE_CURVE('',#2333,#5527,#6136,.T.);
#6136 = LINE('',#6137,#6138);
#6137 = CARTESIAN_POINT('',(87.5,-120.1663345811,37.));
#6138 = VECTOR('',#6139,1.);
#6139 = DIRECTION('',(-0.,-0.,-1.));
#6140 = CYLINDRICAL_SURFACE('',#6141,2.);
#6141 = AXIS2_PLACEMENT_3D('',#6142,#6143,#6144);
#6142 = CARTESIAN_POINT('',(87.5,-118.1663345811,37.));
#6143 = DIRECTION('',(0.,0.,1.));
#6144 = DIRECTION('',(1.,0.,0.));
#6145 = ADVANCED_FACE('',(#6146),#6157,.T.);
#6146 = FACE_BOUND('',#6147,.T.);
#6147 = EDGE_LOOP('',(#6148,#6149,#6150,#6151));
#6148 = ORIENTED_EDGE('',*,*,#2341,.F.);
#6149 = ORIENTED_EDGE('',*,*,#6128,.T.);
#6150 = ORIENTED_EDGE('',*,*,#5535,.T.);
#6151 = ORIENTED_EDGE('',*,*,#6152,.F.);
#6152 = EDGE_CURVE('',#2342,#5536,#6153,.T.);
#6153 = LINE('',#6154,#6155);
#6154 = CARTESIAN_POINT('',(205.5,-116.1663345811,37.));
#6155 = VECTOR('',#6156,1.);
#6156 = DIRECTION('',(-0.,-0.,-1.));
#6157 = PLANE('',#6158);
#6158 = AXIS2_PLACEMENT_3D('',#6159,#6160,#6161);
#6159 = CARTESIAN_POINT('',(87.5,-116.1663345811,37.));
#6160 = DIRECTION('',(0.,-1.,0.));
#6161 = DIRECTION('',(1.,0.,0.));
#6162 = ADVANCED_FACE('',(#6163),#6174,.F.);
#6163 = FACE_BOUND('',#6164,.F.);
#6164 = EDGE_LOOP('',(#6165,#6166,#6167,#6168));
#6165 = ORIENTED_EDGE('',*,*,#2358,.F.);
#6166 = ORIENTED_EDGE('',*,*,#6135,.T.);
#6167 = ORIENTED_EDGE('',*,*,#5552,.T.);
#6168 = ORIENTED_EDGE('',*,*,#6169,.F.);
#6169 = EDGE_CURVE('',#2350,#5544,#6170,.T.);
#6170 = LINE('',#6171,#6172);
#6171 = CARTESIAN_POINT('',(205.5,-120.1663345811,37.));
#6172 = VECTOR('',#6173,1.);
#6173 = DIRECTION('',(-0.,-0.,-1.));
#6174 = PLANE('',#6175);
#6175 = AXIS2_PLACEMENT_3D('',#6176,#6177,#6178);
#6176 = CARTESIAN_POINT('',(87.5,-120.1663345811,37.));
#6177 = DIRECTION('',(0.,-1.,0.));
#6178 = DIRECTION('',(1.,0.,0.));
#6179 = ADVANCED_FACE('',(#6180),#6186,.F.);
#6180 = FACE_BOUND('',#6181,.F.);
#6181 = EDGE_LOOP('',(#6182,#6183,#6184,#6185));
#6182 = ORIENTED_EDGE('',*,*,#2349,.F.);
#6183 = ORIENTED_EDGE('',*,*,#6169,.T.);
#6184 = ORIENTED_EDGE('',*,*,#5543,.T.);
#6185 = ORIENTED_EDGE('',*,*,#6152,.F.);
#6186 = CYLINDRICAL_SURFACE('',#6187,2.);
#6187 = AXIS2_PLACEMENT_3D('',#6188,#6189,#6190);
#6188 = CARTESIAN_POINT('',(205.5,-118.1663345811,37.));
#6189 = DIRECTION('',(0.,0.,1.));
#6190 = DIRECTION('',(1.,0.,0.));
#6191 = ADVANCED_FACE('',(#6192),#6208,.F.);
#6192 = FACE_BOUND('',#6193,.F.);
#6193 = EDGE_LOOP('',(#6194,#6195,#6201,#6202));
#6194 = ORIENTED_EDGE('',*,*,#2366,.F.);
#6195 = ORIENTED_EDGE('',*,*,#6196,.T.);
#6196 = EDGE_CURVE('',#2367,#5561,#6197,.T.);
#6197 = LINE('',#6198,#6199);
#6198 = CARTESIAN_POINT('',(87.5,-108.1663345811,37.));
#6199 = VECTOR('',#6200,1.);
#6200 = DIRECTION('',(-0.,-0.,-1.));
#6201 = ORIENTED_EDGE('',*,*,#5560,.T.);
#6202 = ORIENTED_EDGE('',*,*,#6203,.F.);
#6203 = EDGE_CURVE('',#2369,#5563,#6204,.T.);
#6204 = LINE('',#6205,#6206);
#6205 = CARTESIAN_POINT('',(87.5,-112.1663345811,37.));
#6206 = VECTOR('',#6207,1.);
#6207 = DIRECTION('',(-0.,-0.,-1.));
#6208 = CYLINDRICAL_SURFACE('',#6209,2.);
#6209 = AXIS2_PLACEMENT_3D('',#6210,#6211,#6212);
#6210 = CARTESIAN_POINT('',(87.5,-110.1663345811,37.));
#6211 = DIRECTION('',(0.,0.,1.));
#6212 = DIRECTION('',(1.,0.,0.));
#6213 = ADVANCED_FACE('',(#6214),#6225,.T.);
#6214 = FACE_BOUND('',#6215,.T.);
#6215 = EDGE_LOOP('',(#6216,#6217,#6218,#6219));
#6216 = ORIENTED_EDGE('',*,*,#2377,.F.);
#6217 = ORIENTED_EDGE('',*,*,#6196,.T.);
#6218 = ORIENTED_EDGE('',*,*,#5571,.T.);
#6219 = ORIENTED_EDGE('',*,*,#6220,.F.);
#6220 = EDGE_CURVE('',#2378,#5572,#6221,.T.);
#6221 = LINE('',#6222,#6223);
#6222 = CARTESIAN_POINT('',(205.5,-108.1663345811,37.));
#6223 = VECTOR('',#6224,1.);
#6224 = DIRECTION('',(-0.,-0.,-1.));
#6225 = PLANE('',#6226);
#6226 = AXIS2_PLACEMENT_3D('',#6227,#6228,#6229);
#6227 = CARTESIAN_POINT('',(87.5,-108.1663345811,37.));
#6228 = DIRECTION('',(0.,-1.,0.));
#6229 = DIRECTION('',(1.,0.,0.));
#6230 = ADVANCED_FACE('',(#6231),#6242,.F.);
#6231 = FACE_BOUND('',#6232,.F.);
#6232 = EDGE_LOOP('',(#6233,#6234,#6235,#6236));
#6233 = ORIENTED_EDGE('',*,*,#2394,.F.);
#6234 = ORIENTED_EDGE('',*,*,#6203,.T.);
#6235 = ORIENTED_EDGE('',*,*,#5588,.T.);
#6236 = ORIENTED_EDGE('',*,*,#6237,.F.);
#6237 = EDGE_CURVE('',#2386,#5580,#6238,.T.);
#6238 = LINE('',#6239,#6240);
#6239 = CARTESIAN_POINT('',(205.5,-112.1663345811,37.));
#6240 = VECTOR('',#6241,1.);
#6241 = DIRECTION('',(-0.,-0.,-1.));
#6242 = PLANE('',#6243);
#6243 = AXIS2_PLACEMENT_3D('',#6244,#6245,#6246);
#6244 = CARTESIAN_POINT('',(87.5,-112.1663345811,37.));
#6245 = DIRECTION('',(0.,-1.,0.));
#6246 = DIRECTION('',(1.,0.,0.));
#6247 = ADVANCED_FACE('',(#6248),#6254,.F.);
#6248 = FACE_BOUND('',#6249,.F.);
#6249 = EDGE_LOOP('',(#6250,#6251,#6252,#6253));
#6250 = ORIENTED_EDGE('',*,*,#2385,.F.);
#6251 = ORIENTED_EDGE('',*,*,#6237,.T.);
#6252 = ORIENTED_EDGE('',*,*,#5579,.T.);
#6253 = ORIENTED_EDGE('',*,*,#6220,.F.);
#6254 = CYLINDRICAL_SURFACE('',#6255,2.);
#6255 = AXIS2_PLACEMENT_3D('',#6256,#6257,#6258);
#6256 = CARTESIAN_POINT('',(205.5,-110.1663345811,37.));
#6257 = DIRECTION('',(0.,0.,1.));
#6258 = DIRECTION('',(1.,0.,0.));
#6259 = ADVANCED_FACE('',(#6260),#6271,.F.);
#6260 = FACE_BOUND('',#6261,.F.);
#6261 = EDGE_LOOP('',(#6262,#6263,#6269,#6270));
#6262 = ORIENTED_EDGE('',*,*,#2402,.F.);
#6263 = ORIENTED_EDGE('',*,*,#6264,.T.);
#6264 = EDGE_CURVE('',#2403,#5597,#6265,.T.);
#6265 = LINE('',#6266,#6267);
#6266 = CARTESIAN_POINT('',(82.802628,-105.843498,37.));
#6267 = VECTOR('',#6268,1.);
#6268 = DIRECTION('',(-0.,-0.,-1.));
#6269 = ORIENTED_EDGE('',*,*,#5596,.T.);
#6270 = ORIENTED_EDGE('',*,*,#6264,.F.);
#6271 = CYLINDRICAL_SURFACE('',#6272,2.);
#6272 = AXIS2_PLACEMENT_3D('',#6273,#6274,#6275);
#6273 = CARTESIAN_POINT('',(80.802628,-105.843498,37.));
#6274 = DIRECTION('',(0.,0.,1.));
#6275 = DIRECTION('',(1.,0.,0.));
#6276 = ADVANCED_FACE('',(#6277),#6293,.F.);
#6277 = FACE_BOUND('',#6278,.F.);
#6278 = EDGE_LOOP('',(#6279,#6280,#6286,#6287));
#6279 = ORIENTED_EDGE('',*,*,#2413,.F.);
#6280 = ORIENTED_EDGE('',*,*,#6281,.T.);
#6281 = EDGE_CURVE('',#2414,#5608,#6282,.T.);
#6282 = LINE('',#6283,#6284);
#6283 = CARTESIAN_POINT('',(87.5,-100.1663345811,37.));
#6284 = VECTOR('',#6285,1.);
#6285 = DIRECTION('',(-0.,-0.,-1.));
#6286 = ORIENTED_EDGE('',*,*,#5607,.T.);
#6287 = ORIENTED_EDGE('',*,*,#6288,.F.);
#6288 = EDGE_CURVE('',#2416,#5610,#6289,.T.);
#6289 = LINE('',#6290,#6291);
#6290 = CARTESIAN_POINT('',(87.5,-104.1663345811,37.));
#6291 = VECTOR('',#6292,1.);
#6292 = DIRECTION('',(-0.,-0.,-1.));
#6293 = CYLINDRICAL_SURFACE('',#6294,2.);
#6294 = AXIS2_PLACEMENT_3D('',#6295,#6296,#6297);
#6295 = CARTESIAN_POINT('',(87.5,-102.1663345811,37.));
#6296 = DIRECTION('',(0.,0.,1.));
#6297 = DIRECTION('',(1.,0.,0.));
#6298 = ADVANCED_FACE('',(#6299),#6310,.T.);
#6299 = FACE_BOUND('',#6300,.T.);
#6300 = EDGE_LOOP('',(#6301,#6302,#6303,#6304));
#6301 = ORIENTED_EDGE('',*,*,#2424,.F.);
#6302 = ORIENTED_EDGE('',*,*,#6281,.T.);
#6303 = ORIENTED_EDGE('',*,*,#5618,.T.);
#6304 = ORIENTED_EDGE('',*,*,#6305,.F.);
#6305 = EDGE_CURVE('',#2425,#5619,#6306,.T.);
#6306 = LINE('',#6307,#6308);
#6307 = CARTESIAN_POINT('',(144.5,-100.1663345811,37.));
#6308 = VECTOR('',#6309,1.);
#6309 = DIRECTION('',(-0.,-0.,-1.));
#6310 = PLANE('',#6311);
#6311 = AXIS2_PLACEMENT_3D('',#6312,#6313,#6314);
#6312 = CARTESIAN_POINT('',(87.5,-100.1663345811,37.));
#6313 = DIRECTION('',(0.,-1.,0.));
#6314 = DIRECTION('',(1.,0.,0.));
#6315 = ADVANCED_FACE('',(#6316),#6327,.F.);
#6316 = FACE_BOUND('',#6317,.F.);
#6317 = EDGE_LOOP('',(#6318,#6319,#6320,#6321));
#6318 = ORIENTED_EDGE('',*,*,#2441,.F.);
#6319 = ORIENTED_EDGE('',*,*,#6288,.T.);
#6320 = ORIENTED_EDGE('',*,*,#5635,.T.);
#6321 = ORIENTED_EDGE('',*,*,#6322,.F.);
#6322 = EDGE_CURVE('',#2433,#5627,#6323,.T.);
#6323 = LINE('',#6324,#6325);
#6324 = CARTESIAN_POINT('',(144.5,-104.1663345811,37.));
#6325 = VECTOR('',#6326,1.);
#6326 = DIRECTION('',(-0.,-0.,-1.));
#6327 = PLANE('',#6328);
#6328 = AXIS2_PLACEMENT_3D('',#6329,#6330,#6331);
#6329 = CARTESIAN_POINT('',(87.5,-104.1663345811,37.));
#6330 = DIRECTION('',(0.,-1.,0.));
#6331 = DIRECTION('',(1.,0.,0.));
#6332 = ADVANCED_FACE('',(#6333),#6339,.F.);
#6333 = FACE_BOUND('',#6334,.F.);
#6334 = EDGE_LOOP('',(#6335,#6336,#6337,#6338));
#6335 = ORIENTED_EDGE('',*,*,#2432,.F.);
#6336 = ORIENTED_EDGE('',*,*,#6322,.T.);
#6337 = ORIENTED_EDGE('',*,*,#5626,.T.);
#6338 = ORIENTED_EDGE('',*,*,#6305,.F.);
#6339 = CYLINDRICAL_SURFACE('',#6340,2.);
#6340 = AXIS2_PLACEMENT_3D('',#6341,#6342,#6343);
#6341 = CARTESIAN_POINT('',(144.5,-102.1663345811,37.));
#6342 = DIRECTION('',(0.,0.,1.));
#6343 = DIRECTION('',(1.,0.,0.));
#6344 = ADVANCED_FACE('',(#6345),#6370,.F.);
#6345 = FACE_BOUND('',#6346,.F.);
#6346 = EDGE_LOOP('',(#6347,#6355,#6363,#6369));
#6347 = ORIENTED_EDGE('',*,*,#6348,.T.);
#6348 = EDGE_CURVE('',#2450,#6349,#6351,.T.);
#6349 = VERTEX_POINT('',#6350);
#6350 = CARTESIAN_POINT('',(72.1426,-85.6515,36.));
#6351 = LINE('',#6352,#6353);
#6352 = CARTESIAN_POINT('',(72.1426,-85.6515,37.));
#6353 = VECTOR('',#6354,1.);
#6354 = DIRECTION('',(-0.,-0.,-1.));
#6355 = ORIENTED_EDGE('',*,*,#6356,.T.);
#6356 = EDGE_CURVE('',#6349,#6357,#6359,.T.);
#6357 = VERTEX_POINT('',#6358);
#6358 = CARTESIAN_POINT('',(70.936873327472,-97.04035293604,36.));
#6359 = LINE('',#6360,#6361);
#6360 = CARTESIAN_POINT('',(72.1426,-85.6515,36.));
#6361 = VECTOR('',#6362,1.);
#6362 = DIRECTION('',(-0.105280655788,-0.994442549128,0.));
#6363 = ORIENTED_EDGE('',*,*,#6364,.F.);
#6364 = EDGE_CURVE('',#2452,#6357,#6365,.T.);
#6365 = LINE('',#6366,#6367);
#6366 = CARTESIAN_POINT('',(70.936873327472,-97.04035293604,37.));
#6367 = VECTOR('',#6368,1.);
#6368 = DIRECTION('',(-0.,-0.,-1.));
#6369 = ORIENTED_EDGE('',*,*,#2449,.F.);
#6370 = PLANE('',#6371);
#6371 = AXIS2_PLACEMENT_3D('',#6372,#6373,#6374);
#6372 = CARTESIAN_POINT('',(72.1426,-85.6515,37.));
#6373 = DIRECTION('',(-0.994442549128,0.105280655788,0.));
#6374 = DIRECTION('',(-0.105280655788,-0.994442549128,0.));
#6375 = ADVANCED_FACE('',(#6376),#6394,.F.);
#6376 = FACE_BOUND('',#6377,.F.);
#6377 = EDGE_LOOP('',(#6378,#6379,#6387,#6393));
#6378 = ORIENTED_EDGE('',*,*,#6364,.T.);
#6379 = ORIENTED_EDGE('',*,*,#6380,.T.);
#6380 = EDGE_CURVE('',#6357,#6381,#6383,.T.);
#6381 = VERTEX_POINT('',#6382);
#6382 = CARTESIAN_POINT('',(75.240367683678,-95.66032612594,36.));
#6383 = LINE('',#6384,#6385);
#6384 = CARTESIAN_POINT('',(70.936873327472,-97.04035293604,36.));
#6385 = VECTOR('',#6386,1.);
#6386 = DIRECTION('',(0.952237149261,0.305359479248,0.));
#6387 = ORIENTED_EDGE('',*,*,#6388,.F.);
#6388 = EDGE_CURVE('',#2524,#6381,#6389,.T.);
#6389 = LINE('',#6390,#6391);
#6390 = CARTESIAN_POINT('',(75.240367683678,-95.66032612594,37.));
#6391 = VECTOR('',#6392,1.);
#6392 = DIRECTION('',(-0.,-0.,-1.));
#6393 = ORIENTED_EDGE('',*,*,#2531,.F.);
#6394 = PLANE('',#6395);
#6395 = AXIS2_PLACEMENT_3D('',#6396,#6397,#6398);
#6396 = CARTESIAN_POINT('',(70.936873327472,-97.04035293604,37.));
#6397 = DIRECTION('',(0.305359479248,-0.952237149261,0.));
#6398 = DIRECTION('',(0.952237149261,0.305359479248,0.));
#6399 = ADVANCED_FACE('',(#6400),#6418,.F.);
#6400 = FACE_BOUND('',#6401,.F.);
#6401 = EDGE_LOOP('',(#6402,#6403,#6411,#6417));
#6402 = ORIENTED_EDGE('',*,*,#6388,.T.);
#6403 = ORIENTED_EDGE('',*,*,#6404,.T.);
#6404 = EDGE_CURVE('',#6381,#6405,#6407,.T.);
#6405 = VERTEX_POINT('',#6406);
#6406 = CARTESIAN_POINT('',(73.147200362422,-104.1258369245,36.));
#6407 = LINE('',#6408,#6409);
#6408 = CARTESIAN_POINT('',(75.240367683678,-95.66032612594,36.));
#6409 = VECTOR('',#6410,1.);
#6410 = DIRECTION('',(-0.24002977768,-0.970765525669,0.));
#6411 = ORIENTED_EDGE('',*,*,#6412,.F.);
#6412 = EDGE_CURVE('',#2516,#6405,#6413,.T.);
#6413 = LINE('',#6414,#6415);
#6414 = CARTESIAN_POINT('',(73.147200362422,-104.1258369245,37.));
#6415 = VECTOR('',#6416,1.);
#6416 = DIRECTION('',(-0.,-0.,-1.));
#6417 = ORIENTED_EDGE('',*,*,#2523,.F.);
#6418 = PLANE('',#6419);
#6419 = AXIS2_PLACEMENT_3D('',#6420,#6421,#6422);
#6420 = CARTESIAN_POINT('',(75.240367683678,-95.66032612594,37.));
#6421 = DIRECTION('',(-0.970765525669,0.24002977768,0.));
#6422 = DIRECTION('',(-0.24002977768,-0.970765525669,0.));
#6423 = ADVANCED_FACE('',(#6424),#6442,.F.);
#6424 = FACE_BOUND('',#6425,.F.);
#6425 = EDGE_LOOP('',(#6426,#6427,#6435,#6441));
#6426 = ORIENTED_EDGE('',*,*,#6412,.T.);
#6427 = ORIENTED_EDGE('',*,*,#6428,.T.);
#6428 = EDGE_CURVE('',#6405,#6429,#6431,.T.);
#6429 = VERTEX_POINT('',#6430);
#6430 = CARTESIAN_POINT('',(72.114088,-103.15657,36.));
#6431 = LINE('',#6432,#6433);
#6432 = CARTESIAN_POINT('',(73.147200362422,-104.1258369245,36.));
#6433 = VECTOR('',#6434,1.);
#6434 = DIRECTION('',(-0.729282116187,0.684213121045,0.));
#6435 = ORIENTED_EDGE('',*,*,#6436,.F.);
#6436 = EDGE_CURVE('',#2508,#6429,#6437,.T.);
#6437 = LINE('',#6438,#6439);
#6438 = CARTESIAN_POINT('',(72.114088,-103.15657,37.));
#6439 = VECTOR('',#6440,1.);
#6440 = DIRECTION('',(-0.,-0.,-1.));
#6441 = ORIENTED_EDGE('',*,*,#2515,.F.);
#6442 = PLANE('',#6443);
#6443 = AXIS2_PLACEMENT_3D('',#6444,#6445,#6446);
#6444 = CARTESIAN_POINT('',(73.147200362422,-104.1258369245,37.));
#6445 = DIRECTION('',(0.684213121045,0.729282116187,0.));
#6446 = DIRECTION('',(-0.729282116187,0.684213121045,0.));
#6447 = ADVANCED_FACE('',(#6448),#6466,.F.);
#6448 = FACE_BOUND('',#6449,.F.);
#6449 = EDGE_LOOP('',(#6450,#6451,#6459,#6465));
#6450 = ORIENTED_EDGE('',*,*,#6436,.T.);
#6451 = ORIENTED_EDGE('',*,*,#6452,.T.);
#6452 = EDGE_CURVE('',#6429,#6453,#6455,.T.);
#6453 = VERTEX_POINT('',#6454);
#6454 = CARTESIAN_POINT('',(71.975688,-107.90877,36.));
#6455 = LINE('',#6456,#6457);
#6456 = CARTESIAN_POINT('',(72.114088,-103.15657,36.));
#6457 = VECTOR('',#6458,1.);
#6458 = DIRECTION('',(-2.911101047219E-02,-0.999576184725,0.));
#6459 = ORIENTED_EDGE('',*,*,#6460,.F.);
#6460 = EDGE_CURVE('',#2500,#6453,#6461,.T.);
#6461 = LINE('',#6462,#6463);
#6462 = CARTESIAN_POINT('',(71.975688,-107.90877,37.));
#6463 = VECTOR('',#6464,1.);
#6464 = DIRECTION('',(-0.,-0.,-1.));
#6465 = ORIENTED_EDGE('',*,*,#2507,.F.);
#6466 = PLANE('',#6467);
#6467 = AXIS2_PLACEMENT_3D('',#6468,#6469,#6470);
#6468 = CARTESIAN_POINT('',(72.114088,-103.15657,37.));
#6469 = DIRECTION('',(-0.999576184725,2.911101047219E-02,0.));
#6470 = DIRECTION('',(-2.911101047219E-02,-0.999576184725,0.));
#6471 = ADVANCED_FACE('',(#6472),#6490,.F.);
#6472 = FACE_BOUND('',#6473,.F.);
#6473 = EDGE_LOOP('',(#6474,#6475,#6483,#6489));
#6474 = ORIENTED_EDGE('',*,*,#6460,.T.);
#6475 = ORIENTED_EDGE('',*,*,#6476,.T.);
#6476 = EDGE_CURVE('',#6453,#6477,#6479,.T.);
#6477 = VERTEX_POINT('',#6478);
#6478 = CARTESIAN_POINT('',(74.928388,-104.49477,36.));
#6479 = LINE('',#6480,#6481);
#6480 = CARTESIAN_POINT('',(71.975688,-107.90877,36.));
#6481 = VECTOR('',#6482,1.);
#6482 = DIRECTION('',(0.654158441338,0.756357543512,0.));
#6483 = ORIENTED_EDGE('',*,*,#6484,.F.);
#6484 = EDGE_CURVE('',#2492,#6477,#6485,.T.);
#6485 = LINE('',#6486,#6487);
#6486 = CARTESIAN_POINT('',(74.928388,-104.49477,37.));
#6487 = VECTOR('',#6488,1.);
#6488 = DIRECTION('',(-0.,-0.,-1.));
#6489 = ORIENTED_EDGE('',*,*,#2499,.F.);
#6490 = PLANE('',#6491);
#6491 = AXIS2_PLACEMENT_3D('',#6492,#6493,#6494);
#6492 = CARTESIAN_POINT('',(71.975688,-107.90877,37.));
#6493 = DIRECTION('',(0.756357543512,-0.654158441338,0.));
#6494 = DIRECTION('',(0.654158441338,0.756357543512,0.));
#6495 = ADVANCED_FACE('',(#6496),#6514,.F.);
#6496 = FACE_BOUND('',#6497,.F.);
#6497 = EDGE_LOOP('',(#6498,#6499,#6507,#6513));
#6498 = ORIENTED_EDGE('',*,*,#6484,.T.);
#6499 = ORIENTED_EDGE('',*,*,#6500,.T.);
#6500 = EDGE_CURVE('',#6477,#6501,#6503,.T.);
#6501 = VERTEX_POINT('',#6502);
#6502 = CARTESIAN_POINT('',(73.72301,-104.412954,36.));
#6503 = LINE('',#6504,#6505);
#6504 = CARTESIAN_POINT('',(74.928388,-104.49477,36.));
#6505 = VECTOR('',#6506,1.);
#6506 = DIRECTION('',(-0.997704366828,6.77199853294E-02,0.));
#6507 = ORIENTED_EDGE('',*,*,#6508,.F.);
#6508 = EDGE_CURVE('',#2484,#6501,#6509,.T.);
#6509 = LINE('',#6510,#6511);
#6510 = CARTESIAN_POINT('',(73.72301,-104.412954,37.));
#6511 = VECTOR('',#6512,1.);
#6512 = DIRECTION('',(-0.,-0.,-1.));
#6513 = ORIENTED_EDGE('',*,*,#2491,.F.);
#6514 = PLANE('',#6515);
#6515 = AXIS2_PLACEMENT_3D('',#6516,#6517,#6518);
#6516 = CARTESIAN_POINT('',(74.928388,-104.49477,37.));
#6517 = DIRECTION('',(6.77199853294E-02,0.997704366828,0.));
#6518 = DIRECTION('',(-0.997704366828,6.77199853294E-02,0.));
#6519 = ADVANCED_FACE('',(#6520),#6538,.F.);
#6520 = FACE_BOUND('',#6521,.F.);
#6521 = EDGE_LOOP('',(#6522,#6523,#6531,#6537));
#6522 = ORIENTED_EDGE('',*,*,#6508,.T.);
#6523 = ORIENTED_EDGE('',*,*,#6524,.T.);
#6524 = EDGE_CURVE('',#6501,#6525,#6527,.T.);
#6525 = VERTEX_POINT('',#6526);
#6526 = CARTESIAN_POINT('',(78.119463003328,-93.35691267249,36.));
#6527 = LINE('',#6528,#6529);
#6528 = CARTESIAN_POINT('',(73.72301,-104.412954,36.));
#6529 = VECTOR('',#6530,1.);
#6530 = DIRECTION('',(0.369508744282,0.929227253098,0.));
#6531 = ORIENTED_EDGE('',*,*,#6532,.F.);
#6532 = EDGE_CURVE('',#2476,#6525,#6533,.T.);
#6533 = LINE('',#6534,#6535);
#6534 = CARTESIAN_POINT('',(78.119463003328,-93.35691267249,37.));
#6535 = VECTOR('',#6536,1.);
#6536 = DIRECTION('',(-0.,-0.,-1.));
#6537 = ORIENTED_EDGE('',*,*,#2483,.F.);
#6538 = PLANE('',#6539);
#6539 = AXIS2_PLACEMENT_3D('',#6540,#6541,#6542);
#6540 = CARTESIAN_POINT('',(73.72301,-104.412954,37.));
#6541 = DIRECTION('',(0.929227253098,-0.369508744282,0.));
#6542 = DIRECTION('',(0.369508744282,0.929227253098,0.));
#6543 = ADVANCED_FACE('',(#6544),#6562,.F.);
#6544 = FACE_BOUND('',#6545,.F.);
#6545 = EDGE_LOOP('',(#6546,#6547,#6555,#6561));
#6546 = ORIENTED_EDGE('',*,*,#6532,.T.);
#6547 = ORIENTED_EDGE('',*,*,#6548,.T.);
#6548 = EDGE_CURVE('',#6525,#6549,#6551,.T.);
#6549 = VERTEX_POINT('',#6550);
#6550 = CARTESIAN_POINT('',(73.372621411404,-94.87911024449,36.));
#6551 = LINE('',#6552,#6553);
#6552 = CARTESIAN_POINT('',(78.119463003328,-93.35691267249,36.));
#6553 = VECTOR('',#6554,1.);
#6554 = DIRECTION('',(-0.952237149261,-0.305359479248,0.));
#6555 = ORIENTED_EDGE('',*,*,#6556,.F.);
#6556 = EDGE_CURVE('',#2468,#6549,#6557,.T.);
#6557 = LINE('',#6558,#6559);
#6558 = CARTESIAN_POINT('',(73.372621411404,-94.87911024449,37.));
#6559 = VECTOR('',#6560,1.);
#6560 = DIRECTION('',(-0.,-0.,-1.));
#6561 = ORIENTED_EDGE('',*,*,#2475,.F.);
#6562 = PLANE('',#6563);
#6563 = AXIS2_PLACEMENT_3D('',#6564,#6565,#6566);
#6564 = CARTESIAN_POINT('',(78.119463003328,-93.35691267249,37.));
#6565 = DIRECTION('',(-0.305359479248,0.952237149261,0.));
#6566 = DIRECTION('',(-0.952237149261,-0.305359479248,0.));
#6567 = ADVANCED_FACE('',(#6568),#6586,.F.);
#6568 = FACE_BOUND('',#6569,.F.);
#6569 = EDGE_LOOP('',(#6570,#6571,#6579,#6585));
#6570 = ORIENTED_EDGE('',*,*,#6556,.T.);
#6571 = ORIENTED_EDGE('',*,*,#6572,.T.);
#6572 = EDGE_CURVE('',#6549,#6573,#6575,.T.);
#6573 = VERTEX_POINT('',#6574);
#6574 = CARTESIAN_POINT('',(75.95663825229,-84.42842995337,36.));
#6575 = LINE('',#6576,#6577);
#6576 = CARTESIAN_POINT('',(73.372621411404,-94.87911024449,36.));
#6577 = VECTOR('',#6578,1.);
#6578 = DIRECTION('',(0.24002977768,0.970765525669,0.));
#6579 = ORIENTED_EDGE('',*,*,#6580,.F.);
#6580 = EDGE_CURVE('',#2460,#6573,#6581,.T.);
#6581 = LINE('',#6582,#6583);
#6582 = CARTESIAN_POINT('',(75.95663825229,-84.42842995337,37.));
#6583 = VECTOR('',#6584,1.);
#6584 = DIRECTION('',(-0.,-0.,-1.));
#6585 = ORIENTED_EDGE('',*,*,#2467,.F.);
#6586 = PLANE('',#6587);
#6587 = AXIS2_PLACEMENT_3D('',#6588,#6589,#6590);
#6588 = CARTESIAN_POINT('',(73.372621411404,-94.87911024449,37.));
#6589 = DIRECTION('',(0.970765525669,-0.24002977768,0.));
#6590 = DIRECTION('',(0.24002977768,0.970765525669,0.));
#6591 = ADVANCED_FACE('',(#6592),#6603,.T.);
#6592 = FACE_BOUND('',#6593,.T.);
#6593 = EDGE_LOOP('',(#6594,#6595,#6601,#6602));
#6594 = ORIENTED_EDGE('',*,*,#6348,.T.);
#6595 = ORIENTED_EDGE('',*,*,#6596,.T.);
#6596 = EDGE_CURVE('',#6349,#6573,#6597,.T.);
#6597 = LINE('',#6598,#6599);
#6598 = CARTESIAN_POINT('',(72.1426,-85.6515,36.));
#6599 = VECTOR('',#6600,1.);
#6600 = DIRECTION('',(0.952237149261,0.305359479248,0.));
#6601 = ORIENTED_EDGE('',*,*,#6580,.F.);
#6602 = ORIENTED_EDGE('',*,*,#2459,.F.);
#6603 = PLANE('',#6604);
#6604 = AXIS2_PLACEMENT_3D('',#6605,#6606,#6607);
#6605 = CARTESIAN_POINT('',(72.1426,-85.6515,37.));
#6606 = DIRECTION('',(0.305359479248,-0.952237149261,0.));
#6607 = DIRECTION('',(0.952237149261,0.305359479248,0.));
#6608 = ADVANCED_FACE('',(#6609),#6620,.F.);
#6609 = FACE_BOUND('',#6610,.F.);
#6610 = EDGE_LOOP('',(#6611,#6612,#6618,#6619));
#6611 = ORIENTED_EDGE('',*,*,#2539,.F.);
#6612 = ORIENTED_EDGE('',*,*,#6613,.T.);
#6613 = EDGE_CURVE('',#2540,#5655,#6614,.T.);
#6614 = LINE('',#6615,#6616);
#6615 = CARTESIAN_POINT('',(82.802628,-87.283585,37.));
#6616 = VECTOR('',#6617,1.);
#6617 = DIRECTION('',(-0.,-0.,-1.));
#6618 = ORIENTED_EDGE('',*,*,#5654,.T.);
#6619 = ORIENTED_EDGE('',*,*,#6613,.F.);
#6620 = CYLINDRICAL_SURFACE('',#6621,2.);
#6621 = AXIS2_PLACEMENT_3D('',#6622,#6623,#6624);
#6622 = CARTESIAN_POINT('',(80.802628,-87.283585,37.));
#6623 = DIRECTION('',(0.,0.,1.));
#6624 = DIRECTION('',(1.,0.,0.));
#6625 = ADVANCED_FACE('',(#6626),#6637,.F.);
#6626 = FACE_BOUND('',#6627,.F.);
#6627 = EDGE_LOOP('',(#6628,#6629,#6635,#6636));
#6628 = ORIENTED_EDGE('',*,*,#2550,.F.);
#6629 = ORIENTED_EDGE('',*,*,#6630,.T.);
#6630 = EDGE_CURVE('',#2551,#5666,#6631,.T.);
#6631 = LINE('',#6632,#6633);
#6632 = CARTESIAN_POINT('',(82.802628,-82.283585,37.));
#6633 = VECTOR('',#6634,1.);
#6634 = DIRECTION('',(-0.,-0.,-1.));
#6635 = ORIENTED_EDGE('',*,*,#5665,.T.);
#6636 = ORIENTED_EDGE('',*,*,#6630,.F.);
#6637 = CYLINDRICAL_SURFACE('',#6638,2.);
#6638 = AXIS2_PLACEMENT_3D('',#6639,#6640,#6641);
#6639 = CARTESIAN_POINT('',(80.802628,-82.283585,37.));
#6640 = DIRECTION('',(0.,0.,1.));
#6641 = DIRECTION('',(1.,0.,0.));
#6642 = ADVANCED_FACE('',(#6643),#6668,.F.);
#6643 = FACE_BOUND('',#6644,.F.);
#6644 = EDGE_LOOP('',(#6645,#6653,#6661,#6667));
#6645 = ORIENTED_EDGE('',*,*,#6646,.T.);
#6646 = EDGE_CURVE('',#2562,#6647,#6649,.T.);
#6647 = VERTEX_POINT('',#6648);
#6648 = CARTESIAN_POINT('',(71.5,-74.62,36.));
#6649 = LINE('',#6650,#6651);
#6650 = CARTESIAN_POINT('',(71.5,-74.62,37.));
#6651 = VECTOR('',#6652,1.);
#6652 = DIRECTION('',(-0.,-0.,-1.));
#6653 = ORIENTED_EDGE('',*,*,#6654,.T.);
#6654 = EDGE_CURVE('',#6647,#6655,#6657,.T.);
#6655 = VERTEX_POINT('',#6656);
#6656 = CARTESIAN_POINT('',(71.5,-76.62,36.));
#6657 = LINE('',#6658,#6659);
#6658 = CARTESIAN_POINT('',(71.5,-74.62,36.));
#6659 = VECTOR('',#6660,1.);
#6660 = DIRECTION('',(0.,-1.,0.));
#6661 = ORIENTED_EDGE('',*,*,#6662,.F.);
#6662 = EDGE_CURVE('',#2564,#6655,#6663,.T.);
#6663 = LINE('',#6664,#6665);
#6664 = CARTESIAN_POINT('',(71.5,-76.62,37.));
#6665 = VECTOR('',#6666,1.);
#6666 = DIRECTION('',(-0.,-0.,-1.));
#6667 = ORIENTED_EDGE('',*,*,#2561,.F.);
#6668 = PLANE('',#6669);
#6669 = AXIS2_PLACEMENT_3D('',#6670,#6671,#6672);
#6670 = CARTESIAN_POINT('',(71.5,-74.62,37.));
#6671 = DIRECTION('',(-1.,0.,0.));
#6672 = DIRECTION('',(0.,-1.,0.));
#6673 = ADVANCED_FACE('',(#6674),#6692,.F.);
#6674 = FACE_BOUND('',#6675,.F.);
#6675 = EDGE_LOOP('',(#6676,#6677,#6685,#6691));
#6676 = ORIENTED_EDGE('',*,*,#6662,.T.);
#6677 = ORIENTED_EDGE('',*,*,#6678,.T.);
#6678 = EDGE_CURVE('',#6655,#6679,#6681,.T.);
#6679 = VERTEX_POINT('',#6680);
#6680 = CARTESIAN_POINT('',(79.5,-76.62,36.));
#6681 = LINE('',#6682,#6683);
#6682 = CARTESIAN_POINT('',(71.5,-76.62,36.));
#6683 = VECTOR('',#6684,1.);
#6684 = DIRECTION('',(1.,0.,0.));
#6685 = ORIENTED_EDGE('',*,*,#6686,.F.);
#6686 = EDGE_CURVE('',#2580,#6679,#6687,.T.);
#6687 = LINE('',#6688,#6689);
#6688 = CARTESIAN_POINT('',(79.5,-76.62,37.));
#6689 = VECTOR('',#6690,1.);
#6690 = DIRECTION('',(-0.,-0.,-1.));
#6691 = ORIENTED_EDGE('',*,*,#2587,.F.);
#6692 = PLANE('',#6693);
#6693 = AXIS2_PLACEMENT_3D('',#6694,#6695,#6696);
#6694 = CARTESIAN_POINT('',(71.5,-76.62,37.));
#6695 = DIRECTION('',(0.,-1.,0.));
#6696 = DIRECTION('',(1.,0.,0.));
#6697 = ADVANCED_FACE('',(#6698),#6716,.F.);
#6698 = FACE_BOUND('',#6699,.F.);
#6699 = EDGE_LOOP('',(#6700,#6701,#6709,#6715));
#6700 = ORIENTED_EDGE('',*,*,#6686,.T.);
#6701 = ORIENTED_EDGE('',*,*,#6702,.T.);
#6702 = EDGE_CURVE('',#6679,#6703,#6705,.T.);
#6703 = VERTEX_POINT('',#6704);
#6704 = CARTESIAN_POINT('',(79.5,-74.62,36.));
#6705 = LINE('',#6706,#6707);
#6706 = CARTESIAN_POINT('',(79.5,-76.62,36.));
#6707 = VECTOR('',#6708,1.);
#6708 = DIRECTION('',(0.,1.,0.));
#6709 = ORIENTED_EDGE('',*,*,#6710,.F.);
#6710 = EDGE_CURVE('',#2572,#6703,#6711,.T.);
#6711 = LINE('',#6712,#6713);
#6712 = CARTESIAN_POINT('',(79.5,-74.62,37.));
#6713 = VECTOR('',#6714,1.);
#6714 = DIRECTION('',(-0.,-0.,-1.));
#6715 = ORIENTED_EDGE('',*,*,#2579,.F.);
#6716 = PLANE('',#6717);
#6717 = AXIS2_PLACEMENT_3D('',#6718,#6719,#6720);
#6718 = CARTESIAN_POINT('',(79.5,-76.62,37.));
#6719 = DIRECTION('',(1.,0.,0.));
#6720 = DIRECTION('',(0.,1.,0.));
#6721 = ADVANCED_FACE('',(#6722),#6733,.F.);
#6722 = FACE_BOUND('',#6723,.F.);
#6723 = EDGE_LOOP('',(#6724,#6725,#6731,#6732));
#6724 = ORIENTED_EDGE('',*,*,#6710,.T.);
#6725 = ORIENTED_EDGE('',*,*,#6726,.T.);
#6726 = EDGE_CURVE('',#6703,#6647,#6727,.T.);
#6727 = LINE('',#6728,#6729);
#6728 = CARTESIAN_POINT('',(79.5,-74.62,36.));
#6729 = VECTOR('',#6730,1.);
#6730 = DIRECTION('',(-1.,0.,0.));
#6731 = ORIENTED_EDGE('',*,*,#6646,.F.);
#6732 = ORIENTED_EDGE('',*,*,#2571,.F.);
#6733 = PLANE('',#6734);
#6734 = AXIS2_PLACEMENT_3D('',#6735,#6736,#6737);
#6735 = CARTESIAN_POINT('',(79.5,-74.62,37.));
#6736 = DIRECTION('',(0.,1.,0.));
#6737 = DIRECTION('',(-1.,0.,0.));
#6738 = ADVANCED_FACE('',(#6739),#6755,.F.);
#6739 = FACE_BOUND('',#6740,.F.);
#6740 = EDGE_LOOP('',(#6741,#6742,#6748,#6749));
#6741 = ORIENTED_EDGE('',*,*,#2595,.F.);
#6742 = ORIENTED_EDGE('',*,*,#6743,.T.);
#6743 = EDGE_CURVE('',#2596,#5677,#6744,.T.);
#6744 = LINE('',#6745,#6746);
#6745 = CARTESIAN_POINT('',(87.5,-79.62,37.));
#6746 = VECTOR('',#6747,1.);
#6747 = DIRECTION('',(-0.,-0.,-1.));
#6748 = ORIENTED_EDGE('',*,*,#5676,.T.);
#6749 = ORIENTED_EDGE('',*,*,#6750,.F.);
#6750 = EDGE_CURVE('',#2598,#5679,#6751,.T.);
#6751 = LINE('',#6752,#6753);
#6752 = CARTESIAN_POINT('',(87.5,-83.62,37.));
#6753 = VECTOR('',#6754,1.);
#6754 = DIRECTION('',(-0.,-0.,-1.));
#6755 = CYLINDRICAL_SURFACE('',#6756,2.);
#6756 = AXIS2_PLACEMENT_3D('',#6757,#6758,#6759);
#6757 = CARTESIAN_POINT('',(87.5,-81.62,37.));
#6758 = DIRECTION('',(0.,0.,1.));
#6759 = DIRECTION('',(1.,0.,0.));
#6760 = ADVANCED_FACE('',(#6761),#6772,.T.);
#6761 = FACE_BOUND('',#6762,.T.);
#6762 = EDGE_LOOP('',(#6763,#6764,#6765,#6766));
#6763 = ORIENTED_EDGE('',*,*,#2606,.F.);
#6764 = ORIENTED_EDGE('',*,*,#6743,.T.);
#6765 = ORIENTED_EDGE('',*,*,#5687,.T.);
#6766 = ORIENTED_EDGE('',*,*,#6767,.F.);
#6767 = EDGE_CURVE('',#2607,#5688,#6768,.T.);
#6768 = LINE('',#6769,#6770);
#6769 = CARTESIAN_POINT('',(205.5,-79.62,37.));
#6770 = VECTOR('',#6771,1.);
#6771 = DIRECTION('',(-0.,-0.,-1.));
#6772 = PLANE('',#6773);
#6773 = AXIS2_PLACEMENT_3D('',#6774,#6775,#6776);
#6774 = CARTESIAN_POINT('',(87.5,-79.62,37.));
#6775 = DIRECTION('',(0.,-1.,0.));
#6776 = DIRECTION('',(1.,0.,0.));
#6777 = ADVANCED_FACE('',(#6778),#6789,.F.);
#6778 = FACE_BOUND('',#6779,.F.);
#6779 = EDGE_LOOP('',(#6780,#6781,#6782,#6783));
#6780 = ORIENTED_EDGE('',*,*,#2623,.F.);
#6781 = ORIENTED_EDGE('',*,*,#6750,.T.);
#6782 = ORIENTED_EDGE('',*,*,#5704,.T.);
#6783 = ORIENTED_EDGE('',*,*,#6784,.F.);
#6784 = EDGE_CURVE('',#2615,#5696,#6785,.T.);
#6785 = LINE('',#6786,#6787);
#6786 = CARTESIAN_POINT('',(205.5,-83.62,37.));
#6787 = VECTOR('',#6788,1.);
#6788 = DIRECTION('',(-0.,-0.,-1.));
#6789 = PLANE('',#6790);
#6790 = AXIS2_PLACEMENT_3D('',#6791,#6792,#6793);
#6791 = CARTESIAN_POINT('',(87.5,-83.62,37.));
#6792 = DIRECTION('',(0.,-1.,0.));
#6793 = DIRECTION('',(1.,0.,0.));
#6794 = ADVANCED_FACE('',(#6795),#6801,.F.);
#6795 = FACE_BOUND('',#6796,.F.);
#6796 = EDGE_LOOP('',(#6797,#6798,#6799,#6800));
#6797 = ORIENTED_EDGE('',*,*,#2614,.F.);
#6798 = ORIENTED_EDGE('',*,*,#6784,.T.);
#6799 = ORIENTED_EDGE('',*,*,#5695,.T.);
#6800 = ORIENTED_EDGE('',*,*,#6767,.F.);
#6801 = CYLINDRICAL_SURFACE('',#6802,2.);
#6802 = AXIS2_PLACEMENT_3D('',#6803,#6804,#6805);
#6803 = CARTESIAN_POINT('',(205.5,-81.62,37.));
#6804 = DIRECTION('',(0.,0.,1.));
#6805 = DIRECTION('',(1.,0.,0.));
#6806 = ADVANCED_FACE('',(#6807),#6823,.F.);
#6807 = FACE_BOUND('',#6808,.F.);
#6808 = EDGE_LOOP('',(#6809,#6810,#6816,#6817));
#6809 = ORIENTED_EDGE('',*,*,#2631,.F.);
#6810 = ORIENTED_EDGE('',*,*,#6811,.T.);
#6811 = EDGE_CURVE('',#2632,#5713,#6812,.T.);
#6812 = LINE('',#6813,#6814);
#6813 = CARTESIAN_POINT('',(87.5,-71.62,37.));
#6814 = VECTOR('',#6815,1.);
#6815 = DIRECTION('',(-0.,-0.,-1.));
#6816 = ORIENTED_EDGE('',*,*,#5712,.T.);
#6817 = ORIENTED_EDGE('',*,*,#6818,.F.);
#6818 = EDGE_CURVE('',#2634,#5715,#6819,.T.);
#6819 = LINE('',#6820,#6821);
#6820 = CARTESIAN_POINT('',(87.5,-75.62,37.));
#6821 = VECTOR('',#6822,1.);
#6822 = DIRECTION('',(-0.,-0.,-1.));
#6823 = CYLINDRICAL_SURFACE('',#6824,2.);
#6824 = AXIS2_PLACEMENT_3D('',#6825,#6826,#6827);
#6825 = CARTESIAN_POINT('',(87.5,-73.62,37.));
#6826 = DIRECTION('',(0.,0.,1.));
#6827 = DIRECTION('',(1.,0.,0.));
#6828 = ADVANCED_FACE('',(#6829),#6840,.T.);
#6829 = FACE_BOUND('',#6830,.T.);
#6830 = EDGE_LOOP('',(#6831,#6832,#6833,#6834));
#6831 = ORIENTED_EDGE('',*,*,#2642,.F.);
#6832 = ORIENTED_EDGE('',*,*,#6811,.T.);
#6833 = ORIENTED_EDGE('',*,*,#5723,.T.);
#6834 = ORIENTED_EDGE('',*,*,#6835,.F.);
#6835 = EDGE_CURVE('',#2643,#5724,#6836,.T.);
#6836 = LINE('',#6837,#6838);
#6837 = CARTESIAN_POINT('',(205.5,-71.62,37.));
#6838 = VECTOR('',#6839,1.);
#6839 = DIRECTION('',(-0.,-0.,-1.));
#6840 = PLANE('',#6841);
#6841 = AXIS2_PLACEMENT_3D('',#6842,#6843,#6844);
#6842 = CARTESIAN_POINT('',(87.5,-71.62,37.));
#6843 = DIRECTION('',(0.,-1.,0.));
#6844 = DIRECTION('',(1.,0.,0.));
#6845 = ADVANCED_FACE('',(#6846),#6857,.F.);
#6846 = FACE_BOUND('',#6847,.F.);
#6847 = EDGE_LOOP('',(#6848,#6849,#6850,#6851));
#6848 = ORIENTED_EDGE('',*,*,#2659,.F.);
#6849 = ORIENTED_EDGE('',*,*,#6818,.T.);
#6850 = ORIENTED_EDGE('',*,*,#5740,.T.);
#6851 = ORIENTED_EDGE('',*,*,#6852,.F.);
#6852 = EDGE_CURVE('',#2651,#5732,#6853,.T.);
#6853 = LINE('',#6854,#6855);
#6854 = CARTESIAN_POINT('',(205.5,-75.62,37.));
#6855 = VECTOR('',#6856,1.);
#6856 = DIRECTION('',(-0.,-0.,-1.));
#6857 = PLANE('',#6858);
#6858 = AXIS2_PLACEMENT_3D('',#6859,#6860,#6861);
#6859 = CARTESIAN_POINT('',(87.5,-75.62,37.));
#6860 = DIRECTION('',(0.,-1.,0.));
#6861 = DIRECTION('',(1.,0.,0.));
#6862 = ADVANCED_FACE('',(#6863),#6869,.F.);
#6863 = FACE_BOUND('',#6864,.F.);
#6864 = EDGE_LOOP('',(#6865,#6866,#6867,#6868));
#6865 = ORIENTED_EDGE('',*,*,#2650,.F.);
#6866 = ORIENTED_EDGE('',*,*,#6852,.T.);
#6867 = ORIENTED_EDGE('',*,*,#5731,.T.);
#6868 = ORIENTED_EDGE('',*,*,#6835,.F.);
#6869 = CYLINDRICAL_SURFACE('',#6870,2.);
#6870 = AXIS2_PLACEMENT_3D('',#6871,#6872,#6873);
#6871 = CARTESIAN_POINT('',(205.5,-73.62,37.));
#6872 = DIRECTION('',(0.,0.,1.));
#6873 = DIRECTION('',(1.,0.,0.));
#6874 = ADVANCED_FACE('',(#6875),#6894,.F.);
#6875 = FACE_BOUND('',#6876,.F.);
#6876 = EDGE_LOOP('',(#6877,#6886,#6892,#6893));
#6877 = ORIENTED_EDGE('',*,*,#6878,.F.);
#6878 = EDGE_CURVE('',#6879,#6879,#6881,.T.);
#6879 = VERTEX_POINT('',#6880);
#6880 = CARTESIAN_POINT('',(232.,-96.62,32.5));
#6881 = CIRCLE('',#6882,2.5);
#6882 = AXIS2_PLACEMENT_3D('',#6883,#6884,#6885);
#6883 = CARTESIAN_POINT('',(229.5,-96.62,32.5));
#6884 = DIRECTION('',(0.,0.,-1.));
#6885 = DIRECTION('',(1.,0.,0.));
#6886 = ORIENTED_EDGE('',*,*,#6887,.T.);
#6887 = EDGE_CURVE('',#6879,#2668,#6888,.T.);
#6888 = LINE('',#6889,#6890);
#6889 = CARTESIAN_POINT('',(232.,-96.62,32.5));
#6890 = VECTOR('',#6891,1.);
#6891 = DIRECTION('',(0.,0.,1.));
#6892 = ORIENTED_EDGE('',*,*,#2667,.T.);
#6893 = ORIENTED_EDGE('',*,*,#6887,.F.);
#6894 = CYLINDRICAL_SURFACE('',#6895,2.5);
#6895 = AXIS2_PLACEMENT_3D('',#6896,#6897,#6898);
#6896 = CARTESIAN_POINT('',(229.5,-96.62,32.5));
#6897 = DIRECTION('',(0.,0.,-1.));
#6898 = DIRECTION('',(1.,0.,0.));
#6899 = ADVANCED_FACE('',(#6900),#6919,.F.);
#6900 = FACE_BOUND('',#6901,.T.);
#6901 = EDGE_LOOP('',(#6902,#6910,#6911,#6912));
#6902 = ORIENTED_EDGE('',*,*,#6903,.F.);
#6903 = EDGE_CURVE('',#2703,#6904,#6906,.T.);
#6904 = VERTEX_POINT('',#6905);
#6905 = CARTESIAN_POINT('',(242.4,-67.62,6.));
#6906 = LINE('',#6907,#6908);
#6907 = CARTESIAN_POINT('',(242.4,-66.62,6.));
#6908 = VECTOR('',#6909,1.);
#6909 = DIRECTION('',(0.,-1.,2.22044604925E-16));
#6910 = ORIENTED_EDGE('',*,*,#2702,.T.);
#6911 = ORIENTED_EDGE('',*,*,#6903,.T.);
#6912 = ORIENTED_EDGE('',*,*,#6913,.F.);
#6913 = EDGE_CURVE('',#6904,#6904,#6914,.T.);
#6914 = CIRCLE('',#6915,1.9);
#6915 = AXIS2_PLACEMENT_3D('',#6916,#6917,#6918);
#6916 = CARTESIAN_POINT('',(240.5,-67.62,6.));
#6917 = DIRECTION('',(0.,1.,-2.22044604925E-16));
#6918 = DIRECTION('',(1.,0.,0.));
#6919 = CYLINDRICAL_SURFACE('',#6920,1.9);
#6920 = AXIS2_PLACEMENT_3D('',#6921,#6922,#6923);
#6921 = CARTESIAN_POINT('',(240.5,-66.62,6.));
#6922 = DIRECTION('',(0.,-1.,2.22044604925E-16));
#6923 = DIRECTION('',(1.,0.,0.));
#6924 = ADVANCED_FACE('',(#6925),#6944,.F.);
#6925 = FACE_BOUND('',#6926,.T.);
#6926 = EDGE_LOOP('',(#6927,#6935,#6936,#6937));
#6927 = ORIENTED_EDGE('',*,*,#6928,.F.);
#6928 = EDGE_CURVE('',#2714,#6929,#6931,.T.);
#6929 = VERTEX_POINT('',#6930);
#6930 = CARTESIAN_POINT('',(76.45,-67.62,6.));
#6931 = LINE('',#6932,#6933);
#6932 = CARTESIAN_POINT('',(76.45,-66.62,6.));
#6933 = VECTOR('',#6934,1.);
#6934 = DIRECTION('',(0.,-1.,2.22044604925E-16));
#6935 = ORIENTED_EDGE('',*,*,#2713,.T.);
#6936 = ORIENTED_EDGE('',*,*,#6928,.T.);
#6937 = ORIENTED_EDGE('',*,*,#6938,.F.);
#6938 = EDGE_CURVE('',#6929,#6929,#6939,.T.);
#6939 = CIRCLE('',#6940,1.9);
#6940 = AXIS2_PLACEMENT_3D('',#6941,#6942,#6943);
#6941 = CARTESIAN_POINT('',(74.55,-67.62,6.));
#6942 = DIRECTION('',(0.,1.,-2.22044604925E-16));
#6943 = DIRECTION('',(1.,0.,0.));
#6944 = CYLINDRICAL_SURFACE('',#6945,1.9);
#6945 = AXIS2_PLACEMENT_3D('',#6946,#6947,#6948);
#6946 = CARTESIAN_POINT('',(74.55,-66.62,6.));
#6947 = DIRECTION('',(0.,-1.,2.22044604925E-16));
#6948 = DIRECTION('',(1.,0.,0.));
#6949 = ADVANCED_FACE('',(#6950),#6966,.T.);
#6950 = FACE_BOUND('',#6951,.T.);
#6951 = EDGE_LOOP('',(#6952,#6953,#6959,#6960));
#6952 = ORIENTED_EDGE('',*,*,#4036,.T.);
#6953 = ORIENTED_EDGE('',*,*,#6954,.T.);
#6954 = EDGE_CURVE('',#4039,#2727,#6955,.T.);
#6955 = LINE('',#6956,#6957);
#6956 = CARTESIAN_POINT('',(216.5,-126.62,25.));
#6957 = VECTOR('',#6958,1.);
#6958 = DIRECTION('',(0.,1.,-2.22044604925E-16));
#6959 = ORIENTED_EDGE('',*,*,#2724,.F.);
#6960 = ORIENTED_EDGE('',*,*,#6961,.F.);
#6961 = EDGE_CURVE('',#4037,#2725,#6962,.T.);
#6962 = LINE('',#6963,#6964);
#6963 = CARTESIAN_POINT('',(216.5,-126.62,13.));
#6964 = VECTOR('',#6965,1.);
#6965 = DIRECTION('',(0.,1.,-2.22044604925E-16));
#6966 = PLANE('',#6967);
#6967 = AXIS2_PLACEMENT_3D('',#6968,#6969,#6970);
#6968 = CARTESIAN_POINT('',(216.5,-126.62,25.));
#6969 = DIRECTION('',(-1.,0.,0.));
#6970 = DIRECTION('',(0.,-2.22044604925E-16,-1.));
#6971 = ADVANCED_FACE('',(#6972),#6983,.F.);
#6972 = FACE_BOUND('',#6973,.F.);
#6973 = EDGE_LOOP('',(#6974,#6975,#6981,#6982));
#6974 = ORIENTED_EDGE('',*,*,#4063,.F.);
#6975 = ORIENTED_EDGE('',*,*,#6976,.T.);
#6976 = EDGE_CURVE('',#4056,#2744,#6977,.T.);
#6977 = LINE('',#6978,#6979);
#6978 = CARTESIAN_POINT('',(212.5,-126.62,13.));
#6979 = VECTOR('',#6980,1.);
#6980 = DIRECTION('',(0.,1.,-2.22044604925E-16));
#6981 = ORIENTED_EDGE('',*,*,#2751,.T.);
#6982 = ORIENTED_EDGE('',*,*,#6961,.F.);
#6983 = CYLINDRICAL_SURFACE('',#6984,2.);
#6984 = AXIS2_PLACEMENT_3D('',#6985,#6986,#6987);
#6985 = CARTESIAN_POINT('',(214.5,-126.62,13.));
#6986 = DIRECTION('',(0.,-1.,2.22044604925E-16));
#6987 = DIRECTION('',(1.,0.,0.));
#6988 = ADVANCED_FACE('',(#6989),#7000,.F.);
#6989 = FACE_BOUND('',#6990,.F.);
#6990 = EDGE_LOOP('',(#6991,#6992,#6993,#6994));
#6991 = ORIENTED_EDGE('',*,*,#4046,.F.);
#6992 = ORIENTED_EDGE('',*,*,#6954,.T.);
#6993 = ORIENTED_EDGE('',*,*,#2734,.T.);
#6994 = ORIENTED_EDGE('',*,*,#6995,.F.);
#6995 = EDGE_CURVE('',#4047,#2735,#6996,.T.);
#6996 = LINE('',#6997,#6998);
#6997 = CARTESIAN_POINT('',(212.5,-126.62,25.));
#6998 = VECTOR('',#6999,1.);
#6999 = DIRECTION('',(0.,1.,-2.22044604925E-16));
#7000 = CYLINDRICAL_SURFACE('',#7001,2.);
#7001 = AXIS2_PLACEMENT_3D('',#7002,#7003,#7004);
#7002 = CARTESIAN_POINT('',(214.5,-126.62,25.));
#7003 = DIRECTION('',(0.,-1.,2.22044604925E-16));
#7004 = DIRECTION('',(1.,0.,0.));
#7005 = ADVANCED_FACE('',(#7006),#7012,.F.);
#7006 = FACE_BOUND('',#7007,.F.);
#7007 = EDGE_LOOP('',(#7008,#7009,#7010,#7011));
#7008 = ORIENTED_EDGE('',*,*,#4055,.T.);
#7009 = ORIENTED_EDGE('',*,*,#6995,.T.);
#7010 = ORIENTED_EDGE('',*,*,#2743,.F.);
#7011 = ORIENTED_EDGE('',*,*,#6976,.F.);
#7012 = PLANE('',#7013);
#7013 = AXIS2_PLACEMENT_3D('',#7014,#7015,#7016);
#7014 = CARTESIAN_POINT('',(212.5,-126.62,25.));
#7015 = DIRECTION('',(-1.,0.,0.));
#7016 = DIRECTION('',(0.,-2.22044604925E-16,-1.));
#7017 = ADVANCED_FACE('',(#7018),#7034,.T.);
#7018 = FACE_BOUND('',#7019,.T.);
#7019 = EDGE_LOOP('',(#7020,#7021,#7027,#7028));
#7020 = ORIENTED_EDGE('',*,*,#4000,.T.);
#7021 = ORIENTED_EDGE('',*,*,#7022,.T.);
#7022 = EDGE_CURVE('',#4003,#2763,#7023,.T.);
#7023 = LINE('',#7024,#7025);
#7024 = CARTESIAN_POINT('',(208.32352941176,-126.62,25.));
#7025 = VECTOR('',#7026,1.);
#7026 = DIRECTION('',(0.,1.,-2.22044604925E-16));
#7027 = ORIENTED_EDGE('',*,*,#2760,.F.);
#7028 = ORIENTED_EDGE('',*,*,#7029,.F.);
#7029 = EDGE_CURVE('',#4001,#2761,#7030,.T.);
#7030 = LINE('',#7031,#7032);
#7031 = CARTESIAN_POINT('',(208.32352941176,-126.62,13.));
#7032 = VECTOR('',#7033,1.);
#7033 = DIRECTION('',(0.,1.,-2.22044604925E-16));
#7034 = PLANE('',#7035);
#7035 = AXIS2_PLACEMENT_3D('',#7036,#7037,#7038);
#7036 = CARTESIAN_POINT('',(208.32352941176,-126.62,25.));
#7037 = DIRECTION('',(-1.,0.,0.));
#7038 = DIRECTION('',(0.,-2.22044604925E-16,-1.));
#7039 = ADVANCED_FACE('',(#7040),#7051,.F.);
#7040 = FACE_BOUND('',#7041,.F.);
#7041 = EDGE_LOOP('',(#7042,#7043,#7049,#7050));
#7042 = ORIENTED_EDGE('',*,*,#4027,.F.);
#7043 = ORIENTED_EDGE('',*,*,#7044,.T.);
#7044 = EDGE_CURVE('',#4020,#2780,#7045,.T.);
#7045 = LINE('',#7046,#7047);
#7046 = CARTESIAN_POINT('',(204.32352941176,-126.62,13.));
#7047 = VECTOR('',#7048,1.);
#7048 = DIRECTION('',(0.,1.,-2.22044604925E-16));
#7049 = ORIENTED_EDGE('',*,*,#2787,.T.);
#7050 = ORIENTED_EDGE('',*,*,#7029,.F.);
#7051 = CYLINDRICAL_SURFACE('',#7052,2.);
#7052 = AXIS2_PLACEMENT_3D('',#7053,#7054,#7055);
#7053 = CARTESIAN_POINT('',(206.32352941176,-126.62,13.));
#7054 = DIRECTION('',(0.,-1.,2.22044604925E-16));
#7055 = DIRECTION('',(1.,0.,0.));
#7056 = ADVANCED_FACE('',(#7057),#7068,.F.);
#7057 = FACE_BOUND('',#7058,.F.);
#7058 = EDGE_LOOP('',(#7059,#7060,#7061,#7062));
#7059 = ORIENTED_EDGE('',*,*,#4010,.F.);
#7060 = ORIENTED_EDGE('',*,*,#7022,.T.);
#7061 = ORIENTED_EDGE('',*,*,#2770,.T.);
#7062 = ORIENTED_EDGE('',*,*,#7063,.F.);
#7063 = EDGE_CURVE('',#4011,#2771,#7064,.T.);
#7064 = LINE('',#7065,#7066);
#7065 = CARTESIAN_POINT('',(204.32352941176,-126.62,25.));
#7066 = VECTOR('',#7067,1.);
#7067 = DIRECTION('',(0.,1.,-2.22044604925E-16));
#7068 = CYLINDRICAL_SURFACE('',#7069,2.);
#7069 = AXIS2_PLACEMENT_3D('',#7070,#7071,#7072);
#7070 = CARTESIAN_POINT('',(206.32352941176,-126.62,25.));
#7071 = DIRECTION('',(0.,-1.,2.22044604925E-16));
#7072 = DIRECTION('',(1.,0.,0.));
#7073 = ADVANCED_FACE('',(#7074),#7080,.F.);
#7074 = FACE_BOUND('',#7075,.F.);
#7075 = EDGE_LOOP('',(#7076,#7077,#7078,#7079));
#7076 = ORIENTED_EDGE('',*,*,#4019,.T.);
#7077 = ORIENTED_EDGE('',*,*,#7063,.T.);
#7078 = ORIENTED_EDGE('',*,*,#2779,.F.);
#7079 = ORIENTED_EDGE('',*,*,#7044,.F.);
#7080 = PLANE('',#7081);
#7081 = AXIS2_PLACEMENT_3D('',#7082,#7083,#7084);
#7082 = CARTESIAN_POINT('',(204.32352941176,-126.62,25.));
#7083 = DIRECTION('',(-1.,0.,0.));
#7084 = DIRECTION('',(0.,-2.22044604925E-16,-1.));
#7085 = ADVANCED_FACE('',(#7086),#7102,.T.);
#7086 = FACE_BOUND('',#7087,.T.);
#7087 = EDGE_LOOP('',(#7088,#7089,#7095,#7096));
#7088 = ORIENTED_EDGE('',*,*,#3964,.T.);
#7089 = ORIENTED_EDGE('',*,*,#7090,.T.);
#7090 = EDGE_CURVE('',#3967,#2799,#7091,.T.);
#7091 = LINE('',#7092,#7093);
#7092 = CARTESIAN_POINT('',(200.14705882352,-126.62,25.));
#7093 = VECTOR('',#7094,1.);
#7094 = DIRECTION('',(0.,1.,-2.22044604925E-16));
#7095 = ORIENTED_EDGE('',*,*,#2796,.F.);
#7096 = ORIENTED_EDGE('',*,*,#7097,.F.);
#7097 = EDGE_CURVE('',#3965,#2797,#7098,.T.);
#7098 = LINE('',#7099,#7100);
#7099 = CARTESIAN_POINT('',(200.14705882352,-126.62,13.));
#7100 = VECTOR('',#7101,1.);
#7101 = DIRECTION('',(0.,1.,-2.22044604925E-16));
#7102 = PLANE('',#7103);
#7103 = AXIS2_PLACEMENT_3D('',#7104,#7105,#7106);
#7104 = CARTESIAN_POINT('',(200.14705882352,-126.62,25.));
#7105 = DIRECTION('',(-1.,0.,0.));
#7106 = DIRECTION('',(0.,-2.22044604925E-16,-1.));
#7107 = ADVANCED_FACE('',(#7108),#7119,.F.);
#7108 = FACE_BOUND('',#7109,.F.);
#7109 = EDGE_LOOP('',(#7110,#7111,#7117,#7118));
#7110 = ORIENTED_EDGE('',*,*,#3991,.F.);
#7111 = ORIENTED_EDGE('',*,*,#7112,.T.);
#7112 = EDGE_CURVE('',#3984,#2816,#7113,.T.);
#7113 = LINE('',#7114,#7115);
#7114 = CARTESIAN_POINT('',(196.14705882352,-126.62,13.));
#7115 = VECTOR('',#7116,1.);
#7116 = DIRECTION('',(0.,1.,-2.22044604925E-16));
#7117 = ORIENTED_EDGE('',*,*,#2823,.T.);
#7118 = ORIENTED_EDGE('',*,*,#7097,.F.);
#7119 = CYLINDRICAL_SURFACE('',#7120,2.);
#7120 = AXIS2_PLACEMENT_3D('',#7121,#7122,#7123);
#7121 = CARTESIAN_POINT('',(198.14705882352,-126.62,13.));
#7122 = DIRECTION('',(0.,-1.,2.22044604925E-16));
#7123 = DIRECTION('',(1.,0.,0.));
#7124 = ADVANCED_FACE('',(#7125),#7136,.F.);
#7125 = FACE_BOUND('',#7126,.F.);
#7126 = EDGE_LOOP('',(#7127,#7128,#7129,#7130));
#7127 = ORIENTED_EDGE('',*,*,#3974,.F.);
#7128 = ORIENTED_EDGE('',*,*,#7090,.T.);
#7129 = ORIENTED_EDGE('',*,*,#2806,.T.);
#7130 = ORIENTED_EDGE('',*,*,#7131,.F.);
#7131 = EDGE_CURVE('',#3975,#2807,#7132,.T.);
#7132 = LINE('',#7133,#7134);
#7133 = CARTESIAN_POINT('',(196.14705882352,-126.62,25.));
#7134 = VECTOR('',#7135,1.);
#7135 = DIRECTION('',(0.,1.,-2.22044604925E-16));
#7136 = CYLINDRICAL_SURFACE('',#7137,2.);
#7137 = AXIS2_PLACEMENT_3D('',#7138,#7139,#7140);
#7138 = CARTESIAN_POINT('',(198.14705882352,-126.62,25.));
#7139 = DIRECTION('',(0.,-1.,2.22044604925E-16));
#7140 = DIRECTION('',(1.,0.,0.));
#7141 = ADVANCED_FACE('',(#7142),#7148,.F.);
#7142 = FACE_BOUND('',#7143,.F.);
#7143 = EDGE_LOOP('',(#7144,#7145,#7146,#7147));
#7144 = ORIENTED_EDGE('',*,*,#3983,.T.);
#7145 = ORIENTED_EDGE('',*,*,#7131,.T.);
#7146 = ORIENTED_EDGE('',*,*,#2815,.F.);
#7147 = ORIENTED_EDGE('',*,*,#7112,.F.);
#7148 = PLANE('',#7149);
#7149 = AXIS2_PLACEMENT_3D('',#7150,#7151,#7152);
#7150 = CARTESIAN_POINT('',(196.14705882352,-126.62,25.));
#7151 = DIRECTION('',(-1.,0.,0.));
#7152 = DIRECTION('',(0.,-2.22044604925E-16,-1.));
#7153 = ADVANCED_FACE('',(#7154),#7170,.T.);
#7154 = FACE_BOUND('',#7155,.T.);
#7155 = EDGE_LOOP('',(#7156,#7157,#7163,#7164));
#7156 = ORIENTED_EDGE('',*,*,#3928,.T.);
#7157 = ORIENTED_EDGE('',*,*,#7158,.T.);
#7158 = EDGE_CURVE('',#3931,#2835,#7159,.T.);
#7159 = LINE('',#7160,#7161);
#7160 = CARTESIAN_POINT('',(191.97058823529,-126.62,25.));
#7161 = VECTOR('',#7162,1.);
#7162 = DIRECTION('',(0.,1.,-2.22044604925E-16));
#7163 = ORIENTED_EDGE('',*,*,#2832,.F.);
#7164 = ORIENTED_EDGE('',*,*,#7165,.F.);
#7165 = EDGE_CURVE('',#3929,#2833,#7166,.T.);
#7166 = LINE('',#7167,#7168);
#7167 = CARTESIAN_POINT('',(191.97058823529,-126.62,13.));
#7168 = VECTOR('',#7169,1.);
#7169 = DIRECTION('',(0.,1.,-2.22044604925E-16));
#7170 = PLANE('',#7171);
#7171 = AXIS2_PLACEMENT_3D('',#7172,#7173,#7174);
#7172 = CARTESIAN_POINT('',(191.97058823529,-126.62,25.));
#7173 = DIRECTION('',(-1.,0.,0.));
#7174 = DIRECTION('',(0.,-2.22044604925E-16,-1.));
#7175 = ADVANCED_FACE('',(#7176),#7187,.F.);
#7176 = FACE_BOUND('',#7177,.F.);
#7177 = EDGE_LOOP('',(#7178,#7179,#7185,#7186));
#7178 = ORIENTED_EDGE('',*,*,#3955,.F.);
#7179 = ORIENTED_EDGE('',*,*,#7180,.T.);
#7180 = EDGE_CURVE('',#3948,#2852,#7181,.T.);
#7181 = LINE('',#7182,#7183);
#7182 = CARTESIAN_POINT('',(187.97058823529,-126.62,13.));
#7183 = VECTOR('',#7184,1.);
#7184 = DIRECTION('',(0.,1.,-2.22044604925E-16));
#7185 = ORIENTED_EDGE('',*,*,#2859,.T.);
#7186 = ORIENTED_EDGE('',*,*,#7165,.F.);
#7187 = CYLINDRICAL_SURFACE('',#7188,2.);
#7188 = AXIS2_PLACEMENT_3D('',#7189,#7190,#7191);
#7189 = CARTESIAN_POINT('',(189.97058823529,-126.62,13.));
#7190 = DIRECTION('',(0.,-1.,2.22044604925E-16));
#7191 = DIRECTION('',(1.,0.,0.));
#7192 = ADVANCED_FACE('',(#7193),#7204,.F.);
#7193 = FACE_BOUND('',#7194,.F.);
#7194 = EDGE_LOOP('',(#7195,#7196,#7197,#7198));
#7195 = ORIENTED_EDGE('',*,*,#3938,.F.);
#7196 = ORIENTED_EDGE('',*,*,#7158,.T.);
#7197 = ORIENTED_EDGE('',*,*,#2842,.T.);
#7198 = ORIENTED_EDGE('',*,*,#7199,.F.);
#7199 = EDGE_CURVE('',#3939,#2843,#7200,.T.);
#7200 = LINE('',#7201,#7202);
#7201 = CARTESIAN_POINT('',(187.97058823529,-126.62,25.));
#7202 = VECTOR('',#7203,1.);
#7203 = DIRECTION('',(0.,1.,-2.22044604925E-16));
#7204 = CYLINDRICAL_SURFACE('',#7205,2.);
#7205 = AXIS2_PLACEMENT_3D('',#7206,#7207,#7208);
#7206 = CARTESIAN_POINT('',(189.97058823529,-126.62,25.));
#7207 = DIRECTION('',(0.,-1.,2.22044604925E-16));
#7208 = DIRECTION('',(1.,0.,0.));
#7209 = ADVANCED_FACE('',(#7210),#7216,.F.);
#7210 = FACE_BOUND('',#7211,.F.);
#7211 = EDGE_LOOP('',(#7212,#7213,#7214,#7215));
#7212 = ORIENTED_EDGE('',*,*,#3947,.T.);
#7213 = ORIENTED_EDGE('',*,*,#7199,.T.);
#7214 = ORIENTED_EDGE('',*,*,#2851,.F.);
#7215 = ORIENTED_EDGE('',*,*,#7180,.F.);
#7216 = PLANE('',#7217);
#7217 = AXIS2_PLACEMENT_3D('',#7218,#7219,#7220);
#7218 = CARTESIAN_POINT('',(187.97058823529,-126.62,25.));
#7219 = DIRECTION('',(-1.,0.,0.));
#7220 = DIRECTION('',(0.,-2.22044604925E-16,-1.));
#7221 = ADVANCED_FACE('',(#7222),#7238,.T.);
#7222 = FACE_BOUND('',#7223,.T.);
#7223 = EDGE_LOOP('',(#7224,#7225,#7231,#7232));
#7224 = ORIENTED_EDGE('',*,*,#3892,.T.);
#7225 = ORIENTED_EDGE('',*,*,#7226,.T.);
#7226 = EDGE_CURVE('',#3895,#2871,#7227,.T.);
#7227 = LINE('',#7228,#7229);
#7228 = CARTESIAN_POINT('',(183.79411764705,-126.62,25.));
#7229 = VECTOR('',#7230,1.);
#7230 = DIRECTION('',(0.,1.,-2.22044604925E-16));
#7231 = ORIENTED_EDGE('',*,*,#2868,.F.);
#7232 = ORIENTED_EDGE('',*,*,#7233,.F.);
#7233 = EDGE_CURVE('',#3893,#2869,#7234,.T.);
#7234 = LINE('',#7235,#7236);
#7235 = CARTESIAN_POINT('',(183.79411764705,-126.62,13.));
#7236 = VECTOR('',#7237,1.);
#7237 = DIRECTION('',(0.,1.,-2.22044604925E-16));
#7238 = PLANE('',#7239);
#7239 = AXIS2_PLACEMENT_3D('',#7240,#7241,#7242);
#7240 = CARTESIAN_POINT('',(183.79411764705,-126.62,25.));
#7241 = DIRECTION('',(-1.,0.,0.));
#7242 = DIRECTION('',(0.,-2.22044604925E-16,-1.));
#7243 = ADVANCED_FACE('',(#7244),#7255,.F.);
#7244 = FACE_BOUND('',#7245,.F.);
#7245 = EDGE_LOOP('',(#7246,#7247,#7253,#7254));
#7246 = ORIENTED_EDGE('',*,*,#3919,.F.);
#7247 = ORIENTED_EDGE('',*,*,#7248,.T.);
#7248 = EDGE_CURVE('',#3912,#2888,#7249,.T.);
#7249 = LINE('',#7250,#7251);
#7250 = CARTESIAN_POINT('',(179.79411764705,-126.62,13.));
#7251 = VECTOR('',#7252,1.);
#7252 = DIRECTION('',(0.,1.,-2.22044604925E-16));
#7253 = ORIENTED_EDGE('',*,*,#2895,.T.);
#7254 = ORIENTED_EDGE('',*,*,#7233,.F.);
#7255 = CYLINDRICAL_SURFACE('',#7256,2.);
#7256 = AXIS2_PLACEMENT_3D('',#7257,#7258,#7259);
#7257 = CARTESIAN_POINT('',(181.79411764705,-126.62,13.));
#7258 = DIRECTION('',(0.,-1.,2.22044604925E-16));
#7259 = DIRECTION('',(1.,0.,0.));
#7260 = ADVANCED_FACE('',(#7261),#7272,.F.);
#7261 = FACE_BOUND('',#7262,.F.);
#7262 = EDGE_LOOP('',(#7263,#7264,#7265,#7266));
#7263 = ORIENTED_EDGE('',*,*,#3902,.F.);
#7264 = ORIENTED_EDGE('',*,*,#7226,.T.);
#7265 = ORIENTED_EDGE('',*,*,#2878,.T.);
#7266 = ORIENTED_EDGE('',*,*,#7267,.F.);
#7267 = EDGE_CURVE('',#3903,#2879,#7268,.T.);
#7268 = LINE('',#7269,#7270);
#7269 = CARTESIAN_POINT('',(179.79411764705,-126.62,25.));
#7270 = VECTOR('',#7271,1.);
#7271 = DIRECTION('',(0.,1.,-2.22044604925E-16));
#7272 = CYLINDRICAL_SURFACE('',#7273,2.);
#7273 = AXIS2_PLACEMENT_3D('',#7274,#7275,#7276);
#7274 = CARTESIAN_POINT('',(181.79411764705,-126.62,25.));
#7275 = DIRECTION('',(0.,-1.,2.22044604925E-16));
#7276 = DIRECTION('',(1.,0.,0.));
#7277 = ADVANCED_FACE('',(#7278),#7284,.F.);
#7278 = FACE_BOUND('',#7279,.F.);
#7279 = EDGE_LOOP('',(#7280,#7281,#7282,#7283));
#7280 = ORIENTED_EDGE('',*,*,#3911,.T.);
#7281 = ORIENTED_EDGE('',*,*,#7267,.T.);
#7282 = ORIENTED_EDGE('',*,*,#2887,.F.);
#7283 = ORIENTED_EDGE('',*,*,#7248,.F.);
#7284 = PLANE('',#7285);
#7285 = AXIS2_PLACEMENT_3D('',#7286,#7287,#7288);
#7286 = CARTESIAN_POINT('',(179.79411764705,-126.62,25.));
#7287 = DIRECTION('',(-1.,0.,0.));
#7288 = DIRECTION('',(0.,-2.22044604925E-16,-1.));
#7289 = ADVANCED_FACE('',(#7290),#7306,.T.);
#7290 = FACE_BOUND('',#7291,.T.);
#7291 = EDGE_LOOP('',(#7292,#7293,#7299,#7300));
#7292 = ORIENTED_EDGE('',*,*,#3856,.T.);
#7293 = ORIENTED_EDGE('',*,*,#7294,.T.);
#7294 = EDGE_CURVE('',#3859,#2907,#7295,.T.);
#7295 = LINE('',#7296,#7297);
#7296 = CARTESIAN_POINT('',(175.61764705882,-126.62,25.));
#7297 = VECTOR('',#7298,1.);
#7298 = DIRECTION('',(0.,1.,-2.22044604925E-16));
#7299 = ORIENTED_EDGE('',*,*,#2904,.F.);
#7300 = ORIENTED_EDGE('',*,*,#7301,.F.);
#7301 = EDGE_CURVE('',#3857,#2905,#7302,.T.);
#7302 = LINE('',#7303,#7304);
#7303 = CARTESIAN_POINT('',(175.61764705882,-126.62,13.));
#7304 = VECTOR('',#7305,1.);
#7305 = DIRECTION('',(0.,1.,-2.22044604925E-16));
#7306 = PLANE('',#7307);
#7307 = AXIS2_PLACEMENT_3D('',#7308,#7309,#7310);
#7308 = CARTESIAN_POINT('',(175.61764705882,-126.62,25.));
#7309 = DIRECTION('',(-1.,0.,0.));
#7310 = DIRECTION('',(0.,-2.22044604925E-16,-1.));
#7311 = ADVANCED_FACE('',(#7312),#7323,.F.);
#7312 = FACE_BOUND('',#7313,.F.);
#7313 = EDGE_LOOP('',(#7314,#7315,#7321,#7322));
#7314 = ORIENTED_EDGE('',*,*,#3883,.F.);
#7315 = ORIENTED_EDGE('',*,*,#7316,.T.);
#7316 = EDGE_CURVE('',#3876,#2924,#7317,.T.);
#7317 = LINE('',#7318,#7319);
#7318 = CARTESIAN_POINT('',(171.61764705882,-126.62,13.));
#7319 = VECTOR('',#7320,1.);
#7320 = DIRECTION('',(0.,1.,-2.22044604925E-16));
#7321 = ORIENTED_EDGE('',*,*,#2931,.T.);
#7322 = ORIENTED_EDGE('',*,*,#7301,.F.);
#7323 = CYLINDRICAL_SURFACE('',#7324,2.);
#7324 = AXIS2_PLACEMENT_3D('',#7325,#7326,#7327);
#7325 = CARTESIAN_POINT('',(173.61764705882,-126.62,13.));
#7326 = DIRECTION('',(0.,-1.,2.22044604925E-16));
#7327 = DIRECTION('',(1.,0.,0.));
#7328 = ADVANCED_FACE('',(#7329),#7340,.F.);
#7329 = FACE_BOUND('',#7330,.F.);
#7330 = EDGE_LOOP('',(#7331,#7332,#7333,#7334));
#7331 = ORIENTED_EDGE('',*,*,#3866,.F.);
#7332 = ORIENTED_EDGE('',*,*,#7294,.T.);
#7333 = ORIENTED_EDGE('',*,*,#2914,.T.);
#7334 = ORIENTED_EDGE('',*,*,#7335,.F.);
#7335 = EDGE_CURVE('',#3867,#2915,#7336,.T.);
#7336 = LINE('',#7337,#7338);
#7337 = CARTESIAN_POINT('',(171.61764705882,-126.62,25.));
#7338 = VECTOR('',#7339,1.);
#7339 = DIRECTION('',(0.,1.,-2.22044604925E-16));
#7340 = CYLINDRICAL_SURFACE('',#7341,2.);
#7341 = AXIS2_PLACEMENT_3D('',#7342,#7343,#7344);
#7342 = CARTESIAN_POINT('',(173.61764705882,-126.62,25.));
#7343 = DIRECTION('',(0.,-1.,2.22044604925E-16));
#7344 = DIRECTION('',(1.,0.,0.));
#7345 = ADVANCED_FACE('',(#7346),#7352,.F.);
#7346 = FACE_BOUND('',#7347,.F.);
#7347 = EDGE_LOOP('',(#7348,#7349,#7350,#7351));
#7348 = ORIENTED_EDGE('',*,*,#3875,.T.);
#7349 = ORIENTED_EDGE('',*,*,#7335,.T.);
#7350 = ORIENTED_EDGE('',*,*,#2923,.F.);
#7351 = ORIENTED_EDGE('',*,*,#7316,.F.);
#7352 = PLANE('',#7353);
#7353 = AXIS2_PLACEMENT_3D('',#7354,#7355,#7356);
#7354 = CARTESIAN_POINT('',(171.61764705882,-126.62,25.));
#7355 = DIRECTION('',(-1.,0.,0.));
#7356 = DIRECTION('',(0.,-2.22044604925E-16,-1.));
#7357 = ADVANCED_FACE('',(#7358),#7374,.T.);
#7358 = FACE_BOUND('',#7359,.T.);
#7359 = EDGE_LOOP('',(#7360,#7361,#7367,#7368));
#7360 = ORIENTED_EDGE('',*,*,#3820,.T.);
#7361 = ORIENTED_EDGE('',*,*,#7362,.T.);
#7362 = EDGE_CURVE('',#3823,#2943,#7363,.T.);
#7363 = LINE('',#7364,#7365);
#7364 = CARTESIAN_POINT('',(167.44117647058,-126.62,25.));
#7365 = VECTOR('',#7366,1.);
#7366 = DIRECTION('',(0.,1.,-2.22044604925E-16));
#7367 = ORIENTED_EDGE('',*,*,#2940,.F.);
#7368 = ORIENTED_EDGE('',*,*,#7369,.F.);
#7369 = EDGE_CURVE('',#3821,#2941,#7370,.T.);
#7370 = LINE('',#7371,#7372);
#7371 = CARTESIAN_POINT('',(167.44117647058,-126.62,13.));
#7372 = VECTOR('',#7373,1.);
#7373 = DIRECTION('',(0.,1.,-2.22044604925E-16));
#7374 = PLANE('',#7375);
#7375 = AXIS2_PLACEMENT_3D('',#7376,#7377,#7378);
#7376 = CARTESIAN_POINT('',(167.44117647058,-126.62,25.));
#7377 = DIRECTION('',(-1.,0.,0.));
#7378 = DIRECTION('',(0.,-2.22044604925E-16,-1.));
#7379 = ADVANCED_FACE('',(#7380),#7391,.F.);
#7380 = FACE_BOUND('',#7381,.F.);
#7381 = EDGE_LOOP('',(#7382,#7383,#7389,#7390));
#7382 = ORIENTED_EDGE('',*,*,#3847,.F.);
#7383 = ORIENTED_EDGE('',*,*,#7384,.T.);
#7384 = EDGE_CURVE('',#3840,#2960,#7385,.T.);
#7385 = LINE('',#7386,#7387);
#7386 = CARTESIAN_POINT('',(163.44117647058,-126.62,13.));
#7387 = VECTOR('',#7388,1.);
#7388 = DIRECTION('',(0.,1.,-2.22044604925E-16));
#7389 = ORIENTED_EDGE('',*,*,#2967,.T.);
#7390 = ORIENTED_EDGE('',*,*,#7369,.F.);
#7391 = CYLINDRICAL_SURFACE('',#7392,2.);
#7392 = AXIS2_PLACEMENT_3D('',#7393,#7394,#7395);
#7393 = CARTESIAN_POINT('',(165.44117647058,-126.62,13.));
#7394 = DIRECTION('',(0.,-1.,2.22044604925E-16));
#7395 = DIRECTION('',(1.,0.,0.));
#7396 = ADVANCED_FACE('',(#7397),#7408,.F.);
#7397 = FACE_BOUND('',#7398,.F.);
#7398 = EDGE_LOOP('',(#7399,#7400,#7401,#7402));
#7399 = ORIENTED_EDGE('',*,*,#3830,.F.);
#7400 = ORIENTED_EDGE('',*,*,#7362,.T.);
#7401 = ORIENTED_EDGE('',*,*,#2950,.T.);
#7402 = ORIENTED_EDGE('',*,*,#7403,.F.);
#7403 = EDGE_CURVE('',#3831,#2951,#7404,.T.);
#7404 = LINE('',#7405,#7406);
#7405 = CARTESIAN_POINT('',(163.44117647058,-126.62,25.));
#7406 = VECTOR('',#7407,1.);
#7407 = DIRECTION('',(0.,1.,-2.22044604925E-16));
#7408 = CYLINDRICAL_SURFACE('',#7409,2.);
#7409 = AXIS2_PLACEMENT_3D('',#7410,#7411,#7412);
#7410 = CARTESIAN_POINT('',(165.44117647058,-126.62,25.));
#7411 = DIRECTION('',(0.,-1.,2.22044604925E-16));
#7412 = DIRECTION('',(1.,0.,0.));
#7413 = ADVANCED_FACE('',(#7414),#7420,.F.);
#7414 = FACE_BOUND('',#7415,.F.);
#7415 = EDGE_LOOP('',(#7416,#7417,#7418,#7419));
#7416 = ORIENTED_EDGE('',*,*,#3839,.T.);
#7417 = ORIENTED_EDGE('',*,*,#7403,.T.);
#7418 = ORIENTED_EDGE('',*,*,#2959,.F.);
#7419 = ORIENTED_EDGE('',*,*,#7384,.F.);
#7420 = PLANE('',#7421);
#7421 = AXIS2_PLACEMENT_3D('',#7422,#7423,#7424);
#7422 = CARTESIAN_POINT('',(163.44117647058,-126.62,25.));
#7423 = DIRECTION('',(-1.,0.,0.));
#7424 = DIRECTION('',(0.,-2.22044604925E-16,-1.));
#7425 = ADVANCED_FACE('',(#7426),#7442,.T.);
#7426 = FACE_BOUND('',#7427,.T.);
#7427 = EDGE_LOOP('',(#7428,#7429,#7435,#7436));
#7428 = ORIENTED_EDGE('',*,*,#3784,.T.);
#7429 = ORIENTED_EDGE('',*,*,#7430,.T.);
#7430 = EDGE_CURVE('',#3787,#2979,#7431,.T.);
#7431 = LINE('',#7432,#7433);
#7432 = CARTESIAN_POINT('',(159.26470588235,-126.62,25.));
#7433 = VECTOR('',#7434,1.);
#7434 = DIRECTION('',(0.,1.,-2.22044604925E-16));
#7435 = ORIENTED_EDGE('',*,*,#2976,.F.);
#7436 = ORIENTED_EDGE('',*,*,#7437,.F.);
#7437 = EDGE_CURVE('',#3785,#2977,#7438,.T.);
#7438 = LINE('',#7439,#7440);
#7439 = CARTESIAN_POINT('',(159.26470588235,-126.62,13.));
#7440 = VECTOR('',#7441,1.);
#7441 = DIRECTION('',(0.,1.,-2.22044604925E-16));
#7442 = PLANE('',#7443);
#7443 = AXIS2_PLACEMENT_3D('',#7444,#7445,#7446);
#7444 = CARTESIAN_POINT('',(159.26470588235,-126.62,25.));
#7445 = DIRECTION('',(-1.,0.,0.));
#7446 = DIRECTION('',(0.,-2.22044604925E-16,-1.));
#7447 = ADVANCED_FACE('',(#7448),#7459,.F.);
#7448 = FACE_BOUND('',#7449,.F.);
#7449 = EDGE_LOOP('',(#7450,#7451,#7457,#7458));
#7450 = ORIENTED_EDGE('',*,*,#3811,.F.);
#7451 = ORIENTED_EDGE('',*,*,#7452,.T.);
#7452 = EDGE_CURVE('',#3804,#2996,#7453,.T.);
#7453 = LINE('',#7454,#7455);
#7454 = CARTESIAN_POINT('',(155.26470588235,-126.62,13.));
#7455 = VECTOR('',#7456,1.);
#7456 = DIRECTION('',(0.,1.,-2.22044604925E-16));
#7457 = ORIENTED_EDGE('',*,*,#3003,.T.);
#7458 = ORIENTED_EDGE('',*,*,#7437,.F.);
#7459 = CYLINDRICAL_SURFACE('',#7460,2.);
#7460 = AXIS2_PLACEMENT_3D('',#7461,#7462,#7463);
#7461 = CARTESIAN_POINT('',(157.26470588235,-126.62,13.));
#7462 = DIRECTION('',(0.,-1.,2.22044604925E-16));
#7463 = DIRECTION('',(1.,0.,0.));
#7464 = ADVANCED_FACE('',(#7465),#7476,.F.);
#7465 = FACE_BOUND('',#7466,.F.);
#7466 = EDGE_LOOP('',(#7467,#7468,#7469,#7470));
#7467 = ORIENTED_EDGE('',*,*,#3794,.F.);
#7468 = ORIENTED_EDGE('',*,*,#7430,.T.);
#7469 = ORIENTED_EDGE('',*,*,#2986,.T.);
#7470 = ORIENTED_EDGE('',*,*,#7471,.F.);
#7471 = EDGE_CURVE('',#3795,#2987,#7472,.T.);
#7472 = LINE('',#7473,#7474);
#7473 = CARTESIAN_POINT('',(155.26470588235,-126.62,25.));
#7474 = VECTOR('',#7475,1.);
#7475 = DIRECTION('',(0.,1.,-2.22044604925E-16));
#7476 = CYLINDRICAL_SURFACE('',#7477,2.);
#7477 = AXIS2_PLACEMENT_3D('',#7478,#7479,#7480);
#7478 = CARTESIAN_POINT('',(157.26470588235,-126.62,25.));
#7479 = DIRECTION('',(0.,-1.,2.22044604925E-16));
#7480 = DIRECTION('',(1.,0.,0.));
#7481 = ADVANCED_FACE('',(#7482),#7488,.F.);
#7482 = FACE_BOUND('',#7483,.F.);
#7483 = EDGE_LOOP('',(#7484,#7485,#7486,#7487));
#7484 = ORIENTED_EDGE('',*,*,#3803,.T.);
#7485 = ORIENTED_EDGE('',*,*,#7471,.T.);
#7486 = ORIENTED_EDGE('',*,*,#2995,.F.);
#7487 = ORIENTED_EDGE('',*,*,#7452,.F.);
#7488 = PLANE('',#7489);
#7489 = AXIS2_PLACEMENT_3D('',#7490,#7491,#7492);
#7490 = CARTESIAN_POINT('',(155.26470588235,-126.62,25.));
#7491 = DIRECTION('',(-1.,0.,0.));
#7492 = DIRECTION('',(0.,-2.22044604925E-16,-1.));
#7493 = ADVANCED_FACE('',(#7494),#7510,.T.);
#7494 = FACE_BOUND('',#7495,.T.);
#7495 = EDGE_LOOP('',(#7496,#7497,#7503,#7504));
#7496 = ORIENTED_EDGE('',*,*,#3748,.T.);
#7497 = ORIENTED_EDGE('',*,*,#7498,.T.);
#7498 = EDGE_CURVE('',#3751,#3015,#7499,.T.);
#7499 = LINE('',#7500,#7501);
#7500 = CARTESIAN_POINT('',(151.08823529411,-126.62,25.));
#7501 = VECTOR('',#7502,1.);
#7502 = DIRECTION('',(0.,1.,-2.22044604925E-16));
#7503 = ORIENTED_EDGE('',*,*,#3012,.F.);
#7504 = ORIENTED_EDGE('',*,*,#7505,.F.);
#7505 = EDGE_CURVE('',#3749,#3013,#7506,.T.);
#7506 = LINE('',#7507,#7508);
#7507 = CARTESIAN_POINT('',(151.08823529411,-126.62,13.));
#7508 = VECTOR('',#7509,1.);
#7509 = DIRECTION('',(0.,1.,-2.22044604925E-16));
#7510 = PLANE('',#7511);
#7511 = AXIS2_PLACEMENT_3D('',#7512,#7513,#7514);
#7512 = CARTESIAN_POINT('',(151.08823529411,-126.62,25.));
#7513 = DIRECTION('',(-1.,0.,0.));
#7514 = DIRECTION('',(0.,-2.22044604925E-16,-1.));
#7515 = ADVANCED_FACE('',(#7516),#7527,.F.);
#7516 = FACE_BOUND('',#7517,.F.);
#7517 = EDGE_LOOP('',(#7518,#7519,#7525,#7526));
#7518 = ORIENTED_EDGE('',*,*,#3775,.F.);
#7519 = ORIENTED_EDGE('',*,*,#7520,.T.);
#7520 = EDGE_CURVE('',#3768,#3032,#7521,.T.);
#7521 = LINE('',#7522,#7523);
#7522 = CARTESIAN_POINT('',(147.08823529411,-126.62,13.));
#7523 = VECTOR('',#7524,1.);
#7524 = DIRECTION('',(0.,1.,-2.22044604925E-16));
#7525 = ORIENTED_EDGE('',*,*,#3039,.T.);
#7526 = ORIENTED_EDGE('',*,*,#7505,.F.);
#7527 = CYLINDRICAL_SURFACE('',#7528,2.);
#7528 = AXIS2_PLACEMENT_3D('',#7529,#7530,#7531);
#7529 = CARTESIAN_POINT('',(149.08823529411,-126.62,13.));
#7530 = DIRECTION('',(0.,-1.,2.22044604925E-16));
#7531 = DIRECTION('',(1.,0.,0.));
#7532 = ADVANCED_FACE('',(#7533),#7544,.F.);
#7533 = FACE_BOUND('',#7534,.F.);
#7534 = EDGE_LOOP('',(#7535,#7536,#7537,#7538));
#7535 = ORIENTED_EDGE('',*,*,#3758,.F.);
#7536 = ORIENTED_EDGE('',*,*,#7498,.T.);
#7537 = ORIENTED_EDGE('',*,*,#3022,.T.);
#7538 = ORIENTED_EDGE('',*,*,#7539,.F.);
#7539 = EDGE_CURVE('',#3759,#3023,#7540,.T.);
#7540 = LINE('',#7541,#7542);
#7541 = CARTESIAN_POINT('',(147.08823529411,-126.62,25.));
#7542 = VECTOR('',#7543,1.);
#7543 = DIRECTION('',(0.,1.,-2.22044604925E-16));
#7544 = CYLINDRICAL_SURFACE('',#7545,2.);
#7545 = AXIS2_PLACEMENT_3D('',#7546,#7547,#7548);
#7546 = CARTESIAN_POINT('',(149.08823529411,-126.62,25.));
#7547 = DIRECTION('',(0.,-1.,2.22044604925E-16));
#7548 = DIRECTION('',(1.,0.,0.));
#7549 = ADVANCED_FACE('',(#7550),#7556,.F.);
#7550 = FACE_BOUND('',#7551,.F.);
#7551 = EDGE_LOOP('',(#7552,#7553,#7554,#7555));
#7552 = ORIENTED_EDGE('',*,*,#3767,.T.);
#7553 = ORIENTED_EDGE('',*,*,#7539,.T.);
#7554 = ORIENTED_EDGE('',*,*,#3031,.F.);
#7555 = ORIENTED_EDGE('',*,*,#7520,.F.);
#7556 = PLANE('',#7557);
#7557 = AXIS2_PLACEMENT_3D('',#7558,#7559,#7560);
#7558 = CARTESIAN_POINT('',(147.08823529411,-126.62,25.));
#7559 = DIRECTION('',(-1.,0.,0.));
#7560 = DIRECTION('',(0.,-2.22044604925E-16,-1.));
#7561 = ADVANCED_FACE('',(#7562),#7578,.T.);
#7562 = FACE_BOUND('',#7563,.T.);
#7563 = EDGE_LOOP('',(#7564,#7565,#7571,#7572));
#7564 = ORIENTED_EDGE('',*,*,#3712,.T.);
#7565 = ORIENTED_EDGE('',*,*,#7566,.T.);
#7566 = EDGE_CURVE('',#3715,#3051,#7567,.T.);
#7567 = LINE('',#7568,#7569);
#7568 = CARTESIAN_POINT('',(142.91176470588,-126.62,25.));
#7569 = VECTOR('',#7570,1.);
#7570 = DIRECTION('',(0.,1.,-2.22044604925E-16));
#7571 = ORIENTED_EDGE('',*,*,#3048,.F.);
#7572 = ORIENTED_EDGE('',*,*,#7573,.F.);
#7573 = EDGE_CURVE('',#3713,#3049,#7574,.T.);
#7574 = LINE('',#7575,#7576);
#7575 = CARTESIAN_POINT('',(142.91176470588,-126.62,13.));
#7576 = VECTOR('',#7577,1.);
#7577 = DIRECTION('',(0.,1.,-2.22044604925E-16));
#7578 = PLANE('',#7579);
#7579 = AXIS2_PLACEMENT_3D('',#7580,#7581,#7582);
#7580 = CARTESIAN_POINT('',(142.91176470588,-126.62,25.));
#7581 = DIRECTION('',(-1.,0.,0.));
#7582 = DIRECTION('',(0.,-2.22044604925E-16,-1.));
#7583 = ADVANCED_FACE('',(#7584),#7595,.F.);
#7584 = FACE_BOUND('',#7585,.F.);
#7585 = EDGE_LOOP('',(#7586,#7587,#7593,#7594));
#7586 = ORIENTED_EDGE('',*,*,#3739,.F.);
#7587 = ORIENTED_EDGE('',*,*,#7588,.T.);
#7588 = EDGE_CURVE('',#3732,#3068,#7589,.T.);
#7589 = LINE('',#7590,#7591);
#7590 = CARTESIAN_POINT('',(138.91176470588,-126.62,13.));
#7591 = VECTOR('',#7592,1.);
#7592 = DIRECTION('',(0.,1.,-2.22044604925E-16));
#7593 = ORIENTED_EDGE('',*,*,#3075,.T.);
#7594 = ORIENTED_EDGE('',*,*,#7573,.F.);
#7595 = CYLINDRICAL_SURFACE('',#7596,2.);
#7596 = AXIS2_PLACEMENT_3D('',#7597,#7598,#7599);
#7597 = CARTESIAN_POINT('',(140.91176470588,-126.62,13.));
#7598 = DIRECTION('',(0.,-1.,2.22044604925E-16));
#7599 = DIRECTION('',(1.,0.,0.));
#7600 = ADVANCED_FACE('',(#7601),#7612,.F.);
#7601 = FACE_BOUND('',#7602,.F.);
#7602 = EDGE_LOOP('',(#7603,#7604,#7605,#7606));
#7603 = ORIENTED_EDGE('',*,*,#3722,.F.);
#7604 = ORIENTED_EDGE('',*,*,#7566,.T.);
#7605 = ORIENTED_EDGE('',*,*,#3058,.T.);
#7606 = ORIENTED_EDGE('',*,*,#7607,.F.);
#7607 = EDGE_CURVE('',#3723,#3059,#7608,.T.);
#7608 = LINE('',#7609,#7610);
#7609 = CARTESIAN_POINT('',(138.91176470588,-126.62,25.));
#7610 = VECTOR('',#7611,1.);
#7611 = DIRECTION('',(0.,1.,-2.22044604925E-16));
#7612 = CYLINDRICAL_SURFACE('',#7613,2.);
#7613 = AXIS2_PLACEMENT_3D('',#7614,#7615,#7616);
#7614 = CARTESIAN_POINT('',(140.91176470588,-126.62,25.));
#7615 = DIRECTION('',(0.,-1.,2.22044604925E-16));
#7616 = DIRECTION('',(1.,0.,0.));
#7617 = ADVANCED_FACE('',(#7618),#7624,.F.);
#7618 = FACE_BOUND('',#7619,.F.);
#7619 = EDGE_LOOP('',(#7620,#7621,#7622,#7623));
#7620 = ORIENTED_EDGE('',*,*,#3731,.T.);
#7621 = ORIENTED_EDGE('',*,*,#7607,.T.);
#7622 = ORIENTED_EDGE('',*,*,#3067,.F.);
#7623 = ORIENTED_EDGE('',*,*,#7588,.F.);
#7624 = PLANE('',#7625);
#7625 = AXIS2_PLACEMENT_3D('',#7626,#7627,#7628);
#7626 = CARTESIAN_POINT('',(138.91176470588,-126.62,25.));
#7627 = DIRECTION('',(-1.,0.,0.));
#7628 = DIRECTION('',(0.,-2.22044604925E-16,-1.));
#7629 = ADVANCED_FACE('',(#7630),#7646,.T.);
#7630 = FACE_BOUND('',#7631,.T.);
#7631 = EDGE_LOOP('',(#7632,#7633,#7639,#7640));
#7632 = ORIENTED_EDGE('',*,*,#3676,.T.);
#7633 = ORIENTED_EDGE('',*,*,#7634,.T.);
#7634 = EDGE_CURVE('',#3679,#3087,#7635,.T.);
#7635 = LINE('',#7636,#7637);
#7636 = CARTESIAN_POINT('',(134.73529411764,-126.62,25.));
#7637 = VECTOR('',#7638,1.);
#7638 = DIRECTION('',(0.,1.,-2.22044604925E-16));
#7639 = ORIENTED_EDGE('',*,*,#3084,.F.);
#7640 = ORIENTED_EDGE('',*,*,#7641,.F.);
#7641 = EDGE_CURVE('',#3677,#3085,#7642,.T.);
#7642 = LINE('',#7643,#7644);
#7643 = CARTESIAN_POINT('',(134.73529411764,-126.62,13.));
#7644 = VECTOR('',#7645,1.);
#7645 = DIRECTION('',(0.,1.,-2.22044604925E-16));
#7646 = PLANE('',#7647);
#7647 = AXIS2_PLACEMENT_3D('',#7648,#7649,#7650);
#7648 = CARTESIAN_POINT('',(134.73529411764,-126.62,25.));
#7649 = DIRECTION('',(-1.,0.,0.));
#7650 = DIRECTION('',(0.,-2.22044604925E-16,-1.));
#7651 = ADVANCED_FACE('',(#7652),#7663,.F.);
#7652 = FACE_BOUND('',#7653,.F.);
#7653 = EDGE_LOOP('',(#7654,#7655,#7661,#7662));
#7654 = ORIENTED_EDGE('',*,*,#3703,.F.);
#7655 = ORIENTED_EDGE('',*,*,#7656,.T.);
#7656 = EDGE_CURVE('',#3696,#3104,#7657,.T.);
#7657 = LINE('',#7658,#7659);
#7658 = CARTESIAN_POINT('',(130.73529411764,-126.62,13.));
#7659 = VECTOR('',#7660,1.);
#7660 = DIRECTION('',(0.,1.,-2.22044604925E-16));
#7661 = ORIENTED_EDGE('',*,*,#3111,.T.);
#7662 = ORIENTED_EDGE('',*,*,#7641,.F.);
#7663 = CYLINDRICAL_SURFACE('',#7664,2.);
#7664 = AXIS2_PLACEMENT_3D('',#7665,#7666,#7667);
#7665 = CARTESIAN_POINT('',(132.73529411764,-126.62,13.));
#7666 = DIRECTION('',(0.,-1.,2.22044604925E-16));
#7667 = DIRECTION('',(1.,0.,0.));
#7668 = ADVANCED_FACE('',(#7669),#7680,.F.);
#7669 = FACE_BOUND('',#7670,.F.);
#7670 = EDGE_LOOP('',(#7671,#7672,#7673,#7674));
#7671 = ORIENTED_EDGE('',*,*,#3686,.F.);
#7672 = ORIENTED_EDGE('',*,*,#7634,.T.);
#7673 = ORIENTED_EDGE('',*,*,#3094,.T.);
#7674 = ORIENTED_EDGE('',*,*,#7675,.F.);
#7675 = EDGE_CURVE('',#3687,#3095,#7676,.T.);
#7676 = LINE('',#7677,#7678);
#7677 = CARTESIAN_POINT('',(130.73529411764,-126.62,25.));
#7678 = VECTOR('',#7679,1.);
#7679 = DIRECTION('',(0.,1.,-2.22044604925E-16));
#7680 = CYLINDRICAL_SURFACE('',#7681,2.);
#7681 = AXIS2_PLACEMENT_3D('',#7682,#7683,#7684);
#7682 = CARTESIAN_POINT('',(132.73529411764,-126.62,25.));
#7683 = DIRECTION('',(0.,-1.,2.22044604925E-16));
#7684 = DIRECTION('',(1.,0.,0.));
#7685 = ADVANCED_FACE('',(#7686),#7692,.F.);
#7686 = FACE_BOUND('',#7687,.F.);
#7687 = EDGE_LOOP('',(#7688,#7689,#7690,#7691));
#7688 = ORIENTED_EDGE('',*,*,#3695,.T.);
#7689 = ORIENTED_EDGE('',*,*,#7675,.T.);
#7690 = ORIENTED_EDGE('',*,*,#3103,.F.);
#7691 = ORIENTED_EDGE('',*,*,#7656,.F.);
#7692 = PLANE('',#7693);
#7693 = AXIS2_PLACEMENT_3D('',#7694,#7695,#7696);
#7694 = CARTESIAN_POINT('',(130.73529411764,-126.62,25.));
#7695 = DIRECTION('',(-1.,0.,0.));
#7696 = DIRECTION('',(0.,-2.22044604925E-16,-1.));
#7697 = ADVANCED_FACE('',(#7698),#7714,.T.);
#7698 = FACE_BOUND('',#7699,.T.);
#7699 = EDGE_LOOP('',(#7700,#7701,#7707,#7708));
#7700 = ORIENTED_EDGE('',*,*,#3640,.T.);
#7701 = ORIENTED_EDGE('',*,*,#7702,.T.);
#7702 = EDGE_CURVE('',#3643,#3123,#7703,.T.);
#7703 = LINE('',#7704,#7705);
#7704 = CARTESIAN_POINT('',(126.55882352941,-126.62,25.));
#7705 = VECTOR('',#7706,1.);
#7706 = DIRECTION('',(0.,1.,-2.22044604925E-16));
#7707 = ORIENTED_EDGE('',*,*,#3120,.F.);
#7708 = ORIENTED_EDGE('',*,*,#7709,.F.);
#7709 = EDGE_CURVE('',#3641,#3121,#7710,.T.);
#7710 = LINE('',#7711,#7712);
#7711 = CARTESIAN_POINT('',(126.55882352941,-126.62,13.));
#7712 = VECTOR('',#7713,1.);
#7713 = DIRECTION('',(0.,1.,-2.22044604925E-16));
#7714 = PLANE('',#7715);
#7715 = AXIS2_PLACEMENT_3D('',#7716,#7717,#7718);
#7716 = CARTESIAN_POINT('',(126.55882352941,-126.62,25.));
#7717 = DIRECTION('',(-1.,0.,0.));
#7718 = DIRECTION('',(0.,-2.22044604925E-16,-1.));
#7719 = ADVANCED_FACE('',(#7720),#7731,.F.);
#7720 = FACE_BOUND('',#7721,.F.);
#7721 = EDGE_LOOP('',(#7722,#7723,#7729,#7730));
#7722 = ORIENTED_EDGE('',*,*,#3667,.F.);
#7723 = ORIENTED_EDGE('',*,*,#7724,.T.);
#7724 = EDGE_CURVE('',#3660,#3140,#7725,.T.);
#7725 = LINE('',#7726,#7727);
#7726 = CARTESIAN_POINT('',(122.55882352941,-126.62,13.));
#7727 = VECTOR('',#7728,1.);
#7728 = DIRECTION('',(0.,1.,-2.22044604925E-16));
#7729 = ORIENTED_EDGE('',*,*,#3147,.T.);
#7730 = ORIENTED_EDGE('',*,*,#7709,.F.);
#7731 = CYLINDRICAL_SURFACE('',#7732,2.);
#7732 = AXIS2_PLACEMENT_3D('',#7733,#7734,#7735);
#7733 = CARTESIAN_POINT('',(124.55882352941,-126.62,13.));
#7734 = DIRECTION('',(0.,-1.,2.22044604925E-16));
#7735 = DIRECTION('',(1.,0.,0.));
#7736 = ADVANCED_FACE('',(#7737),#7748,.F.);
#7737 = FACE_BOUND('',#7738,.F.);
#7738 = EDGE_LOOP('',(#7739,#7740,#7741,#7742));
#7739 = ORIENTED_EDGE('',*,*,#3650,.F.);
#7740 = ORIENTED_EDGE('',*,*,#7702,.T.);
#7741 = ORIENTED_EDGE('',*,*,#3130,.T.);
#7742 = ORIENTED_EDGE('',*,*,#7743,.F.);
#7743 = EDGE_CURVE('',#3651,#3131,#7744,.T.);
#7744 = LINE('',#7745,#7746);
#7745 = CARTESIAN_POINT('',(122.55882352941,-126.62,25.));
#7746 = VECTOR('',#7747,1.);
#7747 = DIRECTION('',(0.,1.,-2.22044604925E-16));
#7748 = CYLINDRICAL_SURFACE('',#7749,2.);
#7749 = AXIS2_PLACEMENT_3D('',#7750,#7751,#7752);
#7750 = CARTESIAN_POINT('',(124.55882352941,-126.62,25.));
#7751 = DIRECTION('',(0.,-1.,2.22044604925E-16));
#7752 = DIRECTION('',(1.,0.,0.));
#7753 = ADVANCED_FACE('',(#7754),#7760,.F.);
#7754 = FACE_BOUND('',#7755,.F.);
#7755 = EDGE_LOOP('',(#7756,#7757,#7758,#7759));
#7756 = ORIENTED_EDGE('',*,*,#3659,.T.);
#7757 = ORIENTED_EDGE('',*,*,#7743,.T.);
#7758 = ORIENTED_EDGE('',*,*,#3139,.F.);
#7759 = ORIENTED_EDGE('',*,*,#7724,.F.);
#7760 = PLANE('',#7761);
#7761 = AXIS2_PLACEMENT_3D('',#7762,#7763,#7764);
#7762 = CARTESIAN_POINT('',(122.55882352941,-126.62,25.));
#7763 = DIRECTION('',(-1.,0.,0.));
#7764 = DIRECTION('',(0.,-2.22044604925E-16,-1.));
#7765 = ADVANCED_FACE('',(#7766),#7782,.T.);
#7766 = FACE_BOUND('',#7767,.T.);
#7767 = EDGE_LOOP('',(#7768,#7769,#7775,#7776));
#7768 = ORIENTED_EDGE('',*,*,#3604,.T.);
#7769 = ORIENTED_EDGE('',*,*,#7770,.T.);
#7770 = EDGE_CURVE('',#3607,#3159,#7771,.T.);
#7771 = LINE('',#7772,#7773);
#7772 = CARTESIAN_POINT('',(118.38235294117,-126.62,25.));
#7773 = VECTOR('',#7774,1.);
#7774 = DIRECTION('',(0.,1.,-2.22044604925E-16));
#7775 = ORIENTED_EDGE('',*,*,#3156,.F.);
#7776 = ORIENTED_EDGE('',*,*,#7777,.F.);
#7777 = EDGE_CURVE('',#3605,#3157,#7778,.T.);
#7778 = LINE('',#7779,#7780);
#7779 = CARTESIAN_POINT('',(118.38235294117,-126.62,13.));
#7780 = VECTOR('',#7781,1.);
#7781 = DIRECTION('',(0.,1.,-2.22044604925E-16));
#7782 = PLANE('',#7783);
#7783 = AXIS2_PLACEMENT_3D('',#7784,#7785,#7786);
#7784 = CARTESIAN_POINT('',(118.38235294117,-126.62,25.));
#7785 = DIRECTION('',(-1.,0.,0.));
#7786 = DIRECTION('',(0.,-2.22044604925E-16,-1.));
#7787 = ADVANCED_FACE('',(#7788),#7799,.F.);
#7788 = FACE_BOUND('',#7789,.F.);
#7789 = EDGE_LOOP('',(#7790,#7791,#7797,#7798));
#7790 = ORIENTED_EDGE('',*,*,#3631,.F.);
#7791 = ORIENTED_EDGE('',*,*,#7792,.T.);
#7792 = EDGE_CURVE('',#3624,#3176,#7793,.T.);
#7793 = LINE('',#7794,#7795);
#7794 = CARTESIAN_POINT('',(114.38235294117,-126.62,13.));
#7795 = VECTOR('',#7796,1.);
#7796 = DIRECTION('',(0.,1.,-2.22044604925E-16));
#7797 = ORIENTED_EDGE('',*,*,#3183,.T.);
#7798 = ORIENTED_EDGE('',*,*,#7777,.F.);
#7799 = CYLINDRICAL_SURFACE('',#7800,2.);
#7800 = AXIS2_PLACEMENT_3D('',#7801,#7802,#7803);
#7801 = CARTESIAN_POINT('',(116.38235294117,-126.62,13.));
#7802 = DIRECTION('',(0.,-1.,2.22044604925E-16));
#7803 = DIRECTION('',(1.,0.,0.));
#7804 = ADVANCED_FACE('',(#7805),#7816,.F.);
#7805 = FACE_BOUND('',#7806,.F.);
#7806 = EDGE_LOOP('',(#7807,#7808,#7809,#7810));
#7807 = ORIENTED_EDGE('',*,*,#3614,.F.);
#7808 = ORIENTED_EDGE('',*,*,#7770,.T.);
#7809 = ORIENTED_EDGE('',*,*,#3166,.T.);
#7810 = ORIENTED_EDGE('',*,*,#7811,.F.);
#7811 = EDGE_CURVE('',#3615,#3167,#7812,.T.);
#7812 = LINE('',#7813,#7814);
#7813 = CARTESIAN_POINT('',(114.38235294117,-126.62,25.));
#7814 = VECTOR('',#7815,1.);
#7815 = DIRECTION('',(0.,1.,-2.22044604925E-16));
#7816 = CYLINDRICAL_SURFACE('',#7817,2.);
#7817 = AXIS2_PLACEMENT_3D('',#7818,#7819,#7820);
#7818 = CARTESIAN_POINT('',(116.38235294117,-126.62,25.));
#7819 = DIRECTION('',(0.,-1.,2.22044604925E-16));
#7820 = DIRECTION('',(1.,0.,0.));
#7821 = ADVANCED_FACE('',(#7822),#7828,.F.);
#7822 = FACE_BOUND('',#7823,.F.);
#7823 = EDGE_LOOP('',(#7824,#7825,#7826,#7827));
#7824 = ORIENTED_EDGE('',*,*,#3623,.T.);
#7825 = ORIENTED_EDGE('',*,*,#7811,.T.);
#7826 = ORIENTED_EDGE('',*,*,#3175,.F.);
#7827 = ORIENTED_EDGE('',*,*,#7792,.F.);
#7828 = PLANE('',#7829);
#7829 = AXIS2_PLACEMENT_3D('',#7830,#7831,#7832);
#7830 = CARTESIAN_POINT('',(114.38235294117,-126.62,25.));
#7831 = DIRECTION('',(-1.,0.,0.));
#7832 = DIRECTION('',(0.,-2.22044604925E-16,-1.));
#7833 = ADVANCED_FACE('',(#7834),#7850,.T.);
#7834 = FACE_BOUND('',#7835,.T.);
#7835 = EDGE_LOOP('',(#7836,#7837,#7843,#7844));
#7836 = ORIENTED_EDGE('',*,*,#3568,.T.);
#7837 = ORIENTED_EDGE('',*,*,#7838,.T.);
#7838 = EDGE_CURVE('',#3571,#3195,#7839,.T.);
#7839 = LINE('',#7840,#7841);
#7840 = CARTESIAN_POINT('',(110.20588235294,-126.62,25.));
#7841 = VECTOR('',#7842,1.);
#7842 = DIRECTION('',(0.,1.,-2.22044604925E-16));
#7843 = ORIENTED_EDGE('',*,*,#3192,.F.);
#7844 = ORIENTED_EDGE('',*,*,#7845,.F.);
#7845 = EDGE_CURVE('',#3569,#3193,#7846,.T.);
#7846 = LINE('',#7847,#7848);
#7847 = CARTESIAN_POINT('',(110.20588235294,-126.62,13.));
#7848 = VECTOR('',#7849,1.);
#7849 = DIRECTION('',(0.,1.,-2.22044604925E-16));
#7850 = PLANE('',#7851);
#7851 = AXIS2_PLACEMENT_3D('',#7852,#7853,#7854);
#7852 = CARTESIAN_POINT('',(110.20588235294,-126.62,25.));
#7853 = DIRECTION('',(-1.,0.,0.));
#7854 = DIRECTION('',(0.,-2.22044604925E-16,-1.));
#7855 = ADVANCED_FACE('',(#7856),#7867,.F.);
#7856 = FACE_BOUND('',#7857,.F.);
#7857 = EDGE_LOOP('',(#7858,#7859,#7865,#7866));
#7858 = ORIENTED_EDGE('',*,*,#3595,.F.);
#7859 = ORIENTED_EDGE('',*,*,#7860,.T.);
#7860 = EDGE_CURVE('',#3588,#3212,#7861,.T.);
#7861 = LINE('',#7862,#7863);
#7862 = CARTESIAN_POINT('',(106.20588235294,-126.62,13.));
#7863 = VECTOR('',#7864,1.);
#7864 = DIRECTION('',(0.,1.,-2.22044604925E-16));
#7865 = ORIENTED_EDGE('',*,*,#3219,.T.);
#7866 = ORIENTED_EDGE('',*,*,#7845,.F.);
#7867 = CYLINDRICAL_SURFACE('',#7868,2.);
#7868 = AXIS2_PLACEMENT_3D('',#7869,#7870,#7871);
#7869 = CARTESIAN_POINT('',(108.20588235294,-126.62,13.));
#7870 = DIRECTION('',(0.,-1.,2.22044604925E-16));
#7871 = DIRECTION('',(1.,0.,0.));
#7872 = ADVANCED_FACE('',(#7873),#7884,.F.);
#7873 = FACE_BOUND('',#7874,.F.);
#7874 = EDGE_LOOP('',(#7875,#7876,#7877,#7878));
#7875 = ORIENTED_EDGE('',*,*,#3578,.F.);
#7876 = ORIENTED_EDGE('',*,*,#7838,.T.);
#7877 = ORIENTED_EDGE('',*,*,#3202,.T.);
#7878 = ORIENTED_EDGE('',*,*,#7879,.F.);
#7879 = EDGE_CURVE('',#3579,#3203,#7880,.T.);
#7880 = LINE('',#7881,#7882);
#7881 = CARTESIAN_POINT('',(106.20588235294,-126.62,25.));
#7882 = VECTOR('',#7883,1.);
#7883 = DIRECTION('',(0.,1.,-2.22044604925E-16));
#7884 = CYLINDRICAL_SURFACE('',#7885,2.);
#7885 = AXIS2_PLACEMENT_3D('',#7886,#7887,#7888);
#7886 = CARTESIAN_POINT('',(108.20588235294,-126.62,25.));
#7887 = DIRECTION('',(0.,-1.,2.22044604925E-16));
#7888 = DIRECTION('',(1.,0.,0.));
#7889 = ADVANCED_FACE('',(#7890),#7896,.F.);
#7890 = FACE_BOUND('',#7891,.F.);
#7891 = EDGE_LOOP('',(#7892,#7893,#7894,#7895));
#7892 = ORIENTED_EDGE('',*,*,#3587,.T.);
#7893 = ORIENTED_EDGE('',*,*,#7879,.T.);
#7894 = ORIENTED_EDGE('',*,*,#3211,.F.);
#7895 = ORIENTED_EDGE('',*,*,#7860,.F.);
#7896 = PLANE('',#7897);
#7897 = AXIS2_PLACEMENT_3D('',#7898,#7899,#7900);
#7898 = CARTESIAN_POINT('',(106.20588235294,-126.62,25.));
#7899 = DIRECTION('',(-1.,0.,0.));
#7900 = DIRECTION('',(0.,-2.22044604925E-16,-1.));
#7901 = ADVANCED_FACE('',(#7902),#7918,.T.);
#7902 = FACE_BOUND('',#7903,.T.);
#7903 = EDGE_LOOP('',(#7904,#7905,#7911,#7912));
#7904 = ORIENTED_EDGE('',*,*,#3532,.T.);
#7905 = ORIENTED_EDGE('',*,*,#7906,.T.);
#7906 = EDGE_CURVE('',#3535,#3231,#7907,.T.);
#7907 = LINE('',#7908,#7909);
#7908 = CARTESIAN_POINT('',(102.0294117647,-126.62,25.));
#7909 = VECTOR('',#7910,1.);
#7910 = DIRECTION('',(0.,1.,-2.22044604925E-16));
#7911 = ORIENTED_EDGE('',*,*,#3228,.F.);
#7912 = ORIENTED_EDGE('',*,*,#7913,.F.);
#7913 = EDGE_CURVE('',#3533,#3229,#7914,.T.);
#7914 = LINE('',#7915,#7916);
#7915 = CARTESIAN_POINT('',(102.0294117647,-126.62,13.));
#7916 = VECTOR('',#7917,1.);
#7917 = DIRECTION('',(0.,1.,-2.22044604925E-16));
#7918 = PLANE('',#7919);
#7919 = AXIS2_PLACEMENT_3D('',#7920,#7921,#7922);
#7920 = CARTESIAN_POINT('',(102.0294117647,-126.62,25.));
#7921 = DIRECTION('',(-1.,0.,0.));
#7922 = DIRECTION('',(0.,-2.22044604925E-16,-1.));
#7923 = ADVANCED_FACE('',(#7924),#7935,.F.);
#7924 = FACE_BOUND('',#7925,.F.);
#7925 = EDGE_LOOP('',(#7926,#7927,#7933,#7934));
#7926 = ORIENTED_EDGE('',*,*,#3559,.F.);
#7927 = ORIENTED_EDGE('',*,*,#7928,.T.);
#7928 = EDGE_CURVE('',#3552,#3248,#7929,.T.);
#7929 = LINE('',#7930,#7931);
#7930 = CARTESIAN_POINT('',(98.029411764706,-126.62,13.));
#7931 = VECTOR('',#7932,1.);
#7932 = DIRECTION('',(0.,1.,-2.22044604925E-16));
#7933 = ORIENTED_EDGE('',*,*,#3255,.T.);
#7934 = ORIENTED_EDGE('',*,*,#7913,.F.);
#7935 = CYLINDRICAL_SURFACE('',#7936,2.);
#7936 = AXIS2_PLACEMENT_3D('',#7937,#7938,#7939);
#7937 = CARTESIAN_POINT('',(100.0294117647,-126.62,13.));
#7938 = DIRECTION('',(0.,-1.,2.22044604925E-16));
#7939 = DIRECTION('',(1.,0.,0.));
#7940 = ADVANCED_FACE('',(#7941),#7952,.F.);
#7941 = FACE_BOUND('',#7942,.F.);
#7942 = EDGE_LOOP('',(#7943,#7944,#7945,#7946));
#7943 = ORIENTED_EDGE('',*,*,#3542,.F.);
#7944 = ORIENTED_EDGE('',*,*,#7906,.T.);
#7945 = ORIENTED_EDGE('',*,*,#3238,.T.);
#7946 = ORIENTED_EDGE('',*,*,#7947,.F.);
#7947 = EDGE_CURVE('',#3543,#3239,#7948,.T.);
#7948 = LINE('',#7949,#7950);
#7949 = CARTESIAN_POINT('',(98.029411764706,-126.62,25.));
#7950 = VECTOR('',#7951,1.);
#7951 = DIRECTION('',(0.,1.,-2.22044604925E-16));
#7952 = CYLINDRICAL_SURFACE('',#7953,2.);
#7953 = AXIS2_PLACEMENT_3D('',#7954,#7955,#7956);
#7954 = CARTESIAN_POINT('',(100.0294117647,-126.62,25.));
#7955 = DIRECTION('',(0.,-1.,2.22044604925E-16));
#7956 = DIRECTION('',(1.,0.,0.));
#7957 = ADVANCED_FACE('',(#7958),#7964,.F.);
#7958 = FACE_BOUND('',#7959,.F.);
#7959 = EDGE_LOOP('',(#7960,#7961,#7962,#7963));
#7960 = ORIENTED_EDGE('',*,*,#3551,.T.);
#7961 = ORIENTED_EDGE('',*,*,#7947,.T.);
#7962 = ORIENTED_EDGE('',*,*,#3247,.F.);
#7963 = ORIENTED_EDGE('',*,*,#7928,.F.);
#7964 = PLANE('',#7965);
#7965 = AXIS2_PLACEMENT_3D('',#7966,#7967,#7968);
#7966 = CARTESIAN_POINT('',(98.029411764706,-126.62,25.));
#7967 = DIRECTION('',(-1.,0.,0.));
#7968 = DIRECTION('',(0.,-2.22044604925E-16,-1.));
#7969 = ADVANCED_FACE('',(#7970),#7986,.T.);
#7970 = FACE_BOUND('',#7971,.T.);
#7971 = EDGE_LOOP('',(#7972,#7973,#7979,#7980));
#7972 = ORIENTED_EDGE('',*,*,#3496,.T.);
#7973 = ORIENTED_EDGE('',*,*,#7974,.T.);
#7974 = EDGE_CURVE('',#3499,#3267,#7975,.T.);
#7975 = LINE('',#7976,#7977);
#7976 = CARTESIAN_POINT('',(93.852941176471,-126.62,25.));
#7977 = VECTOR('',#7978,1.);
#7978 = DIRECTION('',(0.,1.,-2.22044604925E-16));
#7979 = ORIENTED_EDGE('',*,*,#3264,.F.);
#7980 = ORIENTED_EDGE('',*,*,#7981,.F.);
#7981 = EDGE_CURVE('',#3497,#3265,#7982,.T.);
#7982 = LINE('',#7983,#7984);
#7983 = CARTESIAN_POINT('',(93.852941176471,-126.62,13.));
#7984 = VECTOR('',#7985,1.);
#7985 = DIRECTION('',(0.,1.,-2.22044604925E-16));
#7986 = PLANE('',#7987);
#7987 = AXIS2_PLACEMENT_3D('',#7988,#7989,#7990);
#7988 = CARTESIAN_POINT('',(93.852941176471,-126.62,25.));
#7989 = DIRECTION('',(-1.,0.,0.));
#7990 = DIRECTION('',(0.,-2.22044604925E-16,-1.));
#7991 = ADVANCED_FACE('',(#7992),#8003,.F.);
#7992 = FACE_BOUND('',#7993,.F.);
#7993 = EDGE_LOOP('',(#7994,#7995,#8001,#8002));
#7994 = ORIENTED_EDGE('',*,*,#3523,.F.);
#7995 = ORIENTED_EDGE('',*,*,#7996,.T.);
#7996 = EDGE_CURVE('',#3516,#3284,#7997,.T.);
#7997 = LINE('',#7998,#7999);
#7998 = CARTESIAN_POINT('',(89.852941176471,-126.62,13.));
#7999 = VECTOR('',#8000,1.);
#8000 = DIRECTION('',(0.,1.,-2.22044604925E-16));
#8001 = ORIENTED_EDGE('',*,*,#3291,.T.);
#8002 = ORIENTED_EDGE('',*,*,#7981,.F.);
#8003 = CYLINDRICAL_SURFACE('',#8004,2.);
#8004 = AXIS2_PLACEMENT_3D('',#8005,#8006,#8007);
#8005 = CARTESIAN_POINT('',(91.852941176471,-126.62,13.));
#8006 = DIRECTION('',(0.,-1.,2.22044604925E-16));
#8007 = DIRECTION('',(1.,0.,0.));
#8008 = ADVANCED_FACE('',(#8009),#8020,.F.);
#8009 = FACE_BOUND('',#8010,.F.);
#8010 = EDGE_LOOP('',(#8011,#8012,#8013,#8014));
#8011 = ORIENTED_EDGE('',*,*,#3506,.F.);
#8012 = ORIENTED_EDGE('',*,*,#7974,.T.);
#8013 = ORIENTED_EDGE('',*,*,#3274,.T.);
#8014 = ORIENTED_EDGE('',*,*,#8015,.F.);
#8015 = EDGE_CURVE('',#3507,#3275,#8016,.T.);
#8016 = LINE('',#8017,#8018);
#8017 = CARTESIAN_POINT('',(89.852941176471,-126.62,25.));
#8018 = VECTOR('',#8019,1.);
#8019 = DIRECTION('',(0.,1.,-2.22044604925E-16));
#8020 = CYLINDRICAL_SURFACE('',#8021,2.);
#8021 = AXIS2_PLACEMENT_3D('',#8022,#8023,#8024);
#8022 = CARTESIAN_POINT('',(91.852941176471,-126.62,25.));
#8023 = DIRECTION('',(0.,-1.,2.22044604925E-16));
#8024 = DIRECTION('',(1.,0.,0.));
#8025 = ADVANCED_FACE('',(#8026),#8032,.F.);
#8026 = FACE_BOUND('',#8027,.F.);
#8027 = EDGE_LOOP('',(#8028,#8029,#8030,#8031));
#8028 = ORIENTED_EDGE('',*,*,#3515,.T.);
#8029 = ORIENTED_EDGE('',*,*,#8015,.T.);
#8030 = ORIENTED_EDGE('',*,*,#3283,.F.);
#8031 = ORIENTED_EDGE('',*,*,#7996,.F.);
#8032 = PLANE('',#8033);
#8033 = AXIS2_PLACEMENT_3D('',#8034,#8035,#8036);
#8034 = CARTESIAN_POINT('',(89.852941176471,-126.62,25.));
#8035 = DIRECTION('',(-1.,0.,0.));
#8036 = DIRECTION('',(0.,-2.22044604925E-16,-1.));
#8037 = ADVANCED_FACE('',(#8038),#8054,.T.);
#8038 = FACE_BOUND('',#8039,.T.);
#8039 = EDGE_LOOP('',(#8040,#8041,#8047,#8048));
#8040 = ORIENTED_EDGE('',*,*,#3460,.T.);
#8041 = ORIENTED_EDGE('',*,*,#8042,.T.);
#8042 = EDGE_CURVE('',#3463,#3303,#8043,.T.);
#8043 = LINE('',#8044,#8045);
#8044 = CARTESIAN_POINT('',(85.676470588235,-126.62,25.));
#8045 = VECTOR('',#8046,1.);
#8046 = DIRECTION('',(0.,1.,-2.22044604925E-16));
#8047 = ORIENTED_EDGE('',*,*,#3300,.F.);
#8048 = ORIENTED_EDGE('',*,*,#8049,.F.);
#8049 = EDGE_CURVE('',#3461,#3301,#8050,.T.);
#8050 = LINE('',#8051,#8052);
#8051 = CARTESIAN_POINT('',(85.676470588235,-126.62,13.));
#8052 = VECTOR('',#8053,1.);
#8053 = DIRECTION('',(0.,1.,-2.22044604925E-16));
#8054 = PLANE('',#8055);
#8055 = AXIS2_PLACEMENT_3D('',#8056,#8057,#8058);
#8056 = CARTESIAN_POINT('',(85.676470588235,-126.62,25.));
#8057 = DIRECTION('',(-1.,0.,0.));
#8058 = DIRECTION('',(0.,-2.22044604925E-16,-1.));
#8059 = ADVANCED_FACE('',(#8060),#8071,.F.);
#8060 = FACE_BOUND('',#8061,.F.);
#8061 = EDGE_LOOP('',(#8062,#8063,#8069,#8070));
#8062 = ORIENTED_EDGE('',*,*,#3487,.F.);
#8063 = ORIENTED_EDGE('',*,*,#8064,.T.);
#8064 = EDGE_CURVE('',#3480,#3320,#8065,.T.);
#8065 = LINE('',#8066,#8067);
#8066 = CARTESIAN_POINT('',(81.676470588235,-126.62,13.));
#8067 = VECTOR('',#8068,1.);
#8068 = DIRECTION('',(0.,1.,-2.22044604925E-16));
#8069 = ORIENTED_EDGE('',*,*,#3327,.T.);
#8070 = ORIENTED_EDGE('',*,*,#8049,.F.);
#8071 = CYLINDRICAL_SURFACE('',#8072,2.);
#8072 = AXIS2_PLACEMENT_3D('',#8073,#8074,#8075);
#8073 = CARTESIAN_POINT('',(83.676470588235,-126.62,13.));
#8074 = DIRECTION('',(0.,-1.,2.22044604925E-16));
#8075 = DIRECTION('',(1.,0.,0.));
#8076 = ADVANCED_FACE('',(#8077),#8088,.F.);
#8077 = FACE_BOUND('',#8078,.F.);
#8078 = EDGE_LOOP('',(#8079,#8080,#8081,#8082));
#8079 = ORIENTED_EDGE('',*,*,#3470,.F.);
#8080 = ORIENTED_EDGE('',*,*,#8042,.T.);
#8081 = ORIENTED_EDGE('',*,*,#3310,.T.);
#8082 = ORIENTED_EDGE('',*,*,#8083,.F.);
#8083 = EDGE_CURVE('',#3471,#3311,#8084,.T.);
#8084 = LINE('',#8085,#8086);
#8085 = CARTESIAN_POINT('',(81.676470588235,-126.62,25.));
#8086 = VECTOR('',#8087,1.);
#8087 = DIRECTION('',(0.,1.,-2.22044604925E-16));
#8088 = CYLINDRICAL_SURFACE('',#8089,2.);
#8089 = AXIS2_PLACEMENT_3D('',#8090,#8091,#8092);
#8090 = CARTESIAN_POINT('',(83.676470588235,-126.62,25.));
#8091 = DIRECTION('',(0.,-1.,2.22044604925E-16));
#8092 = DIRECTION('',(1.,0.,0.));
#8093 = ADVANCED_FACE('',(#8094),#8100,.F.);
#8094 = FACE_BOUND('',#8095,.F.);
#8095 = EDGE_LOOP('',(#8096,#8097,#8098,#8099));
#8096 = ORIENTED_EDGE('',*,*,#3479,.T.);
#8097 = ORIENTED_EDGE('',*,*,#8083,.T.);
#8098 = ORIENTED_EDGE('',*,*,#3319,.F.);
#8099 = ORIENTED_EDGE('',*,*,#8064,.F.);
#8100 = PLANE('',#8101);
#8101 = AXIS2_PLACEMENT_3D('',#8102,#8103,#8104);
#8102 = CARTESIAN_POINT('',(81.676470588235,-126.62,25.));
#8103 = DIRECTION('',(-1.,0.,0.));
#8104 = DIRECTION('',(0.,-2.22044604925E-16,-1.));
#8105 = ADVANCED_FACE('',(#8106),#8122,.T.);
#8106 = FACE_BOUND('',#8107,.T.);
#8107 = EDGE_LOOP('',(#8108,#8109,#8115,#8116));
#8108 = ORIENTED_EDGE('',*,*,#3424,.T.);
#8109 = ORIENTED_EDGE('',*,*,#8110,.T.);
#8110 = EDGE_CURVE('',#3427,#3339,#8111,.T.);
#8111 = LINE('',#8112,#8113);
#8112 = CARTESIAN_POINT('',(77.5,-126.62,25.));
#8113 = VECTOR('',#8114,1.);
#8114 = DIRECTION('',(0.,1.,-2.22044604925E-16));
#8115 = ORIENTED_EDGE('',*,*,#3336,.F.);
#8116 = ORIENTED_EDGE('',*,*,#8117,.F.);
#8117 = EDGE_CURVE('',#3425,#3337,#8118,.T.);
#8118 = LINE('',#8119,#8120);
#8119 = CARTESIAN_POINT('',(77.5,-126.62,13.));
#8120 = VECTOR('',#8121,1.);
#8121 = DIRECTION('',(0.,1.,-2.22044604925E-16));
#8122 = PLANE('',#8123);
#8123 = AXIS2_PLACEMENT_3D('',#8124,#8125,#8126);
#8124 = CARTESIAN_POINT('',(77.5,-126.62,25.));
#8125 = DIRECTION('',(-1.,0.,0.));
#8126 = DIRECTION('',(0.,-2.22044604925E-16,-1.));
#8127 = ADVANCED_FACE('',(#8128),#8139,.F.);
#8128 = FACE_BOUND('',#8129,.F.);
#8129 = EDGE_LOOP('',(#8130,#8131,#8137,#8138));
#8130 = ORIENTED_EDGE('',*,*,#3451,.F.);
#8131 = ORIENTED_EDGE('',*,*,#8132,.T.);
#8132 = EDGE_CURVE('',#3444,#3356,#8133,.T.);
#8133 = LINE('',#8134,#8135);
#8134 = CARTESIAN_POINT('',(73.5,-126.62,13.));
#8135 = VECTOR('',#8136,1.);
#8136 = DIRECTION('',(0.,1.,-2.22044604925E-16));
#8137 = ORIENTED_EDGE('',*,*,#3363,.T.);
#8138 = ORIENTED_EDGE('',*,*,#8117,.F.);
#8139 = CYLINDRICAL_SURFACE('',#8140,2.);
#8140 = AXIS2_PLACEMENT_3D('',#8141,#8142,#8143);
#8141 = CARTESIAN_POINT('',(75.5,-126.62,13.));
#8142 = DIRECTION('',(0.,-1.,2.22044604925E-16));
#8143 = DIRECTION('',(1.,0.,0.));
#8144 = ADVANCED_FACE('',(#8145),#8156,.F.);
#8145 = FACE_BOUND('',#8146,.F.);
#8146 = EDGE_LOOP('',(#8147,#8148,#8149,#8150));
#8147 = ORIENTED_EDGE('',*,*,#3434,.F.);
#8148 = ORIENTED_EDGE('',*,*,#8110,.T.);
#8149 = ORIENTED_EDGE('',*,*,#3346,.T.);
#8150 = ORIENTED_EDGE('',*,*,#8151,.F.);
#8151 = EDGE_CURVE('',#3435,#3347,#8152,.T.);
#8152 = LINE('',#8153,#8154);
#8153 = CARTESIAN_POINT('',(73.5,-126.62,25.));
#8154 = VECTOR('',#8155,1.);
#8155 = DIRECTION('',(0.,1.,-2.22044604925E-16));
#8156 = CYLINDRICAL_SURFACE('',#8157,2.);
#8157 = AXIS2_PLACEMENT_3D('',#8158,#8159,#8160);
#8158 = CARTESIAN_POINT('',(75.5,-126.62,25.));
#8159 = DIRECTION('',(0.,-1.,2.22044604925E-16));
#8160 = DIRECTION('',(1.,0.,0.));
#8161 = ADVANCED_FACE('',(#8162),#8168,.F.);
#8162 = FACE_BOUND('',#8163,.F.);
#8163 = EDGE_LOOP('',(#8164,#8165,#8166,#8167));
#8164 = ORIENTED_EDGE('',*,*,#3443,.T.);
#8165 = ORIENTED_EDGE('',*,*,#8151,.T.);
#8166 = ORIENTED_EDGE('',*,*,#3355,.F.);
#8167 = ORIENTED_EDGE('',*,*,#8132,.F.);
#8168 = PLANE('',#8169);
#8169 = AXIS2_PLACEMENT_3D('',#8170,#8171,#8172);
#8170 = CARTESIAN_POINT('',(73.5,-126.62,25.));
#8171 = DIRECTION('',(-1.,0.,0.));
#8172 = DIRECTION('',(0.,-2.22044604925E-16,-1.));
#8173 = ADVANCED_FACE('',(#8174),#8179,.T.);
#8174 = FACE_BOUND('',#8175,.T.);
#8175 = EDGE_LOOP('',(#8176,#8177,#8178));
#8176 = ORIENTED_EDGE('',*,*,#4108,.F.);
#8177 = ORIENTED_EDGE('',*,*,#3378,.T.);
#8178 = ORIENTED_EDGE('',*,*,#5805,.F.);
#8179 = SPHERICAL_SURFACE('',#8180,2.);
#8180 = AXIS2_PLACEMENT_3D('',#8181,#8182,#8183);
#8181 = CARTESIAN_POINT('',(245.5,-68.62,35.));
#8182 = DIRECTION('',(-1.,-0.,-0.));
#8183 = DIRECTION('',(0.,0.,1.));
#8184 = ADVANCED_FACE('',(#8185),#8204,.F.);
#8185 = FACE_BOUND('',#8186,.T.);
#8186 = EDGE_LOOP('',(#8187,#8195,#8202,#8203));
#8187 = ORIENTED_EDGE('',*,*,#8188,.F.);
#8188 = EDGE_CURVE('',#8189,#4073,#8191,.T.);
#8189 = VERTEX_POINT('',#8190);
#8190 = CARTESIAN_POINT('',(75.55,-67.62,6.));
#8191 = LINE('',#8192,#8193);
#8192 = CARTESIAN_POINT('',(75.55,-67.62,6.));
#8193 = VECTOR('',#8194,1.);
#8194 = DIRECTION('',(-5.551115123126E-17,-1.,2.22044604925E-16));
#8195 = ORIENTED_EDGE('',*,*,#8196,.T.);
#8196 = EDGE_CURVE('',#8189,#8189,#8197,.T.);
#8197 = CIRCLE('',#8198,1.);
#8198 = AXIS2_PLACEMENT_3D('',#8199,#8200,#8201);
#8199 = CARTESIAN_POINT('',(74.55,-67.62,6.));
#8200 = DIRECTION('',(0.,1.,-2.22044604925E-16));
#8201 = DIRECTION('',(1.,0.,0.));
#8202 = ORIENTED_EDGE('',*,*,#8188,.T.);
#8203 = ORIENTED_EDGE('',*,*,#4072,.T.);
#8204 = CYLINDRICAL_SURFACE('',#8205,1.);
#8205 = AXIS2_PLACEMENT_3D('',#8206,#8207,#8208);
#8206 = CARTESIAN_POINT('',(74.55,-67.62,6.));
#8207 = DIRECTION('',(0.,-1.,2.22044604925E-16));
#8208 = DIRECTION('',(1.,0.,0.));
#8209 = ADVANCED_FACE('',(#8210),#8229,.F.);
#8210 = FACE_BOUND('',#8211,.T.);
#8211 = EDGE_LOOP('',(#8212,#8220,#8227,#8228));
#8212 = ORIENTED_EDGE('',*,*,#8213,.F.);
#8213 = EDGE_CURVE('',#8214,#4084,#8216,.T.);
#8214 = VERTEX_POINT('',#8215);
#8215 = CARTESIAN_POINT('',(241.5,-67.62,6.));
#8216 = LINE('',#8217,#8218);
#8217 = CARTESIAN_POINT('',(241.5,-67.62,6.));
#8218 = VECTOR('',#8219,1.);
#8219 = DIRECTION('',(-5.551115123126E-17,-1.,2.22044604925E-16));
#8220 = ORIENTED_EDGE('',*,*,#8221,.T.);
#8221 = EDGE_CURVE('',#8214,#8214,#8222,.T.);
#8222 = CIRCLE('',#8223,1.);
#8223 = AXIS2_PLACEMENT_3D('',#8224,#8225,#8226);
#8224 = CARTESIAN_POINT('',(240.5,-67.62,6.));
#8225 = DIRECTION('',(0.,1.,-2.22044604925E-16));
#8226 = DIRECTION('',(1.,0.,0.));
#8227 = ORIENTED_EDGE('',*,*,#8213,.T.);
#8228 = ORIENTED_EDGE('',*,*,#4083,.T.);
#8229 = CYLINDRICAL_SURFACE('',#8230,1.);
#8230 = AXIS2_PLACEMENT_3D('',#8231,#8232,#8233);
#8231 = CARTESIAN_POINT('',(240.5,-67.62,6.));
#8232 = DIRECTION('',(0.,-1.,2.22044604925E-16));
#8233 = DIRECTION('',(1.,0.,0.));
#8234 = ADVANCED_FACE('',(#8235,#8238),#8241,.T.);
#8235 = FACE_BOUND('',#8236,.T.);
#8236 = EDGE_LOOP('',(#8237));
#8237 = ORIENTED_EDGE('',*,*,#4243,.T.);
#8238 = FACE_BOUND('',#8239,.T.);
#8239 = EDGE_LOOP('',(#8240));
#8240 = ORIENTED_EDGE('',*,*,#5787,.F.);
#8241 = PLANE('',#8242);
#8242 = AXIS2_PLACEMENT_3D('',#8243,#8244,#8245);
#8243 = CARTESIAN_POINT('',(74.55,-125.62,6.));
#8244 = DIRECTION('',(0.,-1.,2.22044604925E-16));
#8245 = DIRECTION('',(-1.,0.,0.));
#8246 = ADVANCED_FACE('',(#8247,#8250),#8253,.T.);
#8247 = FACE_BOUND('',#8248,.T.);
#8248 = EDGE_LOOP('',(#8249));
#8249 = ORIENTED_EDGE('',*,*,#4268,.T.);
#8250 = FACE_BOUND('',#8251,.T.);
#8251 = EDGE_LOOP('',(#8252));
#8252 = ORIENTED_EDGE('',*,*,#5762,.F.);
#8253 = PLANE('',#8254);
#8254 = AXIS2_PLACEMENT_3D('',#8255,#8256,#8257);
#8255 = CARTESIAN_POINT('',(240.5,-125.62,6.));
#8256 = DIRECTION('',(0.,-1.,2.22044604925E-16));
#8257 = DIRECTION('',(-1.,0.,0.));
#8258 = ADVANCED_FACE('',(#8259),#8278,.T.);
#8259 = FACE_BOUND('',#8260,.F.);
#8260 = EDGE_LOOP('',(#8261,#8269,#8276,#8277));
#8261 = ORIENTED_EDGE('',*,*,#8262,.T.);
#8262 = EDGE_CURVE('',#5644,#8263,#8265,.T.);
#8263 = VERTEX_POINT('',#8264);
#8264 = CARTESIAN_POINT('',(233.5,-96.62,32.5));
#8265 = LINE('',#8266,#8267);
#8266 = CARTESIAN_POINT('',(233.5,-96.62,34.5));
#8267 = VECTOR('',#8268,1.);
#8268 = DIRECTION('',(0.,0.,-1.));
#8269 = ORIENTED_EDGE('',*,*,#8270,.T.);
#8270 = EDGE_CURVE('',#8263,#8263,#8271,.T.);
#8271 = CIRCLE('',#8272,4.);
#8272 = AXIS2_PLACEMENT_3D('',#8273,#8274,#8275);
#8273 = CARTESIAN_POINT('',(229.5,-96.62,32.5));
#8274 = DIRECTION('',(0.,0.,-1.));
#8275 = DIRECTION('',(1.,0.,0.));
#8276 = ORIENTED_EDGE('',*,*,#8262,.F.);
#8277 = ORIENTED_EDGE('',*,*,#5643,.F.);
#8278 = CYLINDRICAL_SURFACE('',#8279,4.);
#8279 = AXIS2_PLACEMENT_3D('',#8280,#8281,#8282);
#8280 = CARTESIAN_POINT('',(229.5,-96.62,34.5));
#8281 = DIRECTION('',(0.,0.,1.));
#8282 = DIRECTION('',(1.,0.,0.));
#8283 = ADVANCED_FACE('',(#8284),#8298,.T.);
#8284 = FACE_BOUND('',#8285,.T.);
#8285 = EDGE_LOOP('',(#8286,#8287,#8288,#8289,#8290,#8291,#8292,#8293,
    #8294,#8295,#8296,#8297));
#8286 = ORIENTED_EDGE('',*,*,#5830,.T.);
#8287 = ORIENTED_EDGE('',*,*,#5854,.T.);
#8288 = ORIENTED_EDGE('',*,*,#5878,.T.);
#8289 = ORIENTED_EDGE('',*,*,#5902,.T.);
#8290 = ORIENTED_EDGE('',*,*,#5926,.T.);
#8291 = ORIENTED_EDGE('',*,*,#5950,.T.);
#8292 = ORIENTED_EDGE('',*,*,#5974,.T.);
#8293 = ORIENTED_EDGE('',*,*,#6005,.F.);
#8294 = ORIENTED_EDGE('',*,*,#6022,.T.);
#8295 = ORIENTED_EDGE('',*,*,#6046,.T.);
#8296 = ORIENTED_EDGE('',*,*,#6070,.T.);
#8297 = ORIENTED_EDGE('',*,*,#6094,.F.);
#8298 = PLANE('',#8299);
#8299 = AXIS2_PLACEMENT_3D('',#8300,#8301,#8302);
#8300 = CARTESIAN_POINT('',(74.615296048232,-98.42520567804,36.));
#8301 = DIRECTION('',(0.,0.,1.));
#8302 = DIRECTION('',(1.,0.,0.));
#8303 = ADVANCED_FACE('',(#8304),#8317,.T.);
#8304 = FACE_BOUND('',#8305,.T.);
#8305 = EDGE_LOOP('',(#8306,#8307,#8308,#8309,#8310,#8311,#8312,#8313,
    #8314,#8315,#8316));
#8306 = ORIENTED_EDGE('',*,*,#6356,.T.);
#8307 = ORIENTED_EDGE('',*,*,#6380,.T.);
#8308 = ORIENTED_EDGE('',*,*,#6404,.T.);
#8309 = ORIENTED_EDGE('',*,*,#6428,.T.);
#8310 = ORIENTED_EDGE('',*,*,#6452,.T.);
#8311 = ORIENTED_EDGE('',*,*,#6476,.T.);
#8312 = ORIENTED_EDGE('',*,*,#6500,.T.);
#8313 = ORIENTED_EDGE('',*,*,#6524,.T.);
#8314 = ORIENTED_EDGE('',*,*,#6548,.T.);
#8315 = ORIENTED_EDGE('',*,*,#6572,.T.);
#8316 = ORIENTED_EDGE('',*,*,#6596,.F.);
#8317 = PLANE('',#8318);
#8318 = AXIS2_PLACEMENT_3D('',#8319,#8320,#8321);
#8319 = CARTESIAN_POINT('',(74.615296048232,-98.42520567804,36.));
#8320 = DIRECTION('',(0.,0.,1.));
#8321 = DIRECTION('',(1.,0.,0.));
#8322 = ADVANCED_FACE('',(#8323),#8329,.T.);
#8323 = FACE_BOUND('',#8324,.T.);
#8324 = EDGE_LOOP('',(#8325,#8326,#8327,#8328));
#8325 = ORIENTED_EDGE('',*,*,#6654,.T.);
#8326 = ORIENTED_EDGE('',*,*,#6678,.T.);
#8327 = ORIENTED_EDGE('',*,*,#6702,.T.);
#8328 = ORIENTED_EDGE('',*,*,#6726,.T.);
#8329 = PLANE('',#8330);
#8330 = AXIS2_PLACEMENT_3D('',#8331,#8332,#8333);
#8331 = CARTESIAN_POINT('',(74.615296048232,-98.42520567804,36.));
#8332 = DIRECTION('',(0.,0.,1.));
#8333 = DIRECTION('',(1.,0.,0.));
#8334 = ADVANCED_FACE('',(#8335,#8338),#8341,.F.);
#8335 = FACE_BOUND('',#8336,.F.);
#8336 = EDGE_LOOP('',(#8337));
#8337 = ORIENTED_EDGE('',*,*,#8270,.F.);
#8338 = FACE_BOUND('',#8339,.F.);
#8339 = EDGE_LOOP('',(#8340));
#8340 = ORIENTED_EDGE('',*,*,#6878,.T.);
#8341 = PLANE('',#8342);
#8342 = AXIS2_PLACEMENT_3D('',#8343,#8344,#8345);
#8343 = CARTESIAN_POINT('',(229.5,-96.62,32.5));
#8344 = DIRECTION('',(0.,0.,1.));
#8345 = DIRECTION('',(1.,0.,0.));
#8346 = ADVANCED_FACE('',(#8347,#8350),#8353,.T.);
#8347 = FACE_BOUND('',#8348,.T.);
#8348 = EDGE_LOOP('',(#8349));
#8349 = ORIENTED_EDGE('',*,*,#6913,.T.);
#8350 = FACE_BOUND('',#8351,.T.);
#8351 = EDGE_LOOP('',(#8352));
#8352 = ORIENTED_EDGE('',*,*,#8221,.F.);
#8353 = PLANE('',#8354);
#8354 = AXIS2_PLACEMENT_3D('',#8355,#8356,#8357);
#8355 = CARTESIAN_POINT('',(240.5,-67.62,6.));
#8356 = DIRECTION('',(0.,1.,-2.22044604925E-16));
#8357 = DIRECTION('',(1.,0.,0.));
#8358 = ADVANCED_FACE('',(#8359,#8362),#8365,.T.);
#8359 = FACE_BOUND('',#8360,.T.);
#8360 = EDGE_LOOP('',(#8361));
#8361 = ORIENTED_EDGE('',*,*,#6938,.T.);
#8362 = FACE_BOUND('',#8363,.T.);
#8363 = EDGE_LOOP('',(#8364));
#8364 = ORIENTED_EDGE('',*,*,#8196,.F.);
#8365 = PLANE('',#8366);
#8366 = AXIS2_PLACEMENT_3D('',#8367,#8368,#8369);
#8367 = CARTESIAN_POINT('',(74.55,-67.62,6.));
#8368 = DIRECTION('',(0.,1.,-2.22044604925E-16));
#8369 = DIRECTION('',(1.,0.,0.));
#8370 = ( GEOMETRIC_REPRESENTATION_CONTEXT(3) 
GLOBAL_UNCERTAINTY_ASSIGNED_CONTEXT((#8374)) 
GLOBAL_UNIT_ASSIGNED_CONTEXT((#8371,#8372,#8373)) REPRESENTATION_CONTEXT
('Context #1','3D Context with UNIT and UNCERTAINTY') );
#8371 = ( LENGTH_UNIT() NAMED_UNIT(*) SI_UNIT(.MILLI.,.METRE.) );
#8372 = ( NAMED_UNIT(*) PLANE_ANGLE_UNIT() SI_UNIT($,.RADIAN.) );
#8373 = ( NAMED_UNIT(*) SI_UNIT($,.STERADIAN.) SOLID_ANGLE_UNIT() );
#8374 = UNCERTAINTY_MEASURE_WITH_UNIT(LENGTH_MEASURE(1.E-04),#8371,
  'distance_accuracy_value','confusion accuracy');
#8375 = PRODUCT_RELATED_PRODUCT_CATEGORY('part',$,(#7));
#8376 = MECHANICAL_DESIGN_GEOMETRIC_PRESENTATION_REPRESENTATION('',(
    #8377),#8370);
#8377 = STYLED_ITEM('color',(#8378),#15);
#8378 = PRESENTATION_STYLE_ASSIGNMENT((#8379,#8385));
#8379 = SURFACE_STYLE_USAGE(.BOTH.,#8380);
#8380 = SURFACE_SIDE_STYLE('',(#8381));
#8381 = SURFACE_STYLE_FILL_AREA(#8382);
#8382 = FILL_AREA_STYLE('',(#8383));
#8383 = FILL_AREA_STYLE_COLOUR('',#8384);
#8384 = COLOUR_RGB('',9.803921802644E-02,0.439215698892,0.627451011593);
#8385 = CURVE_STYLE('',#8386,POSITIVE_LENGTH_MEASURE(0.1),#8387);
#8386 = DRAUGHTING_PRE_DEFINED_CURVE_FONT('continuous');
#8387 = COLOUR_RGB('',9.803921802644E-02,9.803921802644E-02,
  9.803921802644E-02);
ENDSEC;
END-ISO-10303-21;
